row,question,old_page,new_page,method,confidence,coverage,length_ratio,needs_owner_review,old_excerpt,new_excerpt
2,What are the agricultural census modalities?,6,7,page-only,high,1,1,no,"In this light, the WCA 2030 features discussion of three modalities for conducting a census, including the two most common census methodological approaches – namely, the classical approach, which is still widely used, and the modular approach introduced for the first time in the 2010 programme as a cost-effective approach to collecting a wider set of data. The third modality, introduced in the WCA 2020, is the combination of any of the above approaches with the use of administrative data. The “integrated census/ survey modality” has been excluded from the present programme to clearly distinguish the census from an agriculture structure survey (see paragraph 5.5).","In this light, the WCA 2030 features discussion of three modalities for conducting a census, including the two most common census methodological approaches – namely, the classical approach, which is still widely used, and the modular approach introduced for the first time in the 2010 programme as a cost-effective approach to collecting a wider set of data. The third modality, introduced in the WCA 2020, is the combination of any of the above approaches with the use of administrative data. The “integrated census/ survey modality” has been excluded from the present programme to clearly distinguish the census from an agriculture structure survey (see paragraph 5.5)."
3,What is a census modality?,48,50,page-only,high,1,1,no,"The distinguishing features lie in the design of the three modalities, rather than in whether complete enumeration is combined with sample enumeration. An overview of these three modalities for conducting the census is provided in the following sections. Table 9.1 in Chapter 9 of the World programme for the census of agriculture 2020.","The distinguishing features lie in the design of the three modalities, rather than in whether complete enumeration is combined with sample enumeration. An overview of these three modalities for conducting the census is provided in the following sections. Table 9.1 in Chapter 9 of the World programme for the census of agriculture 2020."
4,What are the additional items?,65,67,page-only,high,1,1,no,"The remaining items are classified as additional and are preferably covered in surveys or in supplementary modules under the modular approach, or in the long questionnaire under the short–long questionnaire concept of the classical approach. In countries with integrated census and survey programmes, the agricultural census is used mainly to collect structural, slow-changing items, while surveys are used to collect fast-changing, non-structural additional items. In some cases, however, it may be necessary to include non-structural items in the census, particularly when the census provides the only opportunity to collect such data, for example in the absence of ongoing agricultural surveys.","The remaining items are classified as additional and are preferably covered in surveys or in supplementary modules under the modular approach, or in the long questionnaire under the short–long questionnaire concept of the classical approach. In countries with integrated census and survey programmes, the agricultural census is used mainly to collect structural, slow-changing items, while surveys are used to collect fast-changing, non-structural additional items. In some cases, however, it may be necessary to include non-structural items in the census, particularly when the census provides the only opportunity to collect such data, for example in the absence of ongoing agricultural surveys."
5,What is the census reference year?,43,45,page-only,high,1,1,no,"The census reference year covers a 12-month period – usually a calendar year or an agricultural year – and generally encompasses the various time reference periods used for non-inventory items. Using the agricultural year can be advantageous, as respondents often think of their activities in seasonal terms and may therefore find it easier to recall information. The census reference day refers to a specific point in time, used for livestock numbers and other inventory items.","The census reference year covers a 12-month period – usually a calendar year or an agricultural year – and generally encompasses the various time reference periods used for non-inventory items. Using the agricultural year can be advantageous, as respondents often think of their activities in seasonal terms and may therefore find it easier to recall information. The census reference day refers to a specific point in time, used for livestock numbers and other inventory items."
6,What is the census reference day?,43,45,page-only,high,1,1,no,"The census reference day refers to a specific point in time, used for livestock numbers and other inventory items. Exceptions to these standard reference periods may apply. For example, in the case of population dynamics for certain types of livestock herds (Items 0509 to 0513), a reference period of less than 12 months may be appropriate.","The census reference day refers to a specific point in time, used for livestock numbers and other inventory items. Exceptions to these standard reference periods may apply. For example, in the case of population dynamics for certain types of livestock herds (Items 0509 to 0513), a reference period of less than 12 months may be appropriate."
7,How is land use classified?,81,83,page-only,high,1,1,no,"For the purposes of the agricultural census, it is recommended that nine basic land use classes be identified: • Land under temporary crops; • Land under temporary meadows and pastures; • Land temporarily fallow; • Land under permanent crops; • Land under permanent meadows and pastures; • Land under farm buildings and farmyards; • Forest and other wooded land; • Area used for aquaculture (including inland and coastal waters if part of the holding); • Other area not elsewhere classified. 7.2.13 Definitions of these land use classes are given in paragraphs 7.2.18–7.2.37. The area of the holding is classified according to its main land use.","For the purposes of the agricultural census, it is recommended that nine basic land use classes be identified: • Land under temporary crops; • Land under temporary meadows and pastures; • Land temporarily fallow; • Land under permanent crops; • Land under permanent meadows and pastures; • Land under farm buildings and farmyards; • Forest and other wooded land; • Area used for aquaculture (including inland and coastal waters if part of the holding); • Other area not elsewhere classified. 7.2.13 Definitions of these land use classes are given in paragraphs 7.2.18–7.2.37. The area of the holding is classified according to its main land use."
8,"What is the difference between classical, modular, and combined census approaches?",48,50,page-only,high,1,1,no,"5.4 For the purposes of this publication, three modalities are discussed, including the two basic methodological approaches: the classical approach and the modular approach, the latter introduced in the WCA 2010. The third modality involves the use of registers in combination with fieldwork data collection. The distinguishing features lie in the design of the three modalities, rather than in whether complete enumeration is combined with sample enumeration.","5.4 For the purposes of this publication, three modalities are discussed, including the two basic methodological approaches: the classical approach and the modular approach, the latter introduced in the WCA 2010. The third modality involves the use of registers in combination with fieldwork data collection. The distinguishing features lie in the design of the three modalities, rather than in whether complete enumeration is combined with sample enumeration."
9,What is the combined administrative data census modality?,6,7,page-only,high,1,1,no,"The third modality, introduced in the WCA 2020, is the combination of any of the above approaches with the use of administrative data. The “integrated census/ survey modality” has been excluded from the present programme to clearly distinguish the census from an agriculture structure survey (see paragraph 5.5). 1.24 The WCA 2030 maintains the notions of essential and additional items introduced by the previous programme.","The third modality, introduced in the WCA 2020, is the combination of any of the above approaches with the use of administrative data. The “integrated census/ survey modality” has been excluded from the present programme to clearly distinguish the census from an agriculture structure survey (see paragraph 5.5). 1.24 The WCA 2030 maintains the notions of essential and additional items introduced by the previous programme."
10,What are typical structural data collected in an agricultural census?,2,3,page-only,high,1,1,no,"1 Typical structural data collected in a census of agriculture are size of holding, land tenure, land use, crop area, irrigation, livestock numbers, labour and other agricultural inputs. In an agricultural census, data are collected at the holding-level, but some community-level data may also be collected. A census of agriculture typically involves the complete enumeration of all agricultural holdings to collect key structural data, sometimes complemented by the collection of more detailed information through sampling methods (e.g. census modules under the modular approach).","1 Typical structural data collected in a census of agriculture are size of holding, land tenure, land use, crop area, irrigation, livestock numbers, labour and other agricultural inputs. In an agricultural census, data are collected at the holding-level, but some community-level data may also be collected. A census of agriculture typically involves the complete enumeration of all agricultural holdings to collect key structural data, sometimes complemented by the collection of more detailed information through sampling methods (e.g. census modules under the modular approach)."
11,At what level are agricultural census data mainly collected?,2,3,page-only,high,1,1,no,"In an agricultural census, data are collected at the holding-level, but some community-level data may also be collected. A census of agriculture typically involves the complete enumeration of all agricultural holdings to collect key structural data, sometimes complemented by the collection of more detailed information through sampling methods (e.g. census modules under the modular approach). Complete enumeration ensures the preparation of adequate frames for inter-censal surveys, including rare crops and livestock species, generates data for small administrative units, and establishes benchmarks to improve current crop and livestock statistics.","In an agricultural census, data are collected at the holding-level, but some community-level data may also be collected. A census of agriculture typically involves the complete enumeration of all agricultural holdings to collect key structural data, sometimes complemented by the collection of more detailed information through sampling methods (e.g. census modules under the modular approach). Complete enumeration ensures the preparation of adequate frames for inter-censal surveys, including rare crops and livestock species, generates data for small administrative units, and establishes benchmarks to improve current crop and livestock statistics."
12,Why does WCA 2030 value complete enumeration in the agricultural census?,2,3,page-only,high,1,1,no,"Complete enumeration ensures the preparation of adequate frames for inter-censal surveys, including rare crops and livestock species, generates data for small administrative units, and establishes benchmarks to improve current crop and livestock statistics. BACKGROUND TO THE WORLD PROGRAMME FOR THE CENSUS OF AGRICULTURE 1.2 This publication presents guidelines for the WCA 2030, covering agricultural censuses to be carried out by countries between 2026 and 2035. It is the eleventh round in the decennial programme of agricultural censuses, which started in 1930.","Complete enumeration ensures the preparation of adequate frames for inter-censal surveys, including rare crops and livestock species, generates data for small administrative units, and establishes benchmarks to improve current crop and livestock statistics. BACKGROUND TO THE WORLD PROGRAMME FOR THE CENSUS OF AGRICULTURE 1.2 This publication presents guidelines for the WCA 2030, covering agricultural censuses to be carried out by countries between 2026 and 2035. It is the eleventh round in the decennial programme of agricultural censuses, which started in 1930."
13,What time period does the WCA 2030 cover?,2,3,page-only,high,1,1,no,"1.2 This publication presents guidelines for the WCA 2030, covering agricultural censuses to be carried out by countries between 2026 and 2035. It is the eleventh round in the decennial programme of agricultural censuses, which started in 1930. The 1930 and 1940 rounds were sponsored by the IIA.","1.2 This publication presents guidelines for the WCA 2030, covering agricultural censuses to be carried out by countries between 2026 and 2035. It is the eleventh round in the decennial programme of agricultural censuses, which started in 1930. The 1930 and 1940 rounds were sponsored by the IIA."
14,What are the three basic objectives of the WCA 2030 agricultural census?,4,5,page-only,high,1,1,no,"To provide data on the structure of agriculture, especially for small administrative units, rare events3 and to enable detailed cross-tabulations. b. To provide data to use as benchmarks for and reconciliation of current agricultural statistics. c. To provide frames for agricultural sample surveys.","To provide data on the structure of agriculture, especially for small administrative units, rare events3 and to enable detailed cross-tabulations. b. To provide data to use as benchmarks for and reconciliation of current agricultural statistics. c. To provide frames for agricultural sample surveys."
15,"A ministry wants to put crop production, prices and consumption into the decennial census. What WCA 2030 principle should guide the response?",6,7,page-only,high,1,1,no,"1.17 The census should therefore be conducted at least once every decade by complete enumeration, focusing only on structural items, while regular inter-censal sample surveys should use the census frame to complement the structural data from the census by collecting current and more detailed operational and performance holding-level data (e.g. crop and livestock production, production prices, food consumption, crop losses and farm labour data). 1.18 Integration between the agricultural census and the programme of agricultural surveys is achieved when the multiyear programme of statistical activities is well coordinated and each component is designed to provide the most appropriate data while avoiding duplication in data collection. 1.19 The main advantages of an integrated programme are: • It enables the planning and development of a comprehensive programme of statistical activities without duplication or the release of conflicting statistics, while ensuring the efficient and balanced use of available resources. • It ensures compatibility of concepts, definitions and classifications across different statistical activities, facilitating the interpretation and analysis of related data from multiple sources.","1.17 The census should therefore be conducted at least once every decade by complete enumeration, focusing only on structural items, while regular inter-censal sample surveys should use the census frame to complement the structural data from the census by collecting current and more detailed operational and performance holding-level data (e.g. crop and livestock production, production prices, food consumption, crop losses and farm labour data). 1.18 Integration between the agricultural census and the programme of agricultural surveys is achieved when the multiyear programme of statistical activities is well coordinated and each component is designed to provide the most appropriate data while avoiding duplication in data collection. 1.19 The main advantages of an integrated programme are: • It enables the planning and development of a comprehensive programme of statistical activities without duplication or the release of conflicting statistics, while ensuring the efficient and balanced use of available resources. • It ensures compatibility of concepts, definitions and classifications across different statistical activities, facilitating the interpretation and analysis of related data from multiple sources."
16,What does integration mean for the agricultural census and survey programme?,5,6,page-only,high,1,1,no,"Integration, in a statistical sense, means that the census and the programme of agricultural surveys are carefully planned and not carried out in isolation. The Strategic Plan for the Development of Agricultural and Rural Statistics (SPARS) seeks for the integration of agricultural census and surveys in the agricultural statistical system (see paragraph 2.57). FIGURE 1.1 THE CENSUS AND THE PROGRAMME OF AGRICULTURAL SURVEYS Crop production Post-harvest losses Production methods Livestock production Cost of production & production prices Crop marketing Population census Other data sources • Administrative records • Geospatial data • Other AGRICULTURAL SURVEYS AGRICULTURAL CENSUS SOURCE: Authors’ own elaboration.","Integration, in a statistical sense, means that the census and the programme of agricultural surveys are carefully planned and not carried out in isolation. The Strategic Plan for the Development of Agricultural and Rural Statistics (SPARS) seeks for the integration of agricultural census and surveys in the agricultural statistical system (see paragraph 2.57). FIGURE 1.1 THE CENSUS AND THE PROGRAMME OF AGRICULTURAL SURVEYS Crop production Post-harvest losses Production methods Livestock production Cost of production & production prices Crop marketing Population census Other data sources • Administrative records • Geospatial data • Other AGRICULTURAL SURVEYS AGRICULTURAL CENSUS SOURCE: Authors’ own elaboration."
18,Why can coordination between census and survey agencies be difficult?,6,7,page-only,high,1,1,no,"In such cases, coordination between the various agencies is essential, though sometimes difficult, as each agency may have a different mandate regarding the purpose, scope and timing of its work. 1.21 Many countries experience a shortage of trained statistical personnel and/or insufficient funds for statistical development and will require time to achieve an integrated census and survey programme. Nevertheless, it is recommended that all statistical development efforts support the long-term goal of providing a continuous flow of timely and accurate data covering all aspects of food, agriculture and rural development.","In such cases, coordination between the various agencies is essential, though sometimes difficult, as each agency may have a different mandate regarding the purpose, scope and timing of its work. 1.21 Many countries experience a shortage of trained statistical personnel and/or insufficient funds for statistical development and will require time to achieve an integrated census and survey programme. Nevertheless, it is recommended that all statistical development efforts support the long-term goal of providing a continuous flow of timely and accurate data covering all aspects of food, agriculture and rural development."
19,How should countries generally collect additional items?,7,8,page-only,high,1,1,no,"Additional items are available for countries that wish to collect more in-depth census data on specific themes, preferably on a sample basis (e.g. through supplementary modules under the modular approach or a long questionnaire), where detailed estimates at the smallest administrative level are not essential. 1.25 Even though it is recommended that census additional items be collected on a sample basis through census modules or a long questionnaire, some flexibility could be exercised with their collection by complete enumeration. It is important to note that, by definition, all essential items are structural, but the reciprocal is not true.","Additional items are available for countries that wish to collect more in-depth census data on specific themes, preferably on a sample basis (e.g. through supplementary modules under the modular approach or a long questionnaire), where detailed estimates at the smallest administrative level are not essential. 1.25 Even though it is recommended that census additional items be collected on a sample basis through census modules or a long questionnaire, some flexibility could be exercised with their collection by complete enumeration. It is important to note that, by definition, all essential items are structural, but the reciprocal is not true."
20,What should a census planner ask before adding an additional item to the questionnaire?,7,8,page-only,high,1,1,no,"Each additional item should therefore be included only after careful consideration of its utility (particularly for creating sampling frames for supplementary modules or follow-up surveys), the impossibility of obtaining it through other mechanisms, and the additional costs involved. The programme nonetheless introduces some new items and revisions to address the data needs expressed by countries and users (see paragraph 1.34). 1.26 Unlike the WCA 2020 that suggested a list of possible “frame” items, the WCA 2030 acknowledges that, depending on country needs, some essential and additional items could also be used for creating frames for sample-based census supplementary modules, the continuous programme of surveys, or ad hoc and specific surveys.","Each additional item should therefore be included only after careful consideration of its utility (particularly for creating sampling frames for supplementary modules or follow-up surveys), the impossibility of obtaining it through other mechanisms, and the additional costs involved. The programme nonetheless introduces some new items and revisions to address the data needs expressed by countries and users (see paragraph 1.34). 1.26 Unlike the WCA 2020 that suggested a list of possible “frame” items, the WCA 2030 acknowledges that, depending on country needs, some essential and additional items could also be used for creating frames for sample-based census supplementary modules, the continuous programme of surveys, or ad hoc and specific surveys."
21,Can additional items be used to build sampling frames?,7,8,page-only,high,1,1,no,"1.26 Unlike the WCA 2020 that suggested a list of possible “frame” items, the WCA 2030 acknowledges that, depending on country needs, some essential and additional items could also be used for creating frames for sample-based census supplementary modules, the continuous programme of surveys, or ad hoc and specific surveys. They should be collected through complete enumeration. In particular, in the modular approach, the core module should contain all essential items and also the additional items needed for building sampling frames for the supplementary modules.","1.26 Unlike the WCA 2020 that suggested a list of possible “frame” items, the WCA 2030 acknowledges that, depending on country needs, some essential and additional items could also be used for creating frames for sample-based census supplementary modules, the continuous programme of surveys, or ad hoc and specific surveys. They should be collected through complete enumeration. In particular, in the modular approach, the core module should contain all essential items and also the additional items needed for building sampling frames for the supplementary modules."
22,Which technologies does WCA 2030 highlight for census operations?,7,8,page-only,high,1,1,no,"This technological integration encompasses various data collection modes and modern technologies such as CAPI, internet-based data collection techniques (e.g. CAWI), georeferencing, geospatial data (e.g. Earth observation), and artificial intelligence (AI).","This technological integration encompasses various data collection modes and modern technologies such as CAPI, internet-based data collection techniques (e.g. CAWI), georeferencing, geospatial data (e.g. Earth observation), and artificial intelligence (AI)."
23,How does WCA 2030 distinguish a census from an agriculture structure survey?,8,9,page-only,high,1,1,no,"A census is a complete enumeration operation. 1.34 Data content • The present programme maintains two categories of census items introduced in the WCA 2020: essential and additional (see paragraph 1.24 above). Following an assessment of country practices during the 2020 census round, the present programme incorporates several changes in the list of census items.","A census is a complete enumeration operation. 1.34 Data content • The present programme maintains two categories of census items introduced in the WCA 2020: essential and additional (see paragraph 1.24 above). Following an assessment of country practices during the 2020 census round, the present programme incorporates several changes in the list of census items."
24,What happened to the WCA 2020 standalone theme on intrahousehold managerial decisions and ownership?,7,8,page-only,high,1,1,no,"In light of limited implementation, the theme on “Intrahousehold distribution of managerial decisions and ownership on the holding” (Theme 10 in the WCA 2020) has been discontinued as a stand-alone theme, with the relevant information now incorporated into other themes. 1.29 The WCA 2030 is complemented by the World programme for the census of agriculture 2020. Volume 2 Operational guidelines (FAO, 2018a). Since the focus of the WCA 2030 is on concepts, definitions and methodology, when operational aspects such as planning, implementation, use of resources and quality assurance are mentioned, the reader will be referred to the Operational guidelines for further information.","In light of limited implementation, the theme on “Intrahousehold distribution of managerial decisions and ownership on the holding” (Theme 10 in the WCA 2020) has been discontinued as a stand-alone theme, with the relevant information now incorporated into other themes. 1.29 The WCA 2030 is complemented by the World programme for the census of agriculture 2020. Volume 2 Operational guidelines (FAO, 2018a). Since the focus of the WCA 2030 is on concepts, definitions and methodology, when operational aspects such as planning, implementation, use of resources and quality assurance are mentioned, the reader will be referred to the Operational guidelines for further information."
25,Why was the household food security theme omitted from WCA 2030?,9,10,page-only,high,1,1,no,"In the second roster in the Livestock theme, for each livestock species, the number of animals by sex of the household member managing them (Item 0504) could be requested. • Theme 11 (Household food security) was omitted from the WCA 2030 because it is relevant to all households and not just households operating agricultural holdings. Another reason is that it is covered by household surveys to measure the Sustainable Development Goal (SDG) indicator 2.1.2 (FAO, 2017a). • The theme “Environment/GHG emissions” was covered less frequently by national censuses. Only Items 1501–1503 were covered by a limited number of countries.","In the second roster in the Livestock theme, for each livestock species, the number of animals by sex of the household member managing them (Item 0504) could be requested. • Theme 11 (Household food security) was omitted from the WCA 2030 because it is relevant to all households and not just households operating agricultural holdings. Another reason is that it is covered by household surveys to measure the Sustainable Development Goal (SDG) indicator 2.1.2 (FAO, 2017a). • The theme “Environment/GHG emissions” was covered less frequently by national censuses. Only Items 1501–1503 were covered by a limited number of countries."
26,Which three items changed from additional to essential in WCA 2030?,10,11,page-only,high,1,1,no,"Items that changed category • In the “Identification and general characteristics” theme, the item “Educational attainment of holder, spouse, and manager” (0107 in the WCA 2030) changed category from additional to essential item. In the “Agriculture practices” theme, the item “Selected machinery and equipment used on the holding by source” (0604) changed category from additional to essential item. Likewise, in the “Work on holding” theme, the item “Use of contractors for work on the holding according to type of service” (0905) changed category from additional to essential item.","Items that changed category • In the “Identification and general characteristics” theme, the item “Educational attainment of holder, spouse, and manager” (0107 in the WCA 2030) changed category from additional to essential item. In the “Agriculture practices” theme, the item “Selected machinery and equipment used on the holding by source” (0604) changed category from additional to essential item. Likewise, in the “Work on holding” theme, the item “Use of contractors for work on the holding according to type of service” (0905) changed category from additional to essential item."
27,What role does the census of agriculture play in a national agricultural statistical system?,12,13,page-only,high,1,1,no,"2.1 The census of agriculture is the principal means of collecting basic agricultural statistics in a country as part of an integrated programme of data collection and compilation aimed at providing a comprehensive source of statistical information for agricultural policy purposes, as well as for research, business and other uses, in addition to the usual statistical uses. 2.2 The census of agriculture provides a snapshot of agriculture in a country and an opportunity to identify trends or structural breaks in the sector as well as possible areas of intervention. Census data are used as a basis or benchmark for current statistics, but the value of these data is increased when the results are combined with the results of other investigations and used for planning and policy purposes, including areas of investment and informed business decisions.","2.1 The census of agriculture is the principal means of collecting basic agricultural statistics in a country as part of an integrated programme of data collection and compilation aimed at providing a comprehensive source of statistical information for agricultural policy purposes, as well as for research, business and other uses, in addition to the usual statistical uses. 2.2 The census of agriculture provides a snapshot of agriculture in a country and an opportunity to identify trends or structural breaks in the sector as well as possible areas of intervention. Census data are used as a basis or benchmark for current statistics, but the value of these data is increased when the results are combined with the results of other investigations and used for planning and policy purposes, including areas of investment and informed business decisions."
28,Why is a census valuable for identifying agricultural policy interventions?,12,13,page-only,high,1,1,no,"2.2 The census of agriculture provides a snapshot of agriculture in a country and an opportunity to identify trends or structural breaks in the sector as well as possible areas of intervention. Census data are used as a basis or benchmark for current statistics, but the value of these data is increased when the results are combined with the results of other investigations and used for planning and policy purposes, including areas of investment and informed business decisions. Often, stakeholders see the need for more in-depth studies of specific domains of the agricultural sector and rely on the census as the frame for focused sample surveys.","2.2 The census of agriculture provides a snapshot of agriculture in a country and an opportunity to identify trends or structural breaks in the sector as well as possible areas of intervention. Census data are used as a basis or benchmark for current statistics, but the value of these data is increased when the results are combined with the results of other investigations and used for planning and policy purposes, including areas of investment and informed business decisions. Often, stakeholders see the need for more in-depth studies of specific domains of the agricultural sector and rely on the census as the frame for focused sample surveys."
29,What are examples of policy areas where agricultural census data contribute directly?,13,14,page-only,high,1,1,no,"Other examples of planning and policy issues for which the agricultural census can contribute directly to this evidence-based process are: • Promoting agricultural production and investment to stimulate economic growth requires relevant census data. Key indicators include land tenure, labour inputs, the area of unutilized land suitable for agricultural production, average crop area per holding, average number of livestock per holding, access to credit and insurance, and the use of machinery and equipment. • Rural development. In countries where most of the rural population is engaged in agriculture, agricultural census data at low administrative levels and/or by agroecological zone – including the number of holdings, land tenure, holder’s age and sex, holder’s education, average agricultural area per holding, average number of livestock by type, type of farm labour inputs, use of machinery and equipment, and community-level data – are commonly used to inform rural development programmes.","Other examples of planning and policy issues for which the agricultural census can contribute directly to this evidence-based process are: • Promoting agricultural production and investment to stimulate economic growth requires relevant census data. Key indicators include land tenure, labour inputs, the area of unutilized land suitable for agricultural production, average crop area per holding, average number of livestock per holding, access to credit and insurance, and the use of machinery and equipment. • Rural development. In countries where most of the rural population is engaged in agriculture, agricultural census data at low administrative levels and/or by agroecological zone – including the number of holdings, land tenure, holder’s age and sex, holder’s education, average agricultural area per holding, average number of livestock by type, type of farm labour inputs, use of machinery and equipment, and community-level data – are commonly used to inform rural development programmes."
30,How might a food processor use agricultural census data?,14,15,page-only,high,1,1,no,"For example, a food processing company may use agricultural census data on the number of growers and the area of specific crops in each district to identify suitable locations for processing plants. An input supplier may analyse census data on input use to better understand market opportunities. Similarly, suppliers of farm machinery can use data on the area of each crop and the number of growers to assess the potential demand for their products.","For example, a food processing company may use agricultural census data on the number of growers and the area of specific crops in each district to identify suitable locations for processing plants. An input supplier may analyse census data on input use to better understand market opportunities. Similarly, suppliers of farm machinery can use data on the area of each crop and the number of growers to assess the potential demand for their products."
31,"If food security is omitted as a theme, how can census data still support food-security analysis?",14,15,page-only,high,1,1,no,"On the food availability side, however, data from the agricultural census support an understanding of the structure of the food production sector and the constraints faced by farmers in increasing production, as well as informing strategies to enhance agricultural productivity. Cropping patterns can be analysed alongside information on irrigation use, farm machinery and improved seed varieties to help develop programmes aimed at increasing food production. 2.9 The collection of community-level data (see Chapter 8) can also be especially useful in this area.","On the food availability side, however, data from the agricultural census support an understanding of the structure of the food production sector and the constraints faced by farmers in increasing production, as well as informing strategies to enhance agricultural productivity. Cropping patterns can be analysed alongside information on irrigation use, farm machinery and improved seed varieties to help develop programmes aimed at increasing food production. 2.9 The collection of community-level data (see Chapter 8) can also be especially useful in this area."
32,Why does the agricultural census use a long reference period for work data?,14,15,page-only,high,1,1,no,"Unlike conventional labour force surveys that provide work data using a short reference period (usually one week), the agricultural census uses a long reference period (usually one year) in order to better capture the seasonal character of agricultural activities. From this point of view, the agricultural census data complement the work data collected in some household-based surveys (labour force surveys, income and expenditure surveys, poverty monitoring surveys and living condition surveys) carried out by countries on a regular or ad hoc basis. In the absence of such surveys, the agricultural census fills important gaps in the national statistics on work.","Unlike conventional labour force surveys that provide work data using a short reference period (usually one week), the agricultural census uses a long reference period (usually one year) in order to better capture the seasonal character of agricultural activities. From this point of view, the agricultural census data complement the work data collected in some household-based surveys (labour force surveys, income and expenditure surveys, poverty monitoring surveys and living condition surveys) carried out by countries on a regular or ad hoc basis. In the absence of such surveys, the agricultural census fills important gaps in the national statistics on work."
33,How can census data help countries address agriculture and climate reporting?,15,16,page-only,high,1,1,no,"Countries can use data on farm production methods and land use, to estimate GHG emissions and monitor the achievement of their targets. Considering the need for significant increases in capacity development to improve the data collection and analysis related to climate change the WCA 2030 highlights the variables that can be collected to enhance UNFCCC reporting, while introducing the possibility for countries to establish the baseline for such reports and can provide frame information for designing and conducting periodic sample surveys to collect data necessary for estimation of GHG emissions from the agricultural sector and calculation of other agroenvironmental indicators.","Countries can use data on farm production methods and land use, to estimate GHG emissions and monitor the achievement of their targets. Considering the need for significant increases in capacity development to improve the data collection and analysis related to climate change the WCA 2030 highlights the variables that can be collected to enhance UNFCCC reporting, while introducing the possibility for countries to establish the baseline for such reports and can provide frame information for designing and conducting periodic sample surveys to collect data necessary for estimation of GHG emissions from the agricultural sector and calculation of other agroenvironmental indicators."
34,What gender-related role does the agricultural census play?,16,17,page-only,high,1,1,no,"The agricultural census plays an important role in providing gender-disaggregated data related to agriculture, supporting the monitoring of progress towards gender equality goals. 2.22 The contribution of women to agricultural development is often not well understood owing to a lack of data and the challenges in accurately measuring their involvement in agricultural production activities. The agricultural census can serve as an important tool for studying the social and cultural dimensions of agricultural and rural development as they relate to women, the distribution of agricultural work within households, and the interactions among household members in the management and operation of agricultural holdings.","The agricultural census plays an important role in providing gender-disaggregated data related to agriculture, supporting the monitoring of progress towards gender equality goals. 2.22 The contribution of women to agricultural development is often not well understood owing to a lack of data and the challenges in accurately measuring their involvement in agricultural production activities. The agricultural census can serve as an important tool for studying the social and cultural dimensions of agricultural and rural development as they relate to women, the distribution of agricultural work within households, and the interactions among household members in the management and operation of agricultural holdings."
35,Why is simply identifying a holder not enough for all gender analysis?,16,17,page-only,high,1,1,no,"Overall, the gender 4 related items include: sex of the agricultural holder (essential Item 0104); household size by sex and age group (essential Item 0106); sex of manager other than the holder (additional Item 0115); sex of the household member managing the parcel (additional Item 0207); number of animals by sex of the household member managing them (additional Item 0504); work on the holding for each household member of working age, including sex (Items 0901 and 0902); and number of employees on the holding by working time and sex (Item 0903). This information is essential for supporting more targeted policies and programmes. 2.24 Data on work inputs and employment characteristics collected in Theme 9 for each household member can be used to study the responsibilities of women for work on and off the holding.","Overall, the gender 4 related items include: sex of the agricultural holder (essential Item 0104); household size by sex and age group (essential Item 0106); sex of manager other than the holder (additional Item 0115); sex of the household member managing the parcel (additional Item 0207); number of animals by sex of the household member managing them (additional Item 0504); work on the holding for each household member of working age, including sex (Items 0901 and 0902); and number of employees on the holding by working time and sex (Item 0903). This information is essential for supporting more targeted policies and programmes. 2.24 Data on work inputs and employment characteristics collected in Theme 9 for each household member can be used to study the responsibilities of women for work on and off the holding."
36,Why is the agricultural census a strong baseline source for development projects?,16,17,page-only,high,1,1,no,"An agricultural census provides detailed structural data for small geographic areas, making it an ideal source of baseline data. 4 UN (2025) emphasizes that sex and gender are different concepts, although the two are often used interchangeably. Sex is a demographic item that is a biological attribute whereby persons are traditionally classified as either male or female, while gender is a social construct that refers to the roles, behaviours, activities, and attributes that a particular society associates with being a man or a woman.","An agricultural census provides detailed structural data for small geographic areas, making it an ideal source of baseline data. 4 UN (2025) emphasizes that sex and gender are different concepts, although the two are often used interchangeably. Sex is a demographic item that is a biological attribute whereby persons are traditionally classified as either male or female, while gender is a social construct that refers to the roles, behaviours, activities, and attributes that a particular society associates with being a man or a woman."
38,What weakness of administrative reporting systems does the census address?,17,18,page-only,high,1,1,no,"This system of data collection is cheap and easy, but data quality often suffers because of poor reporting and the lack of sound and standard statistical concepts and procedures. Furthermore, measurement errors cannot be easily quantified. In these circumstances, a census","This system of data collection is cheap and easy, but data quality often suffers because of poor reporting and the lack of sound and standard statistical concepts and procedures. Furthermore, measurement errors cannot be easily quantified. In these circumstances, a census"
39,Can a decennial census replace current agricultural statistics?,18,19,page-only,high,1,1,no,"Benchmarking data for agricultural statistics 2.32 A decennial agricultural census cannot be used as a source of current agricultural statistics because it does not provide data frequently enough. However, the agricultural census can provide a reliable benchmark for improving current crop and livestock statistics. 2.33 For crops, the agricultural census usually provides the most reliable data available on the area of each crop at each administrative level for the census reference year.","Benchmarking data for agricultural statistics 2.32 A decennial agricultural census cannot be used as a source of current agricultural statistics because it does not provide data frequently enough. However, the agricultural census can provide a reliable benchmark for improving current crop and livestock statistics. 2.33 For crops, the agricultural census usually provides the most reliable data available on the area of each crop at each administrative level for the census reference year."
40,"When census crop or livestock data conflict with current statistics, what should be examined?",18,19,page-only,high,1,1,no,"Countries should seek to quantify these and any other statistical factors to explain the reasons for discrepancies in the data. 2.36 In the end, discrepancies between data from the agricultural census and the current statistics may come down to differences in the data collection methodologies and the quality of data associated with each data source. This especially applies in places where the current agricultural statistics are based on administrative reports.","Countries should seek to quantify these and any other statistical factors to explain the reasons for discrepancies in the data. 2.36 In the end, discrepancies between data from the agricultural census and the current statistics may come down to differences in the data collection methodologies and the quality of data associated with each data source. This especially applies in places where the current agricultural statistics are based on administrative reports."
41,What is a sampling frame?,18,19,page-only,high,1,1,no,A sampling frame is a list of units to be sampled. The census can serve this purpose in two ways: • Providing frames for each of the surveys in the agricultural survey programme. • Providing information for building the master sampling frame (MSF).,A sampling frame is a list of units to be sampled. The census can serve this purpose in two ways: • Providing frames for each of the surveys in the agricultural survey programme. • Providing information for building the master sampling frame (MSF).
42,Why is complete enumeration useful for rare crops or livestock species?,19,20,page-only,high,1,1,no,"In addition, the census, through complete enumeration, provides a frame for rare crops or livestock species. 2.39 Existing sampling frames need to be updated, and censuses like the population and the agricultural census are crucial in bringing them up to date at the point in time of the agricultural census. 2.40 The Global Strategy to Improve Agricultural and Rural Statistics advocates for the building of an MSF (FAO, 2015b), which is a general-purpose sampling frame created from a population and housing census and/or an agricultural census, for use in selecting samples for different surveys or different rounds of a periodic survey.","In addition, the census, through complete enumeration, provides a frame for rare crops or livestock species. 2.39 Existing sampling frames need to be updated, and censuses like the population and the agricultural census are crucial in bringing them up to date at the point in time of the agricultural census. 2.40 The Global Strategy to Improve Agricultural and Rural Statistics advocates for the building of an MSF (FAO, 2015b), which is a general-purpose sampling frame created from a population and housing census and/or an agricultural census, for use in selecting samples for different surveys or different rounds of a periodic survey."
43,What is a distinguishing feature of a master sampling frame?,19,20,page-only,high,1,1,no,"The MSF’s distinguishing feature is that it enables samples to be drawn for several different surveys or different rounds of the same survey, which makes it possible to avoid building an ad hoc frame for each survey. In the context of the Global Strategy to Improve Agricultural and Rural Statistics, MSF is a frame – or a combination of frames – that covers the population of interest in its entirety, and that enables the linkage of the farm (holding) as an economic unit to the household as a social unit, and both of these to the land as an environmental unit. MSFs are designed to enable the integration of agriculture into the national statistical system by establishing a closer link between results from different statistical processes and units (FAO, 2015b) The statistical farm register 2.42 Another important aim of the agricultural census is being a first step for establishing a statistical farm register.","The MSF’s distinguishing feature is that it enables samples to be drawn for several different surveys or different rounds of the same survey, which makes it possible to avoid building an ad hoc frame for each survey. In the context of the Global Strategy to Improve Agricultural and Rural Statistics, MSF is a frame – or a combination of frames – that covers the population of interest in its entirety, and that enables the linkage of the farm (holding) as an economic unit to the household as a social unit, and both of these to the land as an environmental unit. MSFs are designed to enable the integration of agriculture into the national statistical system by establishing a closer link between results from different statistical processes and units (FAO, 2015b) The statistical farm register 2.42 Another important aim of the agricultural census is being a first step for establishing a statistical farm register."
44,What early census-planning decision is needed if the census will establish a statistical farm register?,20,21,page-only,high,1,1,no,"A decision on establishing a statistical farm register from the census – and on the updating procedure – must be taken early in the census planning process. If the census is to serve this purpose, the census forms must include fields for relevant identification keys, such as cadastral parcel numbers or tax codes. Data on structure of agriculture in the small administrative units 2.46 The complete enumeration provided by the census enables the collection of structural information for small administrative units like districts, municipalities, villages, etc.","A decision on establishing a statistical farm register from the census – and on the updating procedure – must be taken early in the census planning process. If the census is to serve this purpose, the census forms must include fields for relevant identification keys, such as cadastral parcel numbers or tax codes. Data on structure of agriculture in the small administrative units 2.46 The complete enumeration provided by the census enables the collection of structural information for small administrative units like districts, municipalities, villages, etc."
45,Why are census data important for small administrative units?,20,21,page-only,high,1,1,no,"Data on structure of agriculture in the small administrative units 2.46 The complete enumeration provided by the census enables the collection of structural information for small administrative units like districts, municipalities, villages, etc. The census is usually the unique opportunity to reach such a small level of disaggregation of structural data. Such data cannot be provided from sample surveys because of high sampling errors or because no sample is selected in these small administrative units.","Data on structure of agriculture in the small administrative units 2.46 The complete enumeration provided by the census enables the collection of structural information for small administrative units like districts, municipalities, villages, etc. The census is usually the unique opportunity to reach such a small level of disaggregation of structural data. Such data cannot be provided from sample surveys because of high sampling errors or because no sample is selected in these small administrative units."
46,What confidentiality risk arises in small administrative-unit tabulations?,20,21,page-only,high,1,1,no,"For example, a large farm or a holding raising a special species of animal or a specific crop could be easily identified in a small administrative unit. Each country must put special care into the selection of items to be presented at this level of disaggregation. As discussed in Chapter 9, special attention is given to data confidentiality and disclosure control in the tabulation of agricultural census results.","For example, a large farm or a holding raising a special species of animal or a specific crop could be easily identified in a small administrative unit. Each country must put special care into the selection of items to be presented at this level of disaggregation. As discussed in Chapter 9, special attention is given to data confidentiality and disclosure control in the tabulation of agricultural census results."
47,What is a rare event in the WCA 2030 context?,20,21,page-only,high,1,1,no,"Rare events are those for which reliable data cannot be obtained through sample surveys due to their infrequent occurrence. 2.50 In Chapter 1 of the present programme, the provision of data on rare events is incorporated as a basic census objective. Rare events, as defined, are increasingly gaining economic and research importance, thanks to new technologies and globalization that increase the cultivation of new varieties and the breeding of non-traditional animals in the country.","Rare events are those for which reliable data cannot be obtained through sample surveys due to their infrequent occurrence. 2.50 In Chapter 1 of the present programme, the provision of data on rare events is incorporated as a basic census objective. Rare events, as defined, are increasingly gaining economic and research importance, thanks to new technologies and globalization that increase the cultivation of new varieties and the breeding of non-traditional animals in the country."
48,Is the agricultural census a primary data source for SDG monitoring?,23,24,page-only,high,1,1,no,"While the census of agriculture is not considered a primary data source for tracking SDGs, it can play a supportive role in the development of indicators for SDG 2 and SDG 5 (“Achieve gender equality and empower all women and girls”) in the absence of relevant household surveys and administrative sources. 2.67 While the SDG indicators are only valid until 2030, it is important to recognize that the contribution of the census of agriculture may remain relevant beyond the 2030 Agenda, when a new sustainable development plan should be agreed with possibly a similar set of indicators. Specifically, the census can provide partial data to monitor SDG target 5.a addressing ownership or secure rights over agricultural land (FAO, 2017a) and SDG target 2.3 relating to the productivity and income of smallholders.5 More specifically, the census of agriculture can provide some data for several SDG indicators: • 2.3.1: Volume of production per labour unit by classes of farming/pastoral/forestry enterprise size; • 2.3.2: Average income of small-scale food producers, by sex and Indigenous status; • 5.a.1.a: Proportion of total agricultural population with ownership or secure rights over agricultural land, by sex; and • 5.a.1.b: Share of women among owners or rights bearers of agricultural land, by type of tenure.","While the census of agriculture is not considered a primary data source for tracking SDGs, it can play a supportive role in the development of indicators for SDG 2 and SDG 5 (“Achieve gender equality and empower all women and girls”) in the absence of relevant household surveys and administrative sources. 2.67 While the SDG indicators are only valid until 2030, it is important to recognize that the contribution of the census of agriculture may remain relevant beyond the 2030 Agenda, when a new sustainable development plan should be agreed with possibly a similar set of indicators. Specifically, the census can provide partial data to monitor SDG target 5.a addressing ownership or secure rights over agricultural land (FAO, 2017a) and SDG target 2.3 relating to the productivity and income of smallholders.5 More specifically, the census of agriculture can provide some data for several SDG indicators: • 2.3.1: Volume of production per labour unit by classes of farming/pastoral/forestry enterprise size; • 2.3.2: Average income of small-scale food producers, by sex and Indigenous status; • 5.a.1.a: Proportion of total agricultural population with ownership or secure rights over agricultural land, by sex; and • 5.a.1.b: Share of women among owners or rights bearers of agricultural land, by type of tenure."
49,How does the 50x2030 Initiative use the census of agriculture?,22,23,page-only,high,1,1,no,"This initiative focuses on improving country-level rural and agricultural data by implementing an improved AGRISurvey methodology (see above), using the census of agriculture as the frame. 2.61 The initiative also supports the countries’ production of four priority indicators, three from SDG 2, namely 2.3.1 (labour productivity), 2.3.2 (small holder income), 2.4.1 (land under sustainable production), and one from SDG 5, 5.a.1 (women’s ownership of agricultural land); and three additional SDG indicators: 1.4.2 (land tenure rights), 12.3.1 (food loss index) and 1.5.2 (economic loss attributed to disasters). 2.62 Low and lower-middle-income countries benefiting from the initiative are those expressing demand and showing leadership.","This initiative focuses on improving country-level rural and agricultural data by implementing an improved AGRISurvey methodology (see above), using the census of agriculture as the frame. 2.61 The initiative also supports the countries’ production of four priority indicators, three from SDG 2, namely 2.3.1 (labour productivity), 2.3.2 (small holder income), 2.4.1 (land under sustainable production), and one from SDG 5, 5.a.1 (women’s ownership of agricultural land); and three additional SDG indicators: 1.4.2 (land tenure rights), 12.3.1 (food loss index) and 1.5.2 (economic loss attributed to disasters). 2.62 Low and lower-middle-income countries benefiting from the initiative are those expressing demand and showing leadership."
50,What is the general WCA 2030 position on coordinating the agricultural census with other censuses?,24,25,page-only,high,1,1,no,"3.1 In the WCA 2030, as in previous programmes, emphasis is placed on coordinating the census of agriculture with other censuses. This chapter discusses the ways in which such coordination can be achieved. It is not possible, however, to provide a single set of recommendations applicable to all countries, as national circumstances differ.","3.1 In the WCA 2030, as in previous programmes, emphasis is placed on coordinating the census of agriculture with other censuses. This chapter discusses the ways in which such coordination can be achieved. It is not possible, however, to provide a single set of recommendations applicable to all countries, as national circumstances differ."
51,What is one benefit of linking population and agricultural census data?,24,25,page-only,high,1,1,no,"Such linkage can significantly enhance the analytical value of both datasets and generate cost savings in data collection. As many demographic and activity status items collected in the population and housing census overlap with those in the agricultural census, establishing a connection between the two eliminates the need for duplication. This approach also enables the production of comprehensive cross-tabulations without redundant data collection.","Such linkage can significantly enhance the analytical value of both datasets and generate cost savings in data collection. As many demographic and activity status items collected in the population and housing census overlap with those in the agricultural census, establishing a connection between the two eliminates the need for duplication. This approach also enables the production of comprehensive cross-tabulations without redundant data collection."
52,Why does linkage with the population census not cover all agricultural holdings?,25,26,page-only,high,1,1,no,"However, because the population and housing census covers only households and not enterprises, the linkage applies exclusively to agricultural holdings in the household sector. Holdings in the non-household sector must therefore be addressed separately. Statistical units in the agricultural and population censuses 3.6 The statistical unit of the census of agriculture is the agricultural holding, defined as an economic unit of agricultural production under single management, comprising all livestock kept and all land used wholly or partly for agricultural production, regardless of title, legal form or size (see paragraphs 4.2–4.3).","However, because the population and housing census covers only households and not enterprises, the linkage applies exclusively to agricultural holdings in the household sector. Holdings in the non-household sector must therefore be addressed separately. Statistical units in the agricultural and population censuses 3.6 The statistical unit of the census of agriculture is the agricultural holding, defined as an economic unit of agricultural production under single management, comprising all livestock kept and all land used wholly or partly for agricultural production, regardless of title, legal form or size (see paragraphs 4.2–4.3)."
53,What statistical unit is common to both population and agricultural censuses?,25,26,page-only,high,1,1,no,"The unit common to both censuses is therefore the household engaged in own-account agricultural activities. This linkage is particularly relevant in many developing countries where most agricultural production takes place within the household sector. In most cases, there is only one agricultural holding per household, and this one-to-one correspondence enables the linking of the two censuses.","The unit common to both censuses is therefore the household engaged in own-account agricultural activities. This linkage is particularly relevant in many developing countries where most agricultural production takes place within the household sector. In most cases, there is only one agricultural holding per household, and this one-to-one correspondence enables the linking of the two censuses."
54,What identifier strategy does WCA 2030 suggest when linking agricultural and population census units?,25,26,page-only,high,1,1,no,"The most direct approach is to assign the same identifier to each household in both censuses, which is feasible when the agricultural census is based on a list frame derived from the population and housing census. When there is a one-to-one correspondence between the household and the holding, the matching is straightforward. However, when a holding is managed by multiple households or when one household manages several holdings, linking units can be more complex – particularly if there is a time gap between the two censuses.","The most direct approach is to assign the same identifier to each household in both censuses, which is feasible when the agricultural census is based on a list frame derived from the population and housing census. When there is a one-to-one correspondence between the household and the holding, the matching is straightforward. However, when a holding is managed by multiple households or when one household manages several holdings, linking units can be more complex – particularly if there is a time gap between the two censuses."
56,"Why are occupation, employment status and industry from the population census insufficient for an agricultural census frame?",27,28,page-only,high,1,1,no,"3.14 Therefore, the combination of these three core topics does not yield an accurate or complete list of farm households. However, they may still serve as a starting point for the listing exercise of the agricultural census. This initial household list is useful only if the agricultural census is conducted shortly after the population census; otherwise, the household list quickly becomes outdated and must be updated.","3.14 Therefore, the combination of these three core topics does not yield an accurate or complete list of farm households. However, they may still serve as a starting point for the listing exercise of the agricultural census. This initial household list is useful only if the agricultural census is conducted shortly after the population census; otherwise, the household list quickly becomes outdated and must be updated."
57,What two agricultural screening topics are recommended for a population census frame?,27,28,page-only,high,1,1,no,"Two topics are recommended. The first involves collecting information to determine whether the household was engaged in any form of own-account agricultural production (i.e. crop and/or livestock) during the year preceding the population census day. If so, the second topic gathers key data on farm size – such as the land area used for agricultural production and the number of livestock (for the main livestock species) – on the census reference day.","Two topics are recommended. The first involves collecting information to determine whether the household was engaged in any form of own-account agricultural production (i.e. crop and/or livestock) during the year preceding the population census day. If so, the second topic gathers key data on farm size – such as the land area used for agricultural production and the number of livestock (for the main livestock species) – on the census reference day."
58,Why might screening items be collected during the pre-census listing phase?,28,29,page-only,high,1,1,no,"3.19 Alternatively, the two screening items may be collected during the pre-census listing phase of the population census to avoid overburdening the questionnaire. This approach has the added advantage of allowing the frame for the census of agriculture to be compiled directly from the listing exercise, without the need to wait for the processing of the population census questionnaire. 3.20 Information on forestry, fishery and aquaculture activities may also be collected through the population and housing census when these activities are of significance at the household level in a given country.","3.19 Alternatively, the two screening items may be collected during the pre-census listing phase of the population census to avoid overburdening the questionnaire. This approach has the added advantage of allowing the frame for the census of agriculture to be compiled directly from the listing exercise, without the need to wait for the processing of the population census questionnaire. 3.20 Information on forestry, fishery and aquaculture activities may also be collected through the population and housing census when these activities are of significance at the household level in a given country."
59,Is adding a full agriculture module to the population census generally recommended?,28,29,passage-match,high,0.99,1,no,"However, this practice may overburden the population and housing census questionnaire and is therefore not recommended. The additional data are generally used to more precisely characterise the frame of households engaged in agricultural activity and to define a threshold for the forthcoming census of agriculture. Module data – such as area of holding, number of livestock and type of land tenure – constitute auxiliary information that can also be used to enhance the sampling design and stratification of agricultural surveys.","However, this practice may overburden the population and housing census questionnaire and is therefore not recommended. The additional data are generally used to more precisely characterize the frame of households engaged in agricultural activity and to define a threshold for the forthcoming census of agriculture. Module data – such as area of holding, number of livestock and type of land tenure – constitute auxiliary information that can also be used to enhance the sampling design and stratification of agricultural surveys."
60,"If the core agricultural census module is attached to the population census, what should it avoid?",29,30,page-only,high,1,1,no,"It should not duplicate items already covered in the population census questionnaire, such as demographic and economic activity status data (e.g. household size, age, sex, occupation). The two censuses as a joint operation 3.28 A few countries conduct the population and housing census and the agricultural census as a joint field operation. This may take the form of an agriculture module inserted into the population census questionnaire (as in some Pacific Island countries) or two separate questionnaires (as in Canada and Georgia), in order to maintain distinct identities.","It should not duplicate items already covered in the population census questionnaire, such as demographic and economic activity status data (e.g. household size, age, sex, occupation). The two censuses as a joint operation 3.28 A few countries conduct the population and housing census and the agricultural census as a joint field operation. This may take the form of an agriculture module inserted into the population census questionnaire (as in some Pacific Island countries) or two separate questionnaires (as in Canada and Georgia), in order to maintain distinct identities."
61,What is a major risk of conducting the population and agricultural censuses as a joint field operation?,30,31,page-only,high,1,1,no,"Finally, this approach increases the burden on enumerators and respondents, which may negatively affect data quality. COMBINING THE CENSUS OF AGRICULTURE WITH THE CENSUS OF AQUACULTURE 3.30 There remains strong demand for structural data on aquaculture, and many countries are interested in linking aquaculture with agriculture by conducting the agricultural and aquacultural censuses together. Aquacultural data may be collected in the agricultural census by including a limited number of items on aquacultural production for agricultural holdings that also engage in aquaculture.","Finally, this approach increases the burden on enumerators and respondents, which may negatively affect data quality. COMBINING THE CENSUS OF AGRICULTURE WITH THE CENSUS OF AQUACULTURE 3.30 There remains strong demand for structural data on aquaculture, and many countries are interested in linking aquaculture with agriculture by conducting the agricultural and aquacultural censuses together. Aquacultural data may be collected in the agricultural census by including a limited number of items on aquacultural production for agricultural holdings that also engage in aquaculture."
62,How can agricultural and aquacultural censuses be combined?,30,31,page-only,high,1,1,no,"Statistically, the two censuses are separate, but operationally, they can often be combined into a single field enumeration system, particularly in the case of freshwater, inland aquaculture or in the case of integrated aquaculture. Such a joint census is referred to as a “census of agriculture and aquaculture”. 3.32 Aquaculture is the farming of aquatic organisms such as fish, crustaceans, molluscs and plants, as opposed to other forms of aquatic exploitation such as capture fishing.","Statistically, the two censuses are separate, but operationally, they can often be combined into a single field enumeration system, particularly in the case of freshwater, inland aquaculture or in the case of integrated aquaculture. Such a joint census is referred to as a “census of agriculture and aquaculture”. 3.32 Aquaculture is the farming of aquatic organisms such as fish, crustaceans, molluscs and plants, as opposed to other forms of aquatic exploitation such as capture fishing."
63,What must be adjusted when designing a joint agriculture and aquaculture questionnaire?,31,32,page-only,high,1,1,no,"3.39 An important aspect of integrating the agricultural and aquacultural censuses is the use of common items, concepts and definitions across both. Minor adjustments may be required to ensure that certain items apply to both agricultural and aquacultural holdings. For example, the term “agricultural holder” used in Item 0104 “Sex of agricultural holder” and Item 0105 “Age of agricultural holder” could be revised to “Sex of holder” and “Age of holder” to refer to the decision-maker of either an agricultural or aquacultural holding.","3.39 An important aspect of integrating the agricultural and aquacultural censuses is the use of common items, concepts and definitions across both. Minor adjustments may be required to ensure that certain items apply to both agricultural and aquacultural holdings. For example, the term “agricultural holder” used in Item 0104 “Sex of agricultural holder” and Item 0105 “Age of agricultural holder” could be revised to “Sex of holder” and “Age of holder” to refer to the decision-maker of either an agricultural or aquacultural holding."
64,Why can the agricultural census be related to the economic census?,32,34,page-only,high,1,1,no,"3.45 The agricultural census is a component of the overall economic statistical system based on the SNA and ISIC (see Annex 1). Under SNA, all economic activities in a country are divided into industries, such as agriculture, manufacturing, etc. In designing their national statistical systems, countries usually carry out a series of industry-specific economic censuses or conduct regular economy-wide censuses covering all industries.","3.45 The agricultural census is a component of the overall economic statistical system based on the SNA and ISIC (see Annex 1). Under SNA, all economic activities in a country are divided into industries, such as agriculture, manufacturing, etc. In designing their national statistical systems, countries usually carry out a series of industry-specific economic censuses or conduct regular economy-wide censuses covering all industries."
65,Are units engaged only in forestry covered by the agricultural census?,33,34,page-only,high,1,1,no,"Forestry is classified as an economic activity under Division 02 of the ISIC and is therefore not covered by the census of agriculture unless the holding also engages in crop or livestock production. Forestry activities fall under ISIC Group 021 (silviculture and other forestry activities), Group 022 (logging), Group 023 (gathering of non-wood forest products) and Group 024 (support services to forestry, including the execution of forestry operations on a fee or contract basis). 3.48 As in previous programmes, the WCA 2030 offers a forestry theme of five additional items (see Theme 11 in Annex 4) for countries wishing to include a module to collect some forestry data, preferably on a sample basis, from agricultural holdings.","Forestry is classified as an economic activity under Division 02 of the ISIC and is therefore not covered by the census of agriculture unless the holding also engages in crop or livestock production. Forestry activities fall under ISIC Group 021 (silviculture and other forestry activities), Group 022 (logging), Group 023 (gathering of non-wood forest products) and Group 024 (support services to forestry, including the execution of forestry operations on a fee or contract basis). 3.48 As in previous programmes, the WCA 2030 offers a forestry theme of five additional items (see Theme 11 in Annex 4) for countries wishing to include a module to collect some forestry data, preferably on a sample basis, from agricultural holdings."
66,Are capture fishing activities inside the agricultural census scope?,34,35,page-only,high,1,1,no,"Therefore, capture fishing activities, which fall under ISIC Group 031, are classified as separate economic activities and remain outside the scope of the agricultural census. Since the WCA 2020, the census programme has included a fishing theme comprising seven additional items (see Theme 12 in Annex 4) for countries that wish to include a module to collect selected fishing data – preferably on a sample basis – from agricultural holdings. 3.51 Despite this, in some countries there is still demand for data on household subsistence fishing.","Therefore, capture fishing activities, which fall under ISIC Group 031, are classified as separate economic activities and remain outside the scope of the agricultural census. Since the WCA 2020, the census programme has included a fishing theme comprising seven additional items (see Theme 12 in Annex 4) for countries that wish to include a module to collect selected fishing data – preferably on a sample basis – from agricultural holdings. 3.51 Despite this, in some countries there is still demand for data on household subsistence fishing."
67,Why is a widened census for households with woodland or own-account fishing not the preferred case?,33,35,page-only,high,1,1,no,"It should be noted that the latter is more complex to implement and less cost-effective; therefore, Case A in Table 3.2 is generally preferred. TABLE 3.2 A FORESTRY MODULE IN THE CENSUS OF AGRICULTURE A. Typical census of agricultureA.","It should be noted that the latter is more complex to implement and less cost-effective; therefore, Case A in Table 3.2 is generally preferred. TABLE 3.2 A FORESTRY MODULE IN THE CENSUS OF AGRICULTURE A. Typical census of agricultureA."
68,What is the core WCA 2030 definition of an agricultural holding?,37,39,page-only,high,1,1,no,"4.3 The definition of an agricultural holding remains the same as in previous programmes; that is: “An agricultural holding is an economic unit of agricultural production under single management, comprising all livestock kept and all land used wholly or partly for agricultural production purposes, regardless of title, legal form or size. Single management may be exercised by an individual or household, jointly by two or more individuals or households, by a clan or tribe, or by a juridical person such as a corporation, cooperative or government agency. The holding’s land may consist of one or more parcels, located in one or more separate areas or in one or more territorial or administrative divisions, provided the parcels share the same means of production, such as labour, farm buildings, machinery or draught animals.” 4.4 For information on the relationship between an agricultural holding and the national accounting framework, refer to Annex 1.","4.3 The definition of an agricultural holding remains the same as in previous programmes; that is: “An agricultural holding is an economic unit of agricultural production under single management, comprising all livestock kept and all land used wholly or partly for agricultural production purposes, regardless of title, legal form or size. Single management may be exercised by an individual or household, jointly by two or more individuals or households, by a clan or tribe, or by a juridical person such as a corporation, cooperative or government agency. The holding’s land may consist of one or more parcels, located in one or more separate areas or in one or more territorial or administrative divisions, provided the parcels share the same means of production, such as labour, farm buildings, machinery or draught animals.” 4.4 For information on the relationship between an agricultural holding and the national accounting framework, refer to Annex 1."
69,What is the household concept based on?,38,40,page-only,high,1,1,no,"4.6 “The concept of ‘household’ is based on the arrangements that a person or a group of persons make to provide themselves with food and other essentials for living. A household may be either: a one-person household, where a person makes provision for their own food and other essentials for living without combining with any other to form a multi-person household; or a multi-person household, which consists of a group of two or more persons living together who make joint provision for food and other essentials for living. Members of such a group may pool their resources, share a common budget, and may be related or unrelated to each other.’’ (UN, 2025, see paragraph 2.41).","4.6 “The concept of ‘household’ is based on the arrangements that a person or a group of persons make to provide themselves with food and other essentials for living. A household may be either: a one-person household, where a person makes provision for their own food and other essentials for living without combining with any other to form a multi-person household; or a multi-person household, which consists of a group of two or more persons living together who make joint provision for food and other essentials for living. Members of such a group may pool their resources, share a common budget, and may be related or unrelated to each other.’’ (UN, 2025, see paragraph 2.41)."
70,Can a household and an agricultural holding generally be treated as one unit in the household sector?,38,40,page-only,high,1,1,no,"4.8 For the household sector, there is typically a one-to-one correspondence between an agricultural holding and a household engaged in own-account agricultural production (whether for sale or own use). In other words, all own-account agricultural production activities carried out by members of a given household are usually undertaken under single management. Managing agricultural production activities often goes hand in hand with making common arrangements for food and other essentials, pooling incomes and operating under a shared household budget.","4.8 For the household sector, there is typically a one-to-one correspondence between an agricultural holding and a household engaged in own-account agricultural production (whether for sale or own use). In other words, all own-account agricultural production activities carried out by members of a given household are usually undertaken under single management. Managing agricultural production activities often goes hand in hand with making common arrangements for food and other essentials, pooling incomes and operating under a shared household budget."
71,"If a country defines household-sector holdings as equivalent to households, what must it do in dissemination?",39,41,page-only,high,1,1,no,"The definition of the holding (see paragraph 4.3) and the coverage of the agricultural census (see paragraphs 4.29–4.32) should be clearly stated in census dissemination products to support accurate interpretation of the data. 4.12 Care must be taken when defining the statistical unit for the non-household sector. Corporations and government institutions may have complex structures, with different activities carried out by different parts of the organization.","The definition of the holding (see paragraph 4.3) and the coverage of the agricultural census (see paragraphs 4.29–4.32) should be clearly stated in census dissemination products to support accurate interpretation of the data. 4.12 Care must be taken when defining the statistical unit for the non-household sector. Corporations and government institutions may have complex structures, with different activities carried out by different parts of the organization."
72,How should far-apart parcels be treated if they cannot realistically share production inputs?,39,41,page-only,high,1,1,no,"Therefore, land parcels situated hundreds of kilometres apart should not be considered part of the same holding, if they cannot realistically share the same inputs. Countries should review how this definition applies in their local context. Some may choose to define a holding as confined to a single administrative unit, such as a district or province.","Therefore, land parcels situated hundreds of kilometres apart should not be considered part of the same holding, if they cannot realistically share the same inputs. Countries should review how this definition applies in their local context. Some may choose to define a holding as confined to a single administrative unit, such as a district or province."
73,How is a field distinguished from a parcel?,40,42,page-only,high,1,1,no,"A field is a piece of land within a parcel, separated from the rest of the parcel by easily recognisable demarcation lines, such as paths, cadastral boundaries, fences, waterways or hedges. A field may contain one or more plots. A plot is a part or the whole of a field on which a specific crop or crop mixture is cultivated, or which is left fallow or is awaiting planting.","A field is a piece of land within a parcel, separated from the rest of the parcel by easily recognisable demarcation lines, such as paths, cadastral boundaries, fences, waterways or hedges. A field may contain one or more plots. A plot is a part or the whole of a field on which a specific crop or crop mixture is cultivated, or which is left fallow or is awaiting planting."
74,What is a plot?,40,42,page-only,high,1,1,no,"A plot is a part or the whole of a field on which a specific crop or crop mixture is cultivated, or which is left fallow or is awaiting planting. AGRICULTURAL HOLDER 4.21 The agricultural holder is defined as the civil person, group of civil persons or juridical person who makes the key decisions regarding resource use and exercises management control over the operation of the agricultural holding. The holder has technical and economic responsibility for the holding and may either assume all responsibilities directly or delegate the day-to-day management tasks to a manager.","A plot is a part or the whole of a field on which a specific crop or crop mixture is cultivated, or which is left fallow or is awaiting planting. AGRICULTURAL HOLDER 4.21 The agricultural holder is defined as the civil person, group of civil persons or juridical person who makes the key decisions regarding resource use and exercises management control over the operation of the agricultural holding. The holder has technical and economic responsibility for the holding and may either assume all responsibilities directly or delegate the day-to-day management tasks to a manager."
75,Why is asking only who the main decision-maker is sometimes inadequate?,41,43,passage-match,high,0.98,1,no,"A single question such as “Who is the main decision-maker for the holding?” may be insufficient. It may be necessary to ask a series of questions about each household member, their work on the holding and their role in its management. Special attention should be given to ensuring that the role of women is adequately recognised when identifying the agricultural holder.","A single question such as “Who is the main decision-maker for the holding?” may be insufficient. It may be necessary to ask a series of questions about each household member, their work on the holding and their role in its management. Special attention should be given to ensuring that the role of women is adequately recognized when identifying the agricultural holder."
76,What production activities define the core scope of the agricultural census?,41,43,page-only,high,1,1,no,"Previous agricultural census programmes have adopted a narrower definition, focusing only on units engaged in the production of crop and livestock products. This approach remains valid for the 2030 round of agricultural censuses. Units engaged solely in forestry, fishing or aquaculture are not covered, unless they also undertake some crop or livestock production.","Previous agricultural census programmes have adopted a narrower definition, focusing only on units engaged in the production of crop and livestock products. This approach remains valid for the 2030 round of agricultural censuses. Units engaged solely in forestry, fishing or aquaculture are not covered, unless they also undertake some crop or livestock production."
77,Are agroprocessing and post-harvest crop activities generally inside the agricultural census scope?,41,43,page-only,high,1,1,no,"However, support activities to agriculture and post-harvest crop activities – such as agroprocessing – fall outside the scope of the agricultural census (see paragraph 4.26). Previous agricultural census programmes have adopted a narrower definition, focusing only on units engaged in the production of crop and livestock products. This approach remains valid for the 2030 round of agricultural censuses.","However, support activities to agriculture and post-harvest crop activities – such as agroprocessing – fall outside the scope of the agricultural census (see paragraph 4.26). Previous agricultural census programmes have adopted a narrower definition, focusing only on units engaged in the production of crop and livestock products. This approach remains valid for the 2030 round of agricultural censuses."
78,Which ISIC Rev. 5 groups define the agricultural census scope?,41,43,page-only,high,1,1,no,"The scope of an agricultural census may be defined under ISIC (Rev.5) (see Annex 2) as follows: • Group 011: Growing of non-perennial crops • Group 012: Growing of perennial crops • Group 013: Plant propagation • Group 014: Animal production • Group 015: Mixed farming 4.27 Units merely producing agricultural services, such as agroprocessing and other post-harvest crop activities, fall under ISIC Group 016 (see Annex 1) and are generally not included within the scope of the agricultural census. The scope should be clearly stated in the census dissemination products to help in the interpretation of data (see paragraph 4.11). 4.28 However, it is recognized that other activities outside the agricultural production industry, such as aquaculture (ISIC Group 032) and forestry (ISIC Groups 021–024), are becoming increasingly important in many parts of the world.","The scope of an agricultural census may be defined under ISIC (Rev.5) (see Annex 2) as follows: • Group 011: Growing of non-perennial crops • Group 012: Growing of perennial crops • Group 013: Plant propagation • Group 014: Animal production • Group 015: Mixed farming 4.27 Units merely producing agricultural services, such as agroprocessing and other post-harvest crop activities, fall under ISIC Group 016 (see Annex 1) and are generally not included within the scope of the agricultural census. The scope should be clearly stated in the census dissemination products to help in the interpretation of data (see paragraph 4.11). 4.28 However, it is recognized that other activities outside the agricultural production industry, such as aquaculture (ISIC Group 032) and forestry (ISIC Groups 021–024), are becoming increasingly important in many parts of the world."
79,What downstream risk occurs when census coverage excludes some geographic areas or holding types?,42,44,page-only,high,1,1,no,"Thus, an agricultural production survey based on an agricultural census frame will not cover the census out-of-coverage units, and agricultural production estimates from the survey will be affected accordingly. 4.32 It is very important that countries clearly specify the coverage in the presentation of agricultural census results. When certain geographic areas are excluded or certain holding types are omitted, this should be highlighted in the census dissemination products to help users interpret and analyse the results.","Thus, an agricultural production survey based on an agricultural census frame will not cover the census out-of-coverage units, and agricultural production estimates from the survey will be affected accordingly. 4.32 It is very important that countries clearly specify the coverage in the presentation of agricultural census results. When certain geographic areas are excluded or certain holding types are omitted, this should be highlighted in the census dissemination products to help users interpret and analyse the results."
80,How should excluded areas or omitted holding types be handled in published results?,42,44,page-only,high,1,1,no,"4.32 It is very important that countries clearly specify the coverage in the presentation of agricultural census results. When certain geographic areas are excluded or certain holding types are omitted, this should be highlighted in the census dissemination products to help users interpret and analyse the results. CUT-OFF THRESHOLD 4.33 Many countries apply a minimum size limit for the inclusion of units in the census.","4.32 It is very important that countries clearly specify the coverage in the presentation of agricultural census results. When certain geographic areas are excluded or certain holding types are omitted, this should be highlighted in the census dissemination products to help users interpret and analyse the results. CUT-OFF THRESHOLD 4.33 Many countries apply a minimum size limit for the inclusion of units in the census."
81,What makes a good minimum size threshold?,42,44,page-only,high,1,1,no,"In all cases, the threshold criteria should be simple, clearly defined and stated in the census report, so that they are well understood by census personnel, respondents and users. Complex thresholds should be avoided. A simple threshold facilitates implementation in the CAPI application used by enumerators and improves the clarity and usability of the census results.","In all cases, the threshold criteria should be simple, clearly defined and stated in the census report, so that they are well understood by census personnel, respondents and users. Complex thresholds should be avoided. A simple threshold facilitates implementation in the CAPI application used by enumerators and improves the clarity and usability of the census results."
82,Why should planners be cautious about excluding very small holdings?,42,44,page-only,high,1,1,no,"However, in many developing countries, small-scale agriculture makes a significant contribution to household food supplies and is often an important source of supplementary income. In some countries, almost all households engage in own-account agricultural production, such as keeping a few chickens or maintaining a small family or kitchen garden (see paragraph 7.2.29 for more on land used for kitchen gardens). Including small holdings is also important to reflect women’s participation in agricultural work (see paragraphs 2.21–2.24).","However, in many developing countries, small-scale agriculture makes a significant contribution to household food supplies and is often an important source of supplementary income. In some countries, almost all households engage in own-account agricultural production, such as keeping a few chickens or maintaining a small family or kitchen garden (see paragraph 7.2.29 for more on land used for kitchen gardens). Including small holdings is also important to reflect women’s participation in agricultural work (see paragraphs 2.21–2.24)."
83,What alternative does WCA 2030 give to excluding all small units outright?,42,44,page-only,high,1,1,no,"4.35 An alternative to setting minimum size limits is to include all units regardless of size, but to ask only a limited number of questions for small units. This approach is straightforward when – as is often the case – the agricultural census frame is based on a list of households and initial screening questions are used to identify agricultural holdings. In such cases, the following approach may be applied: • First, ask questions about crops and livestock needed to identify all agricultural production units, regardless of size.","4.35 An alternative to setting minimum size limits is to include all units regardless of size, but to ask only a limited number of questions for small units. This approach is straightforward when – as is often the case – the agricultural census frame is based on a list of households and initial screening questions are used to identify agricultural holdings. In such cases, the following approach may be applied: • First, ask questions about crops and livestock needed to identify all agricultural production units, regardless of size."
84,What are the two main reference periods of the agricultural census?,43,45,page-only,high,1,1,no,"4.37 The census has two main reference periods: the census reference year and the census reference day. The census reference year covers a 12-month period – usually a calendar year or an agricultural year – and generally encompasses the various time reference periods used for non-inventory items. Using the agricultural year can be advantageous, as respondents often think of their activities in seasonal terms and may therefore find it easier to recall information.","4.37 The census has two main reference periods: the census reference year and the census reference day. The census reference year covers a 12-month period – usually a calendar year or an agricultural year – and generally encompasses the various time reference periods used for non-inventory items. Using the agricultural year can be advantageous, as respondents often think of their activities in seasonal terms and may therefore find it easier to recall information."
85,What is the census reference day used for?,43,45,page-only,high,1,1,no,"The census reference day refers to a specific point in time, used for livestock numbers and other inventory items. Exceptions to these standard reference periods may apply. For example, in the case of population dynamics for certain types of livestock herds (Items 0509 to 0513), a reference period of less than 12 months may be appropriate.","The census reference day refers to a specific point in time, used for livestock numbers and other inventory items. Exceptions to these standard reference periods may apply. For example, in the case of population dynamics for certain types of livestock herds (Items 0509 to 0513), a reference period of less than 12 months may be appropriate."
86,When does WCA 2030 encourage countries to conduct their census?,43,45,page-only,high,1,1,no,"Countries are further encouraged to conduct their agricultural census in 2030 or as close as possible to that year, to support meaningful international comparisons. Nonetheless, the timing of a country’s census ultimately depends on several factors, including administrative and financial considerations. 4.40 Countries should particularly consider the timing implications of the population and housing census, especially when coordination between the two censuses is planned.","Countries are further encouraged to conduct their agricultural census in 2030 or as close as possible to that year, to support meaningful international comparisons. Nonetheless, the timing of a country’s census ultimately depends on several factors, including administrative and financial considerations. 4.40 Countries should particularly consider the timing implications of the population and housing census, especially when coordination between the two censuses is planned."
87,Why should census planning consider election calendars?,44,46,page-only,high,1,1,no,"It is advisable to conduct the census sufficiently distant from major elections to avoid conflicts and reduce the risk of misunderstandings that could affect respondent cooperation and data accuracy. 4.43 The timing of the census of agriculture may be affected by unforeseen events, such as the COVID-19 pandemic. Some countries were better able to address the challenges posed by the pandemic, largely due to prior advancements in national statistical systems, the adoption of various information and communications technology (ICT) solutions, and the use of administrative registers as sources of census data.","It is advisable to conduct the census sufficiently distant from major elections to avoid conflicts and reduce the risk of misunderstandings that could affect respondent cooperation and data accuracy. 4.43 The timing of the census of agriculture may be affected by unforeseen events, such as the COVID-19 pandemic. Some countries were better able to address the challenges posed by the pandemic, largely due to prior advancements in national statistical systems, the adoption of various information and communications technology (ICT) solutions, and the use of administrative registers as sources of census data."
88,How long should the enumeration period ideally be?,44,46,passage-match,high,0.99,1,no,"Ideally, it should not exceed one month, to minimise errors in certain census items that may arise from variability in events such as employment in agriculture or livestock movement, even when a precise reference date or period is used. CONTENT OF THE AGRICULTURAL CENSUS 4.47 The agricultural census continues to play a key role in collecting structural statistics on the agricultural sector and in providing the baseline and frame for agricultural surveys – including intermediate agricultural structure surveys – as the decennial census alone cannot capture rapid changes in some types of data (e.g. non-structural data such as production, prices and farm labour). It is important to recall that the census should be limited to providing data that cannot be obtained through sample surveys or administrative systems.","Ideally, it should not exceed one month, to minimize errors in certain census items that may arise from variability in events such as employment in agriculture or livestock movement, even when a precise reference date or period is used. CONTENT OF THE AGRICULTURAL CENSUS 4.47 The agricultural census continues to play a key role in collecting structural statistics on the agricultural sector and in providing the baseline and frame for agricultural surveys – including intermediate agricultural structure surveys – as the decennial census alone cannot capture rapid changes in some types of data (e.g. non-structural data such as production, prices and farm labour). It is important to recall that the census should be limited to providing data that cannot be obtained through sample surveys or administrative systems."
89,What content should be prioritized in the agricultural census?,44,46,page-only,high,1,1,no,"Its content should focus on structural data and items required for survey frames, rare events, data for small administrative units and benchmarking purposes. 4.48 In addition to the items covered in Chapters 6 and 7, other important data should be included in the census questionnaire. For example, identification keys are necessary to integrate data from other sources and to enable record linkage.","Its content should focus on structural data and items required for survey frames, rare events, data for small administrative units and benchmarking purposes. 4.48 In addition to the items covered in Chapters 6 and 7, other important data should be included in the census questionnaire. For example, identification keys are necessary to integrate data from other sources and to enable record linkage."
90,Why should identification keys be included in the census questionnaire?,44,46,page-only,high,1,1,no,"For example, identification keys are necessary to integrate data from other sources and to enable record linkage. Georeferencing of holdings supports fieldwork, facilitates the presentation of results and allows agricultural census data to be linked to relevant GIS databases (see next section). The name of the respondent (Item 0102) is also required for supervisory follow-up during or after fieldwork, and for verifying census coverage through post-enumeration surveys.","For example, identification keys are necessary to integrate data from other sources and to enable record linkage. Georeferencing of holdings supports fieldwork, facilitates the presentation of results and allows agricultural census data to be linked to relevant GIS databases (see next section). The name of the respondent (Item 0102) is also required for supervisory follow-up during or after fieldwork, and for verifying census coverage through post-enumeration surveys."
91,What is the risk of carrying forward non-structural items from previous censuses automatically?,45,47,page-only,high,1,1,no,"Non-structural items 8 should not be carried over automatically from one census to the next without reviewing their continued relevance to current data needs and the suitability of the associated concepts and definitions. Some countries tend to build census questionnaires by accumulating items from previous rounds, a practice that often results in overly lengthy questionnaires, increased respondent burden, unnecessary costs and reduced overall data quality. • The need for data for international comparisons. The recommended essential items will provide the basis for FAO to make a global assessment of agricultural holdings.","Non-structural items 8 should not be carried over automatically from one census to the next without reviewing their continued relevance to current data needs and the suitability of the associated concepts and definitions. Some countries tend to build census questionnaires by accumulating items from previous rounds, a practice that often results in overly lengthy questionnaires, increased respondent burden, unnecessary costs and reduced overall data quality. • The need for data for international comparisons. The recommended essential items will provide the basis for FAO to make a global assessment of agricultural holdings."
92,What are the three broad phases for developing and conducting the census?,45,47,page-only,high,1,1,no,"Volume 2 Operational guidelines (FAO, 2018a). Figure 4.1 shows the steps in a sequential order, although in practice most steps are implemented simultaneously (in parallel with others). The steps and associated activities are grouped in three phases: • Phase 1 is the most time-consuming phase and often underestimated by countries in terms of duration and resources.","Volume 2 Operational guidelines (FAO, 2018a). Figure 4.1 shows the steps in a sequential order, although in practice most steps are implemented simultaneously (in parallel with others). The steps and associated activities are grouped in three phases: • Phase 1 is the most time-consuming phase and often underestimated by countries in terms of duration and resources."
93,Which census development phase is most often underestimated?,45,47,page-only,high,1,1,no,"The steps and associated activities are grouped in three phases: • Phase 1 is the most time-consuming phase and often underestimated by countries in terms of duration and resources. It covers planning of the census, methodology, legal and institutional framework, work plan and budgeting, census frame, tabulation programme, and design and testing of questionnaires, enumeration manuals and data processing systems. • Phase 2 relates to the preparation of census fieldwork, recruitment of field staff, training, implementation of data collection, and the post-enumeration survey (PES). • Phase 3 refers to the census data processing and archiving, data analysis, reporting and dissemination, and the reconciliation of discrepancies between current statistics and the new census results. 8 As mentioned in Chapter 1 (Figure 1.1) and paragraph 1.16, non-structural data are fast-changing data (e.g. agricultural production, quantities of agricultural inputs, household income and expenditure, and agricultural prices) that are collected by agricultural sample surveys, reporting systems or other sources.","The steps and associated activities are grouped in three phases: • Phase 1 is the most time-consuming phase and often underestimated by countries in terms of duration and resources. It covers planning of the census, methodology, legal and institutional framework, work plan and budgeting, census frame, tabulation programme, and design and testing of questionnaires, enumeration manuals and data processing systems. • Phase 2 relates to the preparation of census fieldwork, recruitment of field staff, training, implementation of data collection, and the post-enumeration survey (PES). • Phase 3 refers to the census data processing and archiving, data analysis, reporting and dissemination, and the reconciliation of discrepancies between current statistics and the new census results. 8 As mentioned in Chapter 1 (Figure 1.1) and paragraph 1.16, non-structural data are fast-changing data (e.g. agricultural production, quantities of agricultural inputs, household income and expenditure, and agricultural prices) that are collected by agricultural sample surveys, reporting systems or other sources."
94,Why should a sample-based agricultural structure operation not be called a census under WCA 2030?,48,50,page-only,high,1,1,no,"By contrast, a sample-based operation or agriculture structure survey cannot provide data for every population unit, generate data for the smallest administrative units and rare events, or fully support the creation of adequate survey frames. Nonetheless, combining complete and sample enumeration offers a cost-effective alternative and is discussed further below (see paragraph 5.35). THE CLASSICAL APPROACH 5.6 The classical approach may be considered a census conducted as a single, one-off operation in which all essential items are recorded.","By contrast, a sample-based operation or agriculture structure survey cannot provide data for every population unit, generate data for the smallest administrative units and rare events, or fully support the creation of adequate survey frames. Nonetheless, combining complete and sample enumeration offers a cost-effective alternative and is discussed further below (see paragraph 5.35). THE CLASSICAL APPROACH 5.6 The classical approach may be considered a census conducted as a single, one-off operation in which all essential items are recorded."
95,Which two basic methodological approaches are discussed for the census?,48,50,page-only,high,1,1,no,"5.4 For the purposes of this publication, three modalities are discussed, including the two basic methodological approaches: the classical approach and the modular approach, the latter introduced in the WCA 2010. The third modality involves the use of registers in combination with fieldwork data collection. The distinguishing features lie in the design of the three modalities, rather than in whether complete enumeration is combined with sample enumeration.","5.4 For the purposes of this publication, three modalities are discussed, including the two basic methodological approaches: the classical approach and the modular approach, the latter introduced in the WCA 2010. The third modality involves the use of registers in combination with fieldwork data collection. The distinguishing features lie in the design of the three modalities, rather than in whether complete enumeration is combined with sample enumeration."
96,What is the classical approach?,48,50,page-only,high,1,1,no,"5.6 The classical approach may be considered a census conducted as a single, one-off operation in which all essential items are recorded. This approach is suitable for countries that have an integrated census and survey programme or that wish to collect additional items at lower administrative levels. It typically uses a single questionnaire that includes all essential items (see paragraph 6.8) and may also include additional items (see paragraph 6.15 and Annex 4) that the country requires at the same low geographical level to generate reliable statistics for small administrative units.","5.6 The classical approach may be considered a census conducted as a single, one-off operation in which all essential items are recorded. This approach is suitable for countries that have an integrated census and survey programme or that wish to collect additional items at lower administrative levels. It typically uses a single questionnaire that includes all essential items (see paragraph 6.8) and may also include additional items (see paragraph 6.15 and Annex 4) that the country requires at the same low geographical level to generate reliable statistics for small administrative units."
97,"In a classical census, what happens if too many additional items are added?",48,50,page-only,high,1,1,no,"However, the questionnaire should not be overburdened with an excessive number of additional items, as this may affect the overall quality of the census. The classical approach should focus on collecting a coherent and manageable set of items. Chapter 10 of the World programme for the census of agriculture 2020.","However, the questionnaire should not be overburdened with an excessive number of additional items, as this may affect the overall quality of the census. The classical approach should focus on collecting a coherent and manageable set of items. Chapter 10 of the World programme for the census of agriculture 2020."
98,"In the short-long questionnaire model, what must the short questionnaire contain?",49,51,page-only,high,1,1,no,"In this case, the short questionnaire should contain all the essential items recommended by the WCA 2030 and relevant items needed to build the frames for the programme of agricultural surveys. The long questionnaire should encompass additional items to be collected from a sample of holdings (e.g. one in every ten holdings or holdings within a sample of enumeration areas)10 or holdings identified according to specific criteria, for example those above a defined threshold or belonging to a particular population segment. Both the short and long questionnaires are completed during the same field visit and use the same reference period.","In this case, the short questionnaire should contain all the essential items recommended by the WCA 2030 and relevant items needed to build the frames for the programme of agricultural surveys. The long questionnaire should encompass additional items to be collected from a sample of holdings (e.g. one in every ten holdings or holdings within a sample of enumeration areas)10 or holdings identified according to specific criteria, for example those above a defined threshold or belonging to a particular population segment. Both the short and long questionnaires are completed during the same field visit and use the same reference period."
99,What is the modular approach?,49,51,page-only,high,1,1,no,"5.8 The modular approach consists of a clearly defined core module and one or more supplementary thematic modules, with the items collected in the core module used to construct the frame for the sample-based Supplementary modules. This approach is suitable for countries that do not have a well-established agricultural survey system. For these countries, the modular approach may serve as a logical first step towards establishing an integrated system of agricultural censuses and surveys.","5.8 The modular approach consists of a clearly defined core module and one or more supplementary thematic modules, with the items collected in the core module used to construct the frame for the sample-based Supplementary modules. This approach is suitable for countries that do not have a well-established agricultural survey system. For these countries, the modular approach may serve as a logical first step towards establishing an integrated system of agricultural censuses and surveys."
100,For what type of country is the modular approach especially suitable?,49,51,page-only,high,1,1,no,"This approach is suitable for countries that do not have a well-established agricultural survey system. For these countries, the modular approach may serve as a logical first step towards establishing an integrated system of agricultural censuses and surveys. In the absence of a survey programme, this approach enables the collection of a greater range of in-depth data (additional items) in the supplementary modules 11 using sampling methods to provide data not required at lower administrative levels.","This approach is suitable for countries that do not have a well-established agricultural survey system. For these countries, the modular approach may serve as a logical first step towards establishing an integrated system of agricultural censuses and surveys. In the absence of a survey programme, this approach enables the collection of a greater range of in-depth data (additional items) in the supplementary modules 11 using sampling methods to provide data not required at lower administrative levels."
101,"Under the modular approach, how should the core module be enumerated?",50,52,page-only,high,1,1,no,"Accordingly, all essential items and the relevant frame-building items should be collected from all agricultural holdings in the core module. 5.11 The sample-based supplementary thematic modules use the frame generated from the core module to target specific populations. These may include all holdings, holdings above a certain size or subsets of agricultural holdings, such as livestock or crop producers, with or without size thresholds.","Accordingly, all essential items and the relevant frame-building items should be collected from all agricultural holdings in the core module. 5.11 The sample-based supplementary thematic modules use the frame generated from the core module to target specific populations. These may include all holdings, holdings above a certain size or subsets of agricultural holdings, such as livestock or crop producers, with or without size thresholds."
102,Why are supplementary modules usually implemented in a second visit?,49,51,page-only,high,1,1,no,"For this reason, supplementary modules are usually carried out during a second field visit. 13 The supplementary thematic modules should not be confused with the continuous survey programme. While the former are usually conducted only once after the core module as a single operation, the latter are carried out regularly during the inter-censal period.","For this reason, supplementary modules are usually carried out during a second field visit. 13 The supplementary thematic modules should not be confused with the continuous survey programme. While the former are usually conducted only once after the core module as a single operation, the latter are carried out regularly during the inter-censal period."
103,What should countries do before deciding which items to collect directly in the questionnaire?,51,53,page-only,high,1,1,no,"A good practice is to thoroughly evaluate existing data sources, such as national registers, administrative records and other databases, before deciding which items must be collected directly through the census questionnaire. Maximising the use of these sources reduces respondent burden and improves the overall efficiency of the census operation. The most complete use of registers occurs when all essential census items can be derived from administrative sources.","A good practice is to thoroughly evaluate existing data sources, such as national registers, administrative records and other databases, before deciding which items must be collected directly through the census questionnaire. Maximising the use of these sources reduces respondent burden and improves the overall efficiency of the census operation. The most complete use of registers occurs when all essential census items can be derived from administrative sources."
104,What is essential for linking census and administrative data sources?,52,54,page-only,high,1,1,no,"5.20 Regardless of the census methodology adopted, it is extremely important that a unique primary key variable or identifier is used in all the data sources. The use of a unique identifier is essential in order to link information successfully. Unique identifiers also assist in the detection (and correction as necessary) of identical statistical units (duplicates).","5.20 Regardless of the census methodology adopted, it is extremely important that a unique primary key variable or identifier is used in all the data sources. The use of a unique identifier is essential in order to link information successfully. Unique identifiers also assist in the detection (and correction as necessary) of identical statistical units (duplicates)."
105,What special care is required when using register data for the census?,52,54,page-only,high,1,1,no,"Special care must be taken in protecting the confidentiality of sensitive data from registers when the information is used for the census. 5.21 If not all holdings are visited because complete registers are used for some of them, it is important that the registers provide geographical coordinates to map the holdings, their parcels or cadastral plots. For georeferencing, see Chapter 5, and for further details on the use of registers as a source of census data, see Chapter 12 of the World programme for the census of agriculture 2020.","Special care must be taken in protecting the confidentiality of sensitive data from registers when the information is used for the census. 5.21 If not all holdings are visited because complete registers are used for some of them, it is important that the registers provide geographical coordinates to map the holdings, their parcels or cadastral plots. For georeferencing, see Chapter 5, and for further details on the use of registers as a source of census data, see Chapter 12 of the World programme for the census of agriculture 2020."
106,What is the frame in an agricultural census?,52,54,page-only,high,1,1,no,"5.22 In a statistical collection, the frame is the mechanism by which the statistical units to be enumerated are identified, in this case the agricultural holdings. An ideal frame is a list of all agricultural holdings, based on the operational definition adopted by the country, that identifies each unit without omission or duplication and excludes any non-agricultural units. Such a list may be obtained from a population and housing census for the household sector, a farm register, a listing exercise or other sources.","5.22 In a statistical collection, the frame is the mechanism by which the statistical units to be enumerated are identified, in this case the agricultural holdings. An ideal frame is a list of all agricultural holdings, based on the operational definition adopted by the country, that identifies each unit without omission or duplication and excludes any non-agricultural units. Such a list may be obtained from a population and housing census for the household sector, a farm register, a listing exercise or other sources."
107,What does an ideal census frame do?,52,54,page-only,high,1,1,no,"An ideal frame is a list of all agricultural holdings, based on the operational definition adopted by the country, that identifies each unit without omission or duplication and excludes any non-agricultural units. Such a list may be obtained from a population and housing census for the household sector, a farm register, a listing exercise or other sources. The frame for the non-household sector may also be drawn from the farm register, administrative records or other data sources.","An ideal frame is a list of all agricultural holdings, based on the operational definition adopted by the country, that identifies each unit without omission or duplication and excludes any non-agricultural units. Such a list may be obtained from a population and housing census for the household sector, a farm register, a listing exercise or other sources. The frame for the non-household sector may also be drawn from the farm register, administrative records or other data sources."
108,What are the two main types of frames for agricultural statistics?,52,54,page-only,high,1,1,no,"5.23 There are two main types of frames for collecting agricultural statistics: the list frame and the area frame. The list frame consists of a list of agricultural holdings, while the area frame consists of land segments. In some cases, a multiple-frame approach is used, in which part of the population is covered by a list frame, such as holdings in the non-household sector including enterprises and other juridical holdings, and the remainder by an area frame, such as holdings in the household sector (FAO, 2015b).","5.23 There are two main types of frames for collecting agricultural statistics: the list frame and the area frame. The list frame consists of a list of agricultural holdings, while the area frame consists of land segments. In some cases, a multiple-frame approach is used, in which part of the population is covered by a list frame, such as holdings in the non-household sector including enterprises and other juridical holdings, and the remainder by an area frame, such as holdings in the household sector (FAO, 2015b)."
109,When can a farm register be a good census frame?,52,54,page-only,high,1,1,no,"5.24 Where a farm register exists, it can serve as a good frame for an agricultural census, provided that it includes all agricultural holdings according to the established definition and it is regularly updated to remove units that cease to operate as holdings and to add new ones.14 In addition to identification criteria, a farm register usually contains basic information on each unit, such as land area, types of livestock kept and types of crops grown. This information is periodically updated and can be useful for stratification when sampling techniques are applied. Farm registers may be created in different ways.","5.24 Where a farm register exists, it can serve as a good frame for an agricultural census, provided that it includes all agricultural holdings according to the established definition and it is regularly updated to remove units that cease to operate as holdings and to add new ones.14 In addition to identification criteria, a farm register usually contains basic information on each unit, such as land area, types of livestock kept and types of crops grown. This information is periodically updated and can be useful for stratification when sampling techniques are applied. Farm registers may be created in different ways."
110,Why can administrative farm registers be problematic as census frames?,53,55,page-only,high,1,1,no,"5.26 One limitation of frames based on farm registers is that they are often established for administrative purposes and may not align with statistical needs. The unit in the register may not correspond to the definition of the agricultural holding used in the census. For example, the register may rely on cadastral or other land records that identify each parcel of land rather than the holding unit.","5.26 One limitation of frames based on farm registers is that they are often established for administrative purposes and may not align with statistical needs. The unit in the register may not correspond to the definition of the agricultural holding used in the census. For example, the register may rely on cadastral or other land records that identify each parcel of land rather than the holding unit."
111,When should an agricultural census follow a population census if the PHC frame is used?,53,55,page-only,high,1,1,no,"For such a frame to be effective, the agricultural census should be conducted as soon as possible after the population and housing census to ensure that the list of households engaged in own-account agriculture remains current. 5.28 Another consideration with frames based on the population and housing census is the statistical unit. Even if additional questions on agriculture are included in the population and housing census or pre-census listing exercise, the frame would typically identify households engaged in own-account agricultural production, not agricultural holdings.","For such a frame to be effective, the agricultural census should be conducted as soon as possible after the population and housing census to ensure that the list of households engaged in own-account agriculture remains current. 5.28 Another consideration with frames based on the population and housing census is the statistical unit. Even if additional questions on agriculture are included in the population and housing census or pre-census listing exercise, the frame would typically identify households engaged in own-account agricultural production, not agricultural holdings."
112,What must be done if no frame is available from registers or the population census?,53,55,page-only,high,1,1,no,"5.31 Where a frame of agricultural holdings, households engaged in own-account agricultural production or rural households is not available from an existing farm register or from the population and housing census, it must be constructed as a preparatory activity of the agricultural census. For this purpose, the country is divided into suitable geographical units, or enumeration areas (EAs), covering the entire in-scope national territory. Each EA is then visited to identify all agricultural holding units, either through interviews with local authorities or by visiting each household.","5.31 Where a frame of agricultural holdings, households engaged in own-account agricultural production or rural households is not available from an existing farm register or from the population and housing census, it must be constructed as a preparatory activity of the agricultural census. For this purpose, the country is divided into suitable geographical units, or enumeration areas (EAs), covering the entire in-scope national territory. Each EA is then visited to identify all agricultural holding units, either through interviews with local authorities or by visiting each household."
113,What happens if agricultural holdings are missing from the frame?,54,56,page-only,high,1,1,no,"If agricultural holdings are missing from the frame, they will not be enumerated in the agricultural census and the validity of the census results will be compromised. This is especially important in an integrated agricultural statistical system, as any weaknesses in the agricultural census frame will be reflected in all the surveys that follow. See Chapter 13 of the Operational Guidelines (FAO, 2018a) for more information about census frames.","If agricultural holdings are missing from the frame, they will not be enumerated in the agricultural census and the validity of the census results will be compromised. This is especially important in an integrated agricultural statistical system, as any weaknesses in the agricultural census frame will be reflected in all the surveys that follow. See Chapter 13 of the Operational Guidelines (FAO, 2018a) for more information about census frames."
114,What is the WCA 2030 stance on combining complete and sample enumeration?,54,56,page-only,high,1,1,no,"5.35 To address these constraints while maintaining the integrity and usefulness of census results, the WCA 2030 encourages flexible enumeration strategies that combine complete and sample enumeration in a complementary manner. These strategies allow countries to tailor their census design to national agricultural structures and available resources, ensuring cost-effectiveness without compromising data quality or coverage. 5.36 The discussion on census modalities showed that in some instances complete enumeration can be combined with sampling enumeration to address these practical constraints.","5.35 To address these constraints while maintaining the integrity and usefulness of census results, the WCA 2030 encourages flexible enumeration strategies that combine complete and sample enumeration in a complementary manner. These strategies allow countries to tailor their census design to national agricultural structures and available resources, ensuring cost-effectiveness without compromising data quality or coverage. 5.36 The discussion on census modalities showed that in some instances complete enumeration can be combined with sampling enumeration to address these practical constraints."
115,What must countries disclose when using flexible enumeration strategies?,55,57,page-only,high,1,1,no,"It is very important that countries clearly specify the coverage, threshold, and statistical methods used in the presentation of agricultural census results to help users interpret and analyse the results. 5.39 Countries may consider additional cost-reduction strategies, such as: • Coordinating the agriculture and population and housing censuses: Planning and coordinating these censuses can reduce the scope of the agricultural census and allow reuse of materials such as cartography, field materials, tablets, IT equipment, vehicles, and other logistics which can represent a meaningful share of agricultural census cost (see paragraph 3.10). • Streamlining the census questionnaire: Focusing on the essential items recommended by the WCA 2030 not only improves census data quality by reducing response burden but also results in significant cost efficiencies (see paragraphs 6.8 and 6.11). The addition of questions not belonging to the census (i.e. non-essential items) overburdens the questionnaire and cost in effort, time and money in designing, testing, training, collecting, processing and analysing. • Adoption of modern technologies: Leveraging tools such as remote sensing, mobile devices, computer or telephone-assisted interviewing methods (e.g.","It is very important that countries clearly specify the coverage, threshold, and statistical methods used in the presentation of agricultural census results to help users interpret and analyse the results. 5.39 Countries may consider additional cost-reduction strategies, such as: • Coordinating the agriculture and population and housing censuses: Planning and coordinating these censuses can reduce the scope of the agricultural census and allow reuse of materials such as cartography, field materials, tablets, IT equipment, vehicles, and other logistics which can represent a meaningful share of agricultural census cost (see paragraph 3.10). • Streamlining the census questionnaire: Focusing on the essential items recommended by the WCA 2030 not only improves census data quality by reducing response burden but also results in significant cost efficiencies (see paragraphs 6.8 and 6.11). The addition of questions not belonging to the census (i.e. non-essential items) overburdens the questionnaire and cost in effort, time and money in designing, testing, training, collecting, processing and analysing. • Adoption of modern technologies: Leveraging tools such as remote sensing, mobile devices, computer or telephone-assisted interviewing methods (e.g."
116,What questionnaire strategy can reduce census costs and improve data quality?,55,57,page-only,high,1,1,no,"5.39 Countries may consider additional cost-reduction strategies, such as: • Coordinating the agriculture and population and housing censuses: Planning and coordinating these censuses can reduce the scope of the agricultural census and allow reuse of materials such as cartography, field materials, tablets, IT equipment, vehicles, and other logistics which can represent a meaningful share of agricultural census cost (see paragraph 3.10). • Streamlining the census questionnaire: Focusing on the essential items recommended by the WCA 2030 not only improves census data quality by reducing response burden but also results in significant cost efficiencies (see paragraphs 6.8 and 6.11). The addition of questions not belonging to the census (i.e. non-essential items) overburdens the questionnaire and cost in effort, time and money in designing, testing, training, collecting, processing and analysing. • Adoption of modern technologies: Leveraging tools such as remote sensing, mobile devices, computer or telephone-assisted interviewing methods (e.g. CAWI, CATI), and artificial intelligence, where feasible, improve data quality and can enhance efficiency by reducing staffing and other costs (see paragraphs 5.43 and 5.48).","5.39 Countries may consider additional cost-reduction strategies, such as: • Coordinating the agriculture and population and housing censuses: Planning and coordinating these censuses can reduce the scope of the agricultural census and allow reuse of materials such as cartography, field materials, tablets, IT equipment, vehicles, and other logistics which can represent a meaningful share of agricultural census cost (see paragraph 3.10). • Streamlining the census questionnaire: Focusing on the essential items recommended by the WCA 2030 not only improves census data quality by reducing response burden but also results in significant cost efficiencies (see paragraphs 6.8 and 6.11). The addition of questions not belonging to the census (i.e. non-essential items) overburdens the questionnaire and cost in effort, time and money in designing, testing, training, collecting, processing and analysing. • Adoption of modern technologies: Leveraging tools such as remote sensing, mobile devices, computer or telephone-assisted interviewing methods (e.g. CAWI, CATI), and artificial intelligence, where feasible, improve data quality and can enhance efficiency by reducing staffing and other costs (see paragraphs 5.43 and 5.48)."
117,What is the main objective of a census quality assurance framework?,55,57,passage-match,high,0.99,1,no,"The main objective of a quality assurance framework for the census of agriculture is to prevent and minimise potential errors at the design stage and to detect errors as early as possible, so that timely corrective measures can be taken while census operations are still under way. The focus should be on preventing errors from recurring, detecting errors efficiently and informing the relevant staff so that corrective actions are implemented without delay. Chapter 8 of the World programme for the census of agriculture 2020.","The main objective of a quality assurance framework for the census of agriculture is to prevent and minimize potential errors at the design stage and to detect errors as early as possible, so that timely corrective measures can be taken while census operations are still under way. The focus should be on preventing errors from recurring, detecting errors efficiently and informing the relevant staff so that corrective actions are implemented without delay. Chapter 8 of the World programme for the census of agriculture 2020."
118,What are two primary quality-evaluation areas mentioned under accuracy and reliability?,55,57,page-only,high,1,1,no,"5.41 Under the dimension of accuracy and reliability, the Operational Guidelines highlight some primary areas of quality evaluation, namely: • Evaluation of coverage error, both undercoverage and overcoverage and response errors, usually done via the Post-enumeration Survey (PES; see Chapter 23 of the World programme for the census of agriculture 2020. Volume 2 Operational guidelines (FAO, 2018a)); • Non-response rates15 and imputation rates;16 • Data capture error rates17 and coding error rates;18 • Measures of sampling error, when sampling is used for the census supplementary modules or the long questionnaires under the short-long questionnaire classical approach; and • Any other serious accuracy or consistency problems with the results. 15 The unit non-response rate is the ratio of the number of units with no information to the total number of in-scope units.","5.41 Under the dimension of accuracy and reliability, the Operational Guidelines highlight some primary areas of quality evaluation, namely: • Evaluation of coverage error, both undercoverage and overcoverage and response errors, usually done via the Post-enumeration Survey (PES; see Chapter 23 of the World programme for the census of agriculture 2020. Volume 2 Operational guidelines (FAO, 2018a)); • Non-response rates15 and imputation rates;16 • Data capture error rates17 and coding error rates;18 • Measures of sampling error, when sampling is used for the census supplementary modules or the long questionnaires under the short-long questionnaire classical approach; and • Any other serious accuracy or consistency problems with the results. 15 The unit non-response rate is the ratio of the number of units with no information to the total number of in-scope units."
119,Why should accuracy be evaluated and reported?,56,58,page-only,high,1,1,no,"It is therefore recommended that the accuracy of the data collected be evaluated and reported, so that census organizers are aware of quality levels and users are informed of data limitations. METHODS OF ENUMERATION Interviewing methods 5.43 This section provides a brief description of the enumeration modes commonly used in agricultural censuses. The advent of advanced technologies, such as information technology, GIS and the global positioning system (GPS), has created new opportunities for data collection, with the potential to improve efficiency and data quality.","It is therefore recommended that the accuracy of the data collected be evaluated and reported, so that census organizers are aware of quality levels and users are informed of data limitations. METHODS OF ENUMERATION Interviewing methods 5.43 This section provides a brief description of the enumeration modes commonly used in agricultural censuses. The advent of advanced technologies, such as information technology, GIS and the global positioning system (GPS), has created new opportunities for data collection, with the potential to improve efficiency and data quality."
120,What is PAPI?,56,58,page-only,high,1,1,no,"5.45 Pen and paper interviewing (PAPI) – PAPI is a conventional mode in which enumerators conduct face-to-face interviews and record responses on paper questionnaires. The mode is useful for respondents who need assistance in completing the questionnaire and requires little technical knowledge to implement. However, it involves complex logistics, including the preparation and printing of questionnaires, their distribution, centralization and storage, and the hiring of data-entry operators and supervisors, all of which increase operational costs.","5.45 Pen and paper interviewing (PAPI) – PAPI is a conventional mode in which enumerators conduct face-to-face interviews and record responses on paper questionnaires. The mode is useful for respondents who need assistance in completing the questionnaire and requires little technical knowledge to implement. However, it involves complex logistics, including the preparation and printing of questionnaires, their distribution, centralization and storage, and the hiring of data-entry operators and supervisors, all of which increase operational costs."
121,What is one census advantage of CAPI?,56,58,page-only,high,1,1,no,"Devices can be preloaded with addresses or maps of the enumeration area for use during fieldwork, and they can also be programmed for real-time sample selection, which is particularly useful for countries applying the modular approach or the short–long questionnaire of the classical approach. For the agricultural census, CAPI is often combined with GPS, either directly through the device or by linking to external GPS units, to identify the geographic coordinates of holdings or parcels and, in some cases, to measure areas. CAPI also improves the management of data collection by supervisors at regional and central levels. • Computer-assisted telephone interviewing (CATI) – The CATI mode collects data from holdings by telephone, with the operator located at a central office reading the questionnaire and recording responses on a computer.","Devices can be preloaded with addresses or maps of the enumeration area for use during fieldwork, and they can also be programmed for real-time sample selection, which is particularly useful for countries applying the modular approach or the short–long questionnaire of the classical approach. For the agricultural census, CAPI is often combined with GPS, either directly through the device or by linking to external GPS units, to identify the geographic coordinates of holdings or parcels and, in some cases, to measure areas. CAPI also improves the management of data collection by supervisors at regional and central levels. • Computer-assisted telephone interviewing (CATI) – The CATI mode collects data from holdings by telephone, with the operator located at a central office reading the questionnaire and recording responses on a computer."
122,For what census uses may CATI be effective?,56,58,page-only,high,1,1,no,"Although CATI may not be feasible in many countries for data collection from most holdings, it can be an effective tool for follow-up and quality checking, particularly for certain populations such as enterprises or government farms. 5.47 Other modes, such as self-interviewing, require respondents to complete the census questionnaire themselves. These modes can generate significant cost savings compared with enumerator-based approaches, as they substantially reduce the field force.","Although CATI may not be feasible in many countries for data collection from most holdings, it can be an effective tool for follow-up and quality checking, particularly for certain populations such as enterprises or government farms. 5.47 Other modes, such as self-interviewing, require respondents to complete the census questionnaire themselves. These modes can generate significant cost savings compared with enumerator-based approaches, as they substantially reduce the field force."
123,What is the main issue that self-interviewing modes must address?,57,59,page-only,high,1,1,no,"However, non-response is a major issue that must be addressed, particularly for populations that are difficult to enumerate, and resources need to be allocated for follow-up. In addition, self-interviewing systems require the establishment of support services, such as telephone, email, an agricultural census website or postal services in rural areas, to respond to queries from respondents. • Computer-assisted web interviewing (CAWI) – The CAWI mode collects data by means of questionnaires placed on the internet using secure methods and completed by a knowledgeable respondent. Each holding is usually assigned a special password or security code to access the questionnaire, which allows the statistical office to track responses and to ensure that the questionnaire for a given holding is submitted only once.","However, non-response is a major issue that must be addressed, particularly for populations that are difficult to enumerate, and resources need to be allocated for follow-up. In addition, self-interviewing systems require the establishment of support services, such as telephone, email, an agricultural census website or postal services in rural areas, to respond to queries from respondents. • Computer-assisted web interviewing (CAWI) – The CAWI mode collects data by means of questionnaires placed on the internet using secure methods and completed by a knowledgeable respondent. Each holding is usually assigned a special password or security code to access the questionnaire, which allows the statistical office to track responses and to ensure that the questionnaire for a given holding is submitted only once."
124,What safeguard is usually used in CAWI for a specific holding?,57,59,page-only,high,1,1,no,"Each holding is usually assigned a special password or security code to access the questionnaire, which allows the statistical office to track responses and to ensure that the questionnaire for a given holding is submitted only once. Computer and Web illiterate or visually impaired respondents might be discouraged from using CAWI. • Mail-out/mail-back and drop-off/pick-up – The mail-out/mail-back mode is a self-enumeration approach in which questionnaires are mailed to respondents, completed by them and then returned by post. This mode requires careful questionnaire design to ensure suitability for self-enumeration, with formatting and layout differing from those used in interview-based modes.","Each holding is usually assigned a special password or security code to access the questionnaire, which allows the statistical office to track responses and to ensure that the questionnaire for a given holding is submitted only once. Computer and Web illiterate or visually impaired respondents might be discouraged from using CAWI. • Mail-out/mail-back and drop-off/pick-up – The mail-out/mail-back mode is a self-enumeration approach in which questionnaires are mailed to respondents, completed by them and then returned by post. This mode requires careful questionnaire design to ensure suitability for self-enumeration, with formatting and layout differing from those used in interview-based modes."
125,For what three agricultural census purposes can remote sensing and aerial photos be used?,57,59,page-only,high,1,1,no,"Volume 2 Operational guidelines (FAO, 2018a), offer valuable support throughout the data collection process. Emerging tools such as artificial intelligence and machine learning (ML) also present opportunities to further strengthen these processes. 5.49 Remote sensing (RS) and aerial/orthophotos: In the context of an agricultural census, remote sensing and aerial photos for agricultural statistics can be used for (i) cartography and frame building; (ii) supporting fieldwork; and (iii) crop area estimation.","Volume 2 Operational guidelines (FAO, 2018a), offer valuable support throughout the data collection process. Emerging tools such as artificial intelligence and machine learning (ML) also present opportunities to further strengthen these processes. 5.49 Remote sensing (RS) and aerial/orthophotos: In the context of an agricultural census, remote sensing and aerial photos for agricultural statistics can be used for (i) cartography and frame building; (ii) supporting fieldwork; and (iii) crop area estimation."
126,How can handheld GPS devices support census operations?,57,59,page-only,high,1,1,no,"These devices serve multiple purposes, including georeferencing land plots, location tracking and area measurement. They are particularly useful for building frames, and modern mobile data collection devices (e.g. smartphones and tablets) often include built-in GPS functionality, making them highly portable and suitable for georeferencing holdings. These devices also help optimize logistical operations and enable enumerators to collect and compile paradata, facilitating effective monitoring of census progress.","These devices serve multiple purposes, including georeferencing land plots, location tracking and area measurement. They are particularly useful for building frames, and modern mobile data collection devices (e.g. smartphones and tablets) often include built-in GPS functionality, making them highly portable and suitable for georeferencing holdings. These devices also help optimize logistical operations and enable enumerators to collect and compile paradata, facilitating effective monitoring of census progress."
127,How can social media and online tools support field teams?,58,60,page-only,high,1,1,no,"5.52 Social media: Social media platforms, such as WhatsApp, can be used to maintain communication within enumeration teams in the field. Enumerators can use chat functions to raise questions or request assistance from supervisors. Films and videos are also valuable training tools, for example by showing interviewing techniques or illustrating agricultural and living conditions in the country, thereby preparing trainees for fieldwork.","5.52 Social media: Social media platforms, such as WhatsApp, can be used to maintain communication within enumeration teams in the field. Enumerators can use chat functions to raise questions or request assistance from supervisors. Films and videos are also valuable training tools, for example by showing interviewing techniques or illustrating agricultural and living conditions in the country, thereby preparing trainees for fieldwork."
128,What census preparation tasks can AI support according to WCA 2030?,58,60,page-only,high,1,1,no,"AI-powered tools can streamline questionnaire design by analysing past data to suggest optimal formats, wording and sequencing, ensuring that questions are comprehensive and easy to understand. This reduces respondent burden and minimizes errors in data capture. AI can also support the preparation of supervisor and enumerator manuals by generating content aligned with best practices and common field scenarios.","AI-powered tools can streamline questionnaire design by analysing past data to suggest optimal formats, wording and sequencing, ensuring that questions are comprehensive and easy to understand. This reduces respondent burden and minimizes errors in data capture. AI can also support the preparation of supervisor and enumerator manuals by generating content aligned with best practices and common field scenarios."
129,What does WCA 2030 recommend for holding identification and location?,58,60,page-only,high,1,1,no,"Item 0101 “Identification and location of agricultural holding” recommends that holdings be georeferenced. Holdings in the household sector may also be listed and georeferenced in advance during a recent population and housing census or during the listing operation of the agricultural census, which provides the frame for the census. 5.56 GPS makes it possible to determine the geographic position of agricultural holdings, offering several advantages for frame preparation, fieldwork planning, presentation of results and the integration of agricultural census data with other GIS databases.","Item 0101 “Identification and location of agricultural holding” recommends that holdings be georeferenced. Holdings in the household sector may also be listed and georeferenced in advance during a recent population and housing census or during the listing operation of the agricultural census, which provides the frame for the census. 5.56 GPS makes it possible to determine the geographic position of agricultural holdings, offering several advantages for frame preparation, fieldwork planning, presentation of results and the integration of agricultural census data with other GIS databases."
130,Why is linking georeferenced census data to GIS databases valuable?,58,60,page-only,high,1,1,no,"19 The linkage provides, for example, the opportunity to examine spatial patterns of the results of the implementation of policies, and to identify areas for government to further plan interventions and agribusiness opportunities for the private sector. 5.58 GIS databases are increasingly used to illustrate the spatial distribution of agricultural characteristics. Data such as average holding size, proportion of agricultural land, main crops, irrigated land, livestock, use of paid workers, use of inputs and agricultural practices can be displayed on maps for different political, 19 This linkage is closely aligned with Principle 3 of the UN Global Statistical Geospatial Framework (GSGF), which emphasizes the use of common geographies for the dissemination of statistics.","19 The linkage provides, for example, the opportunity to examine spatial patterns of the results of the implementation of policies, and to identify areas for government to further plan interventions and agribusiness opportunities for the private sector. 5.58 GIS databases are increasingly used to illustrate the spatial distribution of agricultural characteristics. Data such as average holding size, proportion of agricultural land, main crops, irrigated land, livestock, use of paid workers, use of inputs and agricultural practices can be displayed on maps for different political, 19 This linkage is closely aligned with Principle 3 of the UN Global Statistical Geospatial Framework (GSGF), which emphasizes the use of common geographies for the dissemination of statistics."
131,What must be checked before using existing land-cover or land-use maps in census design?,59,61,page-only,high,1,1,no,"In this exercise, it is important to inspect the metadata of the map and to ensure that the definition of the classes is in line and coherent with the definition of agricultural land.20 Several countries are developing their technical capacity to produce their own national LC/LU maps using EO data. However, many still do not have this capacity and therefore can rely on existing global datasets. 5.62 Below are some examples of freely available global LC maps that can be used for this purpose (as of 2026): 1.","In this exercise, it is important to inspect the metadata of the map and to ensure that the definition of the classes is in line and coherent with the definition of agricultural land.20 Several countries are developing their technical capacity to produce their own national LC/LU maps using EO data. However, many still do not have this capacity and therefore can rely on existing global datasets. 5.62 Below are some examples of freely available global LC maps that can be used for this purpose (as of 2026): 1."
132,What is the tradeoff of full crop-parcel georeferencing?,60,62,page-only,high,1,1,no,"Weakness: it is resource-intensive, more suitable for surveys than for censuses of agriculture. • Approach 3 – Automated field boundary delineation using EO data 21 QGIS is a free and open-source geographic information system software. 22 This approach involves three methods: i) georeferencing the parcel boundaries and the parcel centroid; ii) georeferencing only the parcel boundaries; and ii) georeferencing only the parcel centroid (Azzari et al., 2021).","Weakness: it is resource-intensive, more suitable for surveys than for censuses of agriculture. • Approach 3 – Automated field boundary delineation using EO data 21 QGIS is a free and open-source geographic information system software. 22 This approach involves three methods: i) georeferencing the parcel boundaries and the parcel centroid; ii) georeferencing only the parcel boundaries; and ii) georeferencing only the parcel centroid (Azzari et al., 2021)."
133,What must be in place before using automated field boundary delineation in census fieldwork?,61,63,passage-match,high,0.99,0.99,no,"Such maps should be developed ahead of the census fieldwork using satellite images and applying artificial intelligence tools such as computer vision or machine learning classifiers to detect the discontinuity between fields. Post-processing is also necessary to clean up errors and to filter out non-crop polygons.23 Some examples of this approach can be seen in Masoud, K.M., et al., (2020), FAO (2024a) and FAO (2026). Strengths: such an approach drastically reduces time in the field, as enumerators do not need to walk to each parcel of the holding; instead, they can visualize the plots on the tablet’s screen.","Such maps should be developed ahead of the census fieldwork using satellite images and applying artificial intelligence tools such as computer vision or machine learning classifiers to detect the discontinuity between fields. Post-processing is also necessary to clean up errors and to filter out non-crop polygons.23 Some examples of this approach can be seen in Masoud et al., (2020), FAO (2024a) and FAO (2026). Strengths: such an approach drastically reduces time in the field, as enumerators do not need to walk to each parcel of the holding; instead, they can visualize the plots on the tablet’s screen."
134,How long does WCA 2030 say an EO crop statistical system takes to set up?,62,64,page-only,high,1,1,no,"The system takes about two years to set up and should be in place before the census cartographic work. 5.70 While a mature EO-based crop statistical system can be achieved within two years through planning and adequate investment, it is possible to begin immediately with small incremental steps (e.g. sourcing free LC maps and EO data) at no or low cost. This approach allows the census agency to demonstrate the usefulness of EO for producing crop statistics and the efficiency gains achieved, while developing the necessary skills and experience.","The system takes about two years to set up and should be in place before the census cartographic work. 5.70 While a mature EO-based crop statistical system can be achieved within two years through planning and adequate investment, it is possible to begin immediately with small incremental steps (e.g. sourcing free LC maps and EO data) at no or low cost. This approach allows the census agency to demonstrate the usefulness of EO for producing crop statistics and the efficiency gains achieved, while developing the necessary skills and experience."
135,"How many WCA 2030 census items are listed, and how are they grouped?",64,66,page-only,high,1,1,no,"In the WCA 2030, there are a total of 123 items categorized as follows: • 27 items are classified as essential (collected by complete enumeration), including those that serve for building frames for sample-based census supplementary modules and the continuous programme of surveys. • 96 items are classified as additional (collected by sample enumeration). A few of them could be collected by complete enumeration if needed for national purposes or for creating sampling frames. 6.6 The 123 items are grouped into 12 themes.","In the WCA 2030, there are a total of 123 items categorized as follows: • 27 items are classified as essential (collected by complete enumeration), including those that serve for building frames for sample-based census supplementary modules and the continuous programme of surveys. • 96 items are classified as additional (collected by sample enumeration). A few of them could be collected by complete enumeration if needed for national purposes or for creating sampling frames. 6.6 The 123 items are grouped into 12 themes."
136,How are WCA 2030 item numbers structured?,64,66,page-only,high,1,1,no,"All items have a unique four-digit number. The first two digits refer to the number of the theme where they are described, and the next two digits refer to the sequence of the items within the theme, starting from 01 for each theme. For example, the number for Item 0110 “Main purpose of production of the holding” is composed of “01”, which represents the number of Theme 1 “Identification and general characteristics” and “10” which represents the 10th item in this theme.","All items have a unique four-digit number. The first two digits refer to the number of the theme where they are described, and the next two digits refer to the sequence of the items within the theme, starting from 01 for each theme. For example, the number for Item 0110 “Main purpose of production of the holding” is composed of “01”, which represents the number of Theme 1 “Identification and general characteristics” and “10” which represents the 10th item in this theme."
137,Why must all countries collect the essential items?,64,66,page-only,high,1,1,no,"These represent the minimum data set that all countries should collect, regardless of the methodological approach used. They are critical for compiling a minimum set of national indicators on the agricultural sector, needed for policy-making and planning. Data for these items are required at small administrative unit level, such as districts or villages, or in the form of detailed cross-tabulations, and they are also needed for international comparison.","These represent the minimum data set that all countries should collect, regardless of the methodological approach used. They are critical for compiling a minimum set of national indicators on the agricultural sector, needed for policy-making and planning. Data for these items are required at small administrative unit level, such as districts or villages, or in the form of detailed cross-tabulations, and they are also needed for international comparison."
138,"In the modular approach, where should additional items needed for frames be placed?",65,67,page-only,high,1,1,no,"In the modular approach, essential and additional items needed for creating frames should, in principle, be included in the core module, which is generally sufficient for designing and implementing the supplementary modules. Additional items intended to provide more detailed data on a particular theme should be included in the supplementary modules, which are collected on a sample basis. However, if a country considers that a few key additional items need to be collected at the lowest administrative level to capture rare events or to provide frames for ad hoc surveys, such items may be included in the core module, which is carried out on a complete enumeration basis.","In the modular approach, essential and additional items needed for creating frames should, in principle, be included in the core module, which is generally sufficient for designing and implementing the supplementary modules. Additional items intended to provide more detailed data on a particular theme should be included in the supplementary modules, which are collected on a sample basis. However, if a country considers that a few key additional items need to be collected at the lowest administrative level to capture rare events or to provide frames for ad hoc surveys, such items may be included in the core module, which is carried out on a complete enumeration basis."
139,"If an item changes quickly year to year and has a reference period of six months or less, what does the WCA 2030 decision tree imply?",66,68,page-only,high,1,1,no,"COMMUNITY SURVEY ITEM CENSUS ITEM CENSUS ITEM CENSUS ITEM CENSUS ITEM Does the item change quickly from year to year (e.g. quarterly/annually, such as crop and livestock production, agricultural prices, food consumption), and the reference period is <= six months? Is the item one of the WCA 2030’s 27 essential items (e.g. holder sex, age and type, land use, crop areas and livestock numbers)? Is the item needed to build a frame for a census sample supplementary module or a follow-up survey (e.g. presence of manager/woodland, use of irrigation/organic practices)?","COMMUNITY SURVEY ITEM CENSUS ITEM CENSUS ITEM CENSUS ITEM CENSUS ITEM Does the item change quickly from year to year (e.g. quarterly/annually, such as crop and livestock production, agricultural prices, food consumption), and the reference period is <= six months? Is the item one of the WCA 2030’s 27 essential items (e.g. holder sex, age and type, land use, crop areas and livestock numbers)? Is the item needed to build a frame for a census sample supplementary module or a follow-up survey (e.g. presence of manager/woodland, use of irrigation/organic practices)?"
140,When should an item be considered a community survey item?,66,68,page-only,high,1,1,no,"Is the item common to neighbouring holdings in the community (e.g. village infrastructure and access to services, communal grazing land/forest/irrigation)? SOURCE: Authors’ own elaboration. 6.12 Annex 4 describes the additional items and identifies some items that can provide frames for ad hoc and specific surveys.","Is the item common to neighbouring holdings in the community (e.g. village infrastructure and access to services, communal grazing land/forest/irrigation)? SOURCE: Authors’ own elaboration. 6.12 Annex 4 describes the additional items and identifies some items that can provide frames for ad hoc and specific surveys."
141,What is a WCA 2030 theme?,66,68,page-only,high,1,1,no,"6.13 The WCA 2030 presents items grouped by theme, with each theme focusing on a specific area of interest for the agricultural census programme. If an item is also relevant to another theme, only a reference to the item is included in the latter, without repeating the full description. For example, Item 1105 “Whether agroforestry is practised” is described under Theme 11 “Forestry” but is also relevant to Theme 6 “Agricultural practices and equipment”; in Theme 6, therefore, only a reference to Item 1105 is made.","6.13 The WCA 2030 presents items grouped by theme, with each theme focusing on a specific area of interest for the agricultural census programme. If an item is also relevant to another theme, only a reference to the item is included in the latter, without repeating the full description. For example, Item 1105 “Whether agroforestry is practised” is described under Theme 11 “Forestry” but is also relevant to Theme 6 “Agricultural practices and equipment”; in Theme 6, therefore, only a reference to Item 1105 is made."
142,What are four essential Theme 1 identification and general-characteristics items?,67,69,page-only,high,1,1,no,"Paragraph references to the applicable concepts and definitions of essential items in Chapter 7 are shown in parentheses after each item. As mentioned earlier, additional items are described in Annex 4. THEME 1: IDENTIFICATION AND GENERAL CHARACTERISTICS Essential items For the holdings 0101 Identification and location of agricultural holding (paragraphs 7.1.1–7.1.5) 0103 Legal status of agricultural holder (type of holder) (paragraphs 7.1.6–7.1.10) 0104 Sex of agricultural holder (paragraphs 7.1.11–7.1.12).","Paragraph references to the applicable concepts and definitions of essential items in Chapter 7 are shown in parentheses after each item. As mentioned earlier, additional items are described in Annex 4. THEME 1: IDENTIFICATION AND GENERAL CHARACTERISTICS Essential items For the holdings 0101 Identification and location of agricultural holding (paragraphs 7.1.1–7.1.5) 0103 Legal status of agricultural holder (type of holder) (paragraphs 7.1.6–7.1.10) 0104 Sex of agricultural holder (paragraphs 7.1.11–7.1.12)."
143,What are the three essential Land theme items?,67,69,page-only,high,1,1,no,For the holdings 0201 Total area of holding (paragraphs 7.2.1–7.2.7) 0203 Area of holding according to land use types (paragraphs 7.2.8–7.2.37) 0204 Area of holding according to land tenure types (paragraphs 7.2.38–7.2.47),For the holdings 0201 Total area of holding (paragraphs 7.2.1–7.2.7) 0203 Area of holding according to land use types (paragraphs 7.2.8–7.2.37) 0204 Area of holding according to land tenure types (paragraphs 7.2.38–7.2.47)
144,What is the essential WCA 2030 irrigation item?,68,70,page-only,high,1,1,no,For the holdings 0302 Area of land actually irrigated: fully controlled and partially controlled irrigation (paragraphs 7.3.5–7.3.6) Additional items (see Theme 3 in Annex 4),For the holdings 0302 Area of land actually irrigated: fully controlled and partially controlled irrigation (paragraphs 7.3.5–7.3.6) Additional items (see Theme 3 in Annex 4)
145,What are two crop-area essential items for temporary crops?,68,70,page-only,high,1,1,no,Temporary crops 0402+ Area of temporary crops planted (for each temporary crop type) (paragraphs 7.4.1–7.4.3.) 0403 Area of temporary crops harvested (for each temporary crop type) (paragraphs 7.4.4–7.4.15) Permanent crops,Temporary crops 0402+ Area of temporary crops planted (for each temporary crop type) (paragraphs 7.4.1–7.4.3.) 0403 Area of temporary crops harvested (for each temporary crop type) (paragraphs 7.4.4–7.4.15) Permanent crops
146,Which livestock items are essential?,69,71,page-only,high,1,1,no,For the holdings 0501 Type of livestock production system (paragraph 7.5.3) For each livestock species 0502 Number of animals (paragraphs 7.5.4–7.5.6),For the holdings 0501 Type of livestock production system (paragraph 7.5.3) For each livestock species 0502 Number of animals (paragraphs 7.5.4–7.5.6)
147,Which agricultural practices and equipment items are essential?,69,71,page-only,high,1,1,no,For the holdings 0601 Use of agricultural pesticides (paragraph 7.6.2–7.6.3) 0604 Selected machinery and equipment used on the holding by source (paragraphs 7.6.4–7.6.6) See Item 0413 Use of different types of fertilizing products,For the holdings 0601 Use of agricultural pesticides (paragraph 7.6.2–7.6.3) 0604 Selected machinery and equipment used on the holding by source (paragraphs 7.6.4–7.6.6) See Item 0413 Use of different types of fertilizing products
148,Are services for agriculture essential or additional in WCA 2030?,70,72,page-only,high,1,1,no,0608 Type of seed for each major crop type 0609 Source of seed inputs for each major crop type 0610 Types of tillage practices 0611 Presence of conservation agriculture 0612 Presence of soil conservation practices 0613+ Use of technology on the holding 0614 Type of animal grazing practices 0615 Manure application 0616 Manure management system See Item 1105 Whether agroforestry is practised See Item 0301 Use of irrigation on the holding: fully and partially controlled irrigation See Item 0414 Area fertilized for each type of fertilizer and major crop type THEME 7: SERVICES FOR AGRICULTURE Additional items (see Theme 7 in Annex 4) For the holdings 0701 Receipt of credit for agricultural purposes 0702 Source of credit 0703 Type of collateral for credit 0704 Period of loan or credit 0705 Sources of agricultural information 0706 Sources of agricultural extension services used 0707 Travelling time to nearest periodic or permanent agricultural produce market for selling products 0708+ Type of insurance coverage THEME 8: DEMOGRAPHIC AND SOCIAL CHARACTERISTICS Additional items (see Theme 8 in Annex 4) For each household member 0801 Sex 0802 Age 0803 Relationship to household head or other reference person 0804 Marital status 0805 Educational attainment for each household member excluding holder and spouse. THEME 9: WORK ON THE HOLDING Essential items For each household member of,0608 Type of seed for each major crop type 0609 Source of seed inputs for each major crop type 0610 Types of tillage practices 0611 Presence of conservation agriculture 0612 Presence of soil conservation practices 0613+ Use of technology on the holding 0614 Type of animal grazing practices 0615 Manure application 0616 Manure management system See Item 1105 Whether agroforestry is practised See Item 0301 Use of irrigation on the holding: fully and partially controlled irrigation See Item 0414 Area fertilized for each type of fertilizer and major crop type THEME 7: SERVICES FOR AGRICULTURE Additional items (see Theme 7 in Annex 4) For the holdings 0701 Receipt of credit for agricultural purposes 0702 Source of credit 0703 Type of collateral for credit 0704 Period of loan or credit 0705 Sources of agricultural information 0706 Sources of agricultural extension services used 0707 Travelling time to nearest periodic or permanent agricultural produce market for selling products 0708+ Type of insurance coverage THEME 8: DEMOGRAPHIC AND SOCIAL CHARACTERISTICS Additional items (see Theme 8 in Annex 4) For each household member 0801 Sex 0802 Age 0803 Relationship to household head or other reference person 0804 Marital status 0805 Educational attainment for each household member excluding holder and spouse. THEME 9: WORK ON THE HOLDING Essential items For each household member of
149,Which work-on-the-holding items are essential?,70,72,page-only,high,1,1,no,THEME 9: WORK ON THE HOLDING Essential items For each household member of working age 0901 Whether working on the holding is the main activity (paragraph 7.9.9) 0902 Working time on the holding (paragraphs 7.9.10–7.9.14),THEME 9: WORK ON THE HOLDING Essential items For each household member of working age 0901 Whether working on the holding is the main activity (paragraph 7.9.9) 0902 Working time on the holding (paragraphs 7.9.10–7.9.14)
150,What is the essential aquaculture item?,71,73,page-only,high,1,1,no,For agriculture holdings or aquaculture holdings 1001 Presence of aquaculture on the holding (paragraphs 7.10.2–7.10.6) Additional items (see Theme 10 in Annex 4) 1002 Area of aquaculture according to type of site,For agriculture holdings or aquaculture holdings 1001 Presence of aquaculture on the holding (paragraphs 7.10.2–7.10.6) Additional items (see Theme 10 in Annex 4) 1002 Area of aquaculture according to type of site
151,May countries adapt WCA 2030 item concepts and definitions?,74,76,page-only,high,1,1,no,"Countries should adapt these concepts and definitions to their specific needs and circumstances. INTRODUCTION 7.1 This chapter describes the themes, concepts and definitions for the essential census items shown in Chapter 6. The concepts and definitions are based on international standards, where applicable, to ensure that agricultural census results are comparable with other data sources.","Countries should adapt these concepts and definitions to their specific needs and circumstances. INTRODUCTION 7.1 This chapter describes the themes, concepts and definitions for the essential census items shown in Chapter 6. The concepts and definitions are based on international standards, where applicable, to ensure that agricultural census results are comparable with other data sources."
152,What coding system should be used for holding location when available?,75,77,page-only,high,1,1,no,"Where a standard national geographic coding system exists, it should be used for the agricultural census to make it easier to link data between the different sources. 7.1.5 Other types of geocoding systems can also be used, such as direct georeferencing of holdings with the use of GPS or by using cadastral maps. The geocoding system can improve the presentation of census results through GIS and enables linking of the agricultural census data to other data sets.","Where a standard national geographic coding system exists, it should be used for the agricultural census to make it easier to link data between the different sources. 7.1.5 Other types of geocoding systems can also be used, such as direct georeferencing of holdings with the use of GPS or by using cadastral maps. The geocoding system can improve the presentation of census results through GIS and enables linking of the agricultural census data to other data sets."
153,What three broad categories are used for legal status or type of holder?,75,77,page-only,high,1,1,no,The geocoding system can improve the presentation of census results through GIS and enables linking of the agricultural census data to other data sets. Countries are encouraged to move in this direction. 0103 Legal status of agricultural holder (type of holder) • A civil person • Group of civil persons • Juridical person Essential item.,The geocoding system can improve the presentation of census results through GIS and enables linking of the agricultural census data to other data sets. Countries are encouraged to move in this direction. 0103 Legal status of agricultural holder (type of holder) • A civil person • Group of civil persons • Juridical person Essential item.
154,How does WCA 2030 classify holding sectors?,76,78,page-only,high,1,1,no,7.1.7 The sector to which the holding belongs may be classified as “household sector” or “non-household sector”. Countries are encouraged to distinguish between these two sectors in the census tabulation. 7.1.8 Household sector holdings are those operated by household members.,7.1.7 The sector to which the holding belongs may be classified as “household sector” or “non-household sector”. Countries are encouraged to distinguish between these two sectors in the census tabulation. 7.1.8 Household sector holdings are those operated by household members.
155,For which holdings is sex of agricultural holder collected?,76,78,page-only,high,1,1,no,"7.1.12 Data on the sex of the agricultural holder are collected only for holdings in the household sector. For holdings in the non-household sector (corporations, government institutions, etc.), the sex of the manager is collected (see Item 0115). Where there are joint holders in a household-sector holding, the sex of each holder should be reported.","7.1.12 Data on the sex of the agricultural holder are collected only for holdings in the household sector. For holdings in the non-household sector (corporations, government institutions, etc.), the sex of the manager is collected (see Item 0115). Where there are joint holders in a household-sector holding, the sex of each holder should be reported."
156,How is age defined for the holder?,76,78,page-only,high,1,1,no,"7.1.14 Age refers to the interval between the date of birth and the date of the census, expressed in completed solar years (UN, 2025, paragraph 5.169). This item is collected only for holdings in the household sector. Where there are joint holders in a household-sector holding, the age of each person should be reported.","7.1.14 Age refers to the interval between the date of birth and the date of the census, expressed in completed solar years (UN, 2025, paragraph 5.169). This item is collected only for holdings in the household sector. Where there are joint holders in a household-sector holding, the age of each person should be reported."
157,Which household-size concept is recommended?,77,79,page-only,high,1,1,no,"The usual residence approach, known as the de jure concept, is recommended for the agricultural census and is the basis for official population estimates. In most cases, it is not difficult to identify a person’s place of usual residence. However, some family members may be studying or working away from home but return regularly.","The usual residence approach, known as the de jure concept, is recommended for the agricultural census and is the basis for official population estimates. In most cases, it is not difficult to identify a person’s place of usual residence. However, some family members may be studying or working away from home but return regularly."
158,What education levels should be available for international comparison?,77,79,page-only,high,1,1,no,"For international comparison purposes, educational attainment should be classified into at least four levels of education (UNESCO, 2011, paragraph 89, Table 1): less than primary (for persons not having completed primary education) primary, secondary (comprising lower and upper secondary education levels), and post-secondary (comprising post-secondary non-tertiary education, short-cycle tertiary education, bachelor’s or equivalent level, master’s or equivalent level, doctoral or equivalent level). Each level may be further subdivided to meet national needs. 0110 Main purpose of production of the holding • Producing mainly for own consumption • Producing mainly for sale Essential item.","For international comparison purposes, educational attainment should be classified into at least four levels of education (UNESCO, 2011, paragraph 89, Table 1): less than primary (for persons not having completed primary education) primary, secondary (comprising lower and upper secondary education levels), and post-secondary (comprising post-secondary non-tertiary education, short-cycle tertiary education, bachelor’s or equivalent level, master’s or equivalent level, doctoral or equivalent level). Each level may be further subdivided to meet national needs. 0110 Main purpose of production of the holding • Producing mainly for own consumption • Producing mainly for sale Essential item."
159,"If a holding both sells and consumes its produce, how is main purpose classified?",78,80,page-only,high,1,1,no,"7.1.21 In cases where a holding sells part of its produce and uses the rest for own consumption, the main purpose should be identified as the one that represents the larger value of agricultural production, either own consumption or sale. Sale includes selling produce for cash or in exchange for other produce (barter). Other forms of disposal of agricultural produce – such as payment of labour, transfers to family members, gifts or payment of taxes – should not be considered when determining the main purpose of production.","7.1.21 In cases where a holding sells part of its produce and uses the rest for own consumption, the main purpose should be identified as the one that represents the larger value of agricultural production, either own consumption or sale. Sale includes selling produce for cash or in exchange for other produce (barter). Other forms of disposal of agricultural produce – such as payment of labour, transfers to family members, gifts or payment of taxes – should not be considered when determining the main purpose of production."
160,Do other economic activities include paid employment away from the holding?,79,81,page-only,high,1,1,no,"They do not include paid employment, whether agricultural or non-agricultural, on the holding itself or in a business not associated with the holding. 7.1.26 The activity categories listed above are based on ISIC (Rev. 5) codes (UN, 2026a), with the exception of agrotourism.","They do not include paid employment, whether agricultural or non-agricultural, on the holding itself or in a business not associated with the holding. 7.1.26 The activity categories listed above are based on ISIC (Rev. 5) codes (UN, 2026a), with the exception of agrotourism."
161,What land should be included in total area of holding?,79,81,page-only,high,1,1,no,"It includes all land operated by the holding, regardless of ownership title or legal form. Land owned by household members but rented to others should not be included in the holding area, while land not owned by household members but rented from others for agricultural production purposes should be included. 7.2.2 In determining the total area of the holding, the following types of land should be included: • Land used for cultivation of crops (temporary and permanent, including cropped land under protective cover, see Annex 4, Theme 4, paragraph 25), meadows and pastures, and fallow land; • Unutilized agricultural land; • Forest and other wooded land; • Bodies of water; • Farmyards and land occupied by farm buildings; • Land for which a holding does not have any rights to agricultural use, except for the products of the trees growing on it.","It includes all land operated by the holding, regardless of ownership title or legal form. Land owned by household members but rented to others should not be included in the holding area, while land not owned by household members but rented from others for agricultural production purposes should be included. 7.2.2 In determining the total area of the holding, the following types of land should be included: • Land used for cultivation of crops (temporary and permanent, including cropped land under protective cover, see Annex 4, Theme 4, paragraph 25), meadows and pastures, and fallow land; • Unutilized agricultural land; • Forest and other wooded land; • Bodies of water; • Farmyards and land occupied by farm buildings; • Land for which a holding does not have any rights to agricultural use, except for the products of the trees growing on it."
162,Can a holding with zero agricultural land still be an agricultural holding?,79,81,page-only,high,1,1,no,"7.2.3 Depending on national circumstances, the total area of a holding may be very small or even zero, while still having agricultural activity. For example, some holdings without land used for agricultural production may raise livestock solely on communal land. Such holdings may be considered landless.","7.2.3 Depending on national circumstances, the total area of a holding may be very small or even zero, while still having agricultural activity. For example, some holdings without land used for agricultural production may raise livestock solely on communal land. Such holdings may be considered landless."
163,Should open communal rangeland be included in holding area?,80,82,page-only,high,1,1,no,"Land abandoned before the census reference day should be excluded. • Open rangeland, such as land open to communal grazing, is not considered to be part of the holding. For holdings with access to communal grazing land, their share of such land should not be included in the holding area unless a specific area has been assigned to the holding and is delimited by fencing or another form of boundary demarcation. However, such agricultural land, which does not belong directly to any holding, may be covered in the census through community-level data collection, as recommended in Chapter 8.","Land abandoned before the census reference day should be excluded. • Open rangeland, such as land open to communal grazing, is not considered to be part of the holding. For holdings with access to communal grazing land, their share of such land should not be included in the holding area unless a specific area has been assigned to the holding and is delimited by fencing or another form of boundary demarcation. However, such agricultural land, which does not belong directly to any holding, may be covered in the census through community-level data collection, as recommended in Chapter 8."
164,What is the most common method for collecting holding and parcel areas?,80,82,page-only,high,1,1,no,"7.2.7 The most common method for collecting data on parcel and total holding areas in the census of agriculture is by holder declaration. In some countries, holders may not be able to provide reliable estimates of crop areas. To address this problem, countries with additional resources may employ alternative methods in sample surveys, such as objective measurement in which the area is measured using GPS devices, including involving remote sensing (see paragraphs 5.49–5.50 and 5.67–5.69).","7.2.7 The most common method for collecting data on parcel and total holding areas in the census of agriculture is by holder declaration. In some countries, holders may not be able to provide reliable estimates of crop areas. To address this problem, countries with additional resources may employ alternative methods in sample surveys, such as objective measurement in which the area is measured using GPS devices, including involving remote sensing (see paragraphs 5.49–5.50 and 5.67–5.69)."
165,How is land use different from land cover?,80,82,page-only,high,1,1,no,"7.2.11 Land use should be distinguished from “land cover”, which describes the physical characteristics of the land, such as grassland or forest. 28 Regarding crop area, paragraph 7.4.1 explains that when the same area is planted two or more times in the case of successive cropping or during two different seasons, the planted area should be counted only once.","7.2.11 Land use should be distinguished from “land cover”, which describes the physical characteristics of the land, such as grassland or forest. 28 Regarding crop area, paragraph 7.4.1 explains that when the same area is planted two or more times in the case of successive cropping or during two different seasons, the planted area should be counted only once."
166,How many basic land-use classes does WCA 2030 recommend for agricultural census purposes?,81,83,page-only,high,1,1,no,"For the purposes of the agricultural census, it is recommended that nine basic land use classes be identified: • Land under temporary crops; • Land under temporary meadows and pastures; • Land temporarily fallow; • Land under permanent crops; • Land under permanent meadows and pastures; • Land under farm buildings and farmyards; • Forest and other wooded land; • Area used for aquaculture (including inland and coastal waters if part of the holding); • Other area not elsewhere classified. 7.2.13 Definitions of these land use classes are given in paragraphs 7.2.18–7.2.37. The area of the holding is classified according to its main land use.","For the purposes of the agricultural census, it is recommended that nine basic land use classes be identified: • Land under temporary crops; • Land under temporary meadows and pastures; • Land temporarily fallow; • Land under permanent crops; • Land under permanent meadows and pastures; • Land under farm buildings and farmyards; • Forest and other wooded land; • Area used for aquaculture (including inland and coastal waters if part of the holding); • Other area not elsewhere classified. 7.2.13 Definitions of these land use classes are given in paragraphs 7.2.18–7.2.37. The area of the holding is classified according to its main land use."
167,Can a country use its own land-use classes?,81,83,page-only,high,1,1,no,Countries using their own land use classes should ensure that these can be aggregated into the nine basic land use types. Land use data should also be presented according to FAO recommendations to enable international comparison. 7.2.16 Land use data are often collected at parcel level.,Countries using their own land use classes should ensure that these can be aggregated into the nine basic land use types. Land use data should also be presented according to FAO recommendations to enable international comparison. 7.2.16 Land use data are often collected at parcel level.
168,How should a parcel with mixed land uses that cannot be subdivided be classified?,82,84,page-only,high,1,1,no,"In such cases, land use should be determined according to its main use. The main use is normally defined on the basis of the production value from each activity – for example, for combinations of associated permanent and temporary crops, or of aquaculture and agriculture. Where value of production is not an appropriate criterion (as in forestry), the main use may be determined on the basis of the primary purpose of the land area, for example in agriculture–forestry combinations.","In such cases, land use should be determined according to its main use. The main use is normally defined on the basis of the production value from each activity – for example, for combinations of associated permanent and temporary crops, or of aquaculture and agriculture. Where value of production is not an appropriate criterion (as in forestry), the main use may be determined on the basis of the primary purpose of the land area, for example in agriculture–forestry combinations."
169,When is land not considered temporarily fallow?,82,84,page-only,high,1,1,no,"If the census is conducted before sowing or planting has been completed, land lying fallow at that time but intended to be put under crops soon afterwards should be classified as land under temporary crops, not as fallow. Fallow land temporarily used for grazing should still be classified as fallow if it is normally used for growing temporary crops. 7.2.24 Land left fallow for too long may acquire characteristics that require it to be reclassified, for example as “permanent meadows and pastures” if used for grazing, “forest and other wooded land” if overgrown with trees, or “other land” if it becomes wasteland.","If the census is conducted before sowing or planting has been completed, land lying fallow at that time but intended to be put under crops soon afterwards should be classified as land under temporary crops, not as fallow. Fallow land temporarily used for grazing should still be classified as fallow if it is normally used for growing temporary crops. 7.2.24 Land left fallow for too long may acquire characteristics that require it to be reclassified, for example as “permanent meadows and pastures” if used for grazing, “forest and other wooded land” if overgrown with trees, or “other land” if it becomes wasteland."
170,What are permanent crops?,82,84,page-only,high,1,1,no,"7.2.25 Land under permanent crops refers to land cultivated with long-term crops that do not need to be replanted for several years, land with trees and shrubs producing flowers (such as roses and jasmine), and nurseries (except forest tree nurseries, which should be classified as “forest and other wooded land”). Land under permanent meadows and pastures is excluded from permanent crops.","7.2.25 Land under permanent crops refers to land cultivated with long-term crops that do not need to be replanted for several years, land with trees and shrubs producing flowers (such as roses and jasmine), and nurseries (except forest tree nurseries, which should be classified as “forest and other wooded land”). Land under permanent meadows and pastures is excluded from permanent crops."
171,What is agricultural land under WCA 2030?,84,86,page-only,high,1,1,no,"Arable land does not include land under permanent crops or land that is potentially cultivable but is not normally cultivated. • Cropland is the total of arable land and land under permanent crops. • Agricultural land is the total of cropland and permanent meadows and pastures. • Land used for agriculture is the total of “agricultural land” and “land under farm buildings and farmyards”. 0204 Area of holding according to land tenure types • Legal ownership or legal owner-like possession • Non-legal ownership or non-legal owner-like possession • Rented from someone else (including rent-free) • Rented-in, leased or sharecropped with written agreement • Rented-in, leased or sharecropped without written agreement • Other types of land tenure, including • State or common land used with written agreement (certified use rights)","Arable land does not include land under permanent crops or land that is potentially cultivable but is not normally cultivated. • Cropland is the total of arable land and land under permanent crops. • Agricultural land is the total of cropland and permanent meadows and pastures. • Land used for agriculture is the total of “agricultural land” and “land under farm buildings and farmyards”. 0204 Area of holding according to land tenure types • Legal ownership or legal owner-like possession • Non-legal ownership or non-legal owner-like possession • Rented from someone else (including rent-free) • Rented-in, leased or sharecropped with written agreement • Rented-in, leased or sharecropped without written agreement • Other types of land tenure, including • State or common land used with written agreement (certified use rights)"
172,What is land tenure in Item 0204?,85,87,page-only,high,1,1,no,"Land tenure refers to the arrangements or rights under which the holder operates the land making up the holding. A distinction is made between legal and non-legal ownership, as this is a key element of tenure security. There are many different systems of formal and informal land tenure worldwide, and the distinction between legal and non-legal ownership is often blurred.","Land tenure refers to the arrangements or rights under which the holder operates the land making up the holding. A distinction is made between legal and non-legal ownership, as this is a key element of tenure security. There are many different systems of formal and informal land tenure worldwide, and the distinction between legal and non-legal ownership is often blurred."
173,Should unused irrigation infrastructure be counted as actual irrigation?,87,89,page-only,high,1,1,no,"7.3.4 Items 0301 to 0308 concern the actual use of irrigation, not whether the holding is equipped for irrigation. A holding may have irrigation infrastructure such as canals or sprinkler systems but may not use them during the reference period due to water shortages, lack of fuel, inability to pay water fees or favourable weather conditions. Irrigation is defined as the provision of water at least once during the census reference year, regardless of whether the amount was sufficient.","7.3.4 Items 0301 to 0308 concern the actual use of irrigation, not whether the holding is equipped for irrigation. A holding may have irrigation infrastructure such as canals or sprinkler systems but may not use them during the reference period due to water shortages, lack of fuel, inability to pay water fees or favourable weather conditions. Irrigation is defined as the provision of water at least once during the census reference year, regardless of whether the amount was sufficient."
174,"If the same land is irrigated and harvested twice in a year, how is area actually irrigated counted?",87,89,page-only,high,1,1,no,"Thus, if the same land is cropped, irrigated and harvested twice in a year, it is counted only once. Additional Item 0305 relates to the area of crops actually irrigated (see Annex 4). Area actually irrigated is an important stratification variable in sampling frames for census supplementary modules and ongoing surveys on irrigation.","Thus, if the same land is cropped, irrigated and harvested twice in a year, it is counted only once. Additional Item 0305 relates to the area of crops actually irrigated (see Annex 4). Area actually irrigated is an important stratification variable in sampling frames for census supplementary modules and ongoing surveys on irrigation."
175,How is area planted counted when the same area is planted more than once?,87,89,page-only,high,1,1,no,"If the same area is planted more than once, as in successive cropping or in two different seasons, the area should be counted only once. When assigning a crop to a planted area in cases of successive cropping, the crop with the highest value or the crop that occupied the land for the longest time should be considered. 7.4.2 In the case of intercropping, mixed cropping or associated crops, the criterion for allocating the planted area between crops may follow the same approach described in Item 0403 (see paragraphs 7.4.11 to 7.4.15).","If the same area is planted more than once, as in successive cropping or in two different seasons, the area should be counted only once. When assigning a crop to a planted area in cases of successive cropping, the crop with the highest value or the crop that occupied the land for the longest time should be considered. 7.4.2 In the case of intercropping, mixed cropping or associated crops, the criterion for allocating the planted area between crops may follow the same approach described in Item 0403 (see paragraphs 7.4.11 to 7.4.15)."
176,Should an area where the harvest was destroyed be included in area harvested?,88,90,page-only,high,1,1,no,"Area where harvest was lost because of drought, flooding, pest attack or other causes is excluded. A percentage loss criterion, such as the proportion of area lost due to extreme events (droughts, floods, etc.), may be applied to determine whether a crop should be considered destroyed. Crops that are damaged but not destroyed are included in the area harvested.","Area where harvest was lost because of drought, flooding, pest attack or other causes is excluded. A percentage loss criterion, such as the proportion of area lost due to extreme events (droughts, floods, etc.), may be applied to determine whether a crop should be considered destroyed. Crops that are damaged but not destroyed are included in the area harvested."
177,How are two successive rice crops on the same one-hectare field reported for harvested area?,88,90,page-only,high,1,1,no,"If two rice crops—a summer and a winter crop—are grown on the same 1 ha field during the year, the rice area is reported as 2 ha. Successive crops grown by two different holdings should be counted under each holding. 7.4.9 Successive crops should be distinguished from successive harvests of the same standing crop, such as sugar cane or hay, where the area is counted only once.","If two rice crops—a summer and a winter crop—are grown on the same 1 ha field during the year, the rice area is reported as 2 ha. Successive crops grown by two different holdings should be counted under each holding. 7.4.9 Successive crops should be distinguished from successive harvests of the same standing crop, such as sugar cane or hay, where the area is counted only once."
178,"For mixed crops grown unsystematically, what must be true of the estimated component areas?",88,90,page-only,high,1,1,no,"In such cases, the area of the inter-planted plot or field is assigned to each crop in proportion to the area it occupies, and the sum of the individual crop areas must equal the total area of the plot or field. 7.4.11 The same applies to mixed crops, where more than one crop, often several, is grown unsystematically in a plot or field. In such cases, it is more difficult to calculate the areas and some estimation is required.","In such cases, the area of the inter-planted plot or field is assigned to each crop in proportion to the area it occupies, and the sum of the individual crop areas must equal the total area of the plot or field. 7.4.11 The same applies to mixed crops, where more than one crop, often several, is grown unsystematically in a plot or field. In such cases, it is more difficult to calculate the areas and some estimation is required."
179,Why can the reported area of associated temporary and permanent crops exceed physical land area?,90,92,page-only,high,1,1,no,"In this case, the total area of the associated crops is greater than the physical area of the land. This differs from the treatment of inter-planted or mixed crops (see paragraphs 7.4.11–7.4.12). Often, associations of temporary and permanent crops are complex, with several types of each grown together in a single compact plantation, requiring countries to develop procedures suited to their national circumstances.","In this case, the total area of the associated crops is greater than the physical area of the land. This differs from the treatment of inter-planted or mixed crops (see paragraphs 7.4.11–7.4.12). Often, associations of temporary and permanent crops are complex, with several types of each grown together in a single compact plantation, requiring countries to develop procedures suited to their national circumstances."
180,What are fertilizers for agricultural census purposes?,90,92,page-only,high,1,1,no,"7.4.23 For the purposes of the agricultural census, fertilizers are mineral or organic substances, natural or manufactured, applied to soil, irrigation water or a hydroponic medium to supply plants with nutrients or to enhance plant growth. The term “fertilizer” generally refers to sources of plant nutrients containing at least 5 percent of a combination of the three primary nutrients (N, P 2O5 and K2O). Products with less than 5 percent of combined plant nutrients should be recorded under “other organic materials to enhance plant growth”.","7.4.23 For the purposes of the agricultural census, fertilizers are mineral or organic substances, natural or manufactured, applied to soil, irrigation water or a hydroponic medium to supply plants with nutrients or to enhance plant growth. The term “fertilizer” generally refers to sources of plant nutrients containing at least 5 percent of a combination of the three primary nutrients (N, P 2O5 and K2O). Products with less than 5 percent of combined plant nutrients should be recorded under “other organic materials to enhance plant growth”."
181,What are biofertilizers?,91,93,page-only,high,1,1,no,"7.4.27 Biofertilizers are products containing living or dormant micro-organisms, such as bacteria, including fungi, actinomycetes or algae, alone or in combination, which provide nutrients to enhance plant growth. When applied, these microbial inoculants help fix atmospheric nitrogen or solubilize and mobilize soil nutrients (FAO, 2019). 7.4.28 Animal manure is material from livestock production operations used for fertilization purposes.","7.4.27 Biofertilizers are products containing living or dormant micro-organisms, such as bacteria, including fungi, actinomycetes or algae, alone or in combination, which provide nutrients to enhance plant growth. When applied, these microbial inoculants help fix atmospheric nitrogen or solubilize and mobilize soil nutrients (FAO, 2019). 7.4.28 Animal manure is material from livestock production operations used for fertilization purposes."
182,What does livestock include in WCA 2030?,91,93,page-only,high,1,1,no,"THEME 5: LIVESTOCK 7.5.1 Livestock refers to all animals, birds and insects kept or reared in captivity mainly for agricultural purposes. This includes terrestrial species such as cattle, buffaloes, horses and other equine animals, camels, sheep, goats and pigs, as well as avian species (poultry), bees (counted by number of colonies), silkworms and others (see Annex 8). Domestic animals such as cats and dogs are excluded unless raised for food or other agricultural purposes.","THEME 5: LIVESTOCK 7.5.1 Livestock refers to all animals, birds and insects kept or reared in captivity mainly for agricultural purposes. This includes terrestrial species such as cattle, buffaloes, horses and other equine animals, camels, sheep, goats and pigs, as well as avian species (poultry), bees (counted by number of colonies), silkworms and others (see Annex 8). Domestic animals such as cats and dogs are excluded unless raised for food or other agricultural purposes."
183,Should animals being grazed on communal land be included in livestock numbers?,93,95,page-only,high,1,1,no,"Animals raised include those present on the holding as well as those being grazed on communal land or in transit at the time of enumeration, except livestock belonging to another holding that are moved temporarily for sanitary or other reasons. The latter should be reported by the other holding. If other units are used, this must be specified in reports and dissemination products.","Animals raised include those present on the holding as well as those being grazed on communal land or in transit at the time of enumeration, except livestock belonging to another holding that are moved temporarily for sanitary or other reasons. The latter should be reported by the other holding. If other units are used, this must be specified in reports and dissemination products."
184,How does WCA 2030 distinguish raising an animal from being employed to care for it?,93,95,page-only,high,1,1,no,"7.5.6 A holding is considered to be raising an animal if it has primary responsibility for looking after the animal on a long-term basis and for making day-to-day decisions about its use. Most holders own and raise their own animals, but sometimes they raise animals belonging to someone else under a lease agreement. This may involve payment in cash or in other forms, such as a share of the livestock produce.","7.5.6 A holding is considered to be raising an animal if it has primary responsibility for looking after the animal on a long-term basis and for making day-to-day decisions about its use. Most holders own and raise their own animals, but sometimes they raise animals belonging to someone else under a lease agreement. This may involve payment in cash or in other forms, such as a share of the livestock produce."
185,What are pesticides?,94,96,page-only,high,1,1,no,"7.6.2 Pesticides refer to any substance, or mixture of substances of chemical, biological or genetic (synthetic) ingredients intended for repelling, destroying or controlling any pest, or regulating plant growth (FAO and WHO, 2014). These can be categorized as shown above. 7.6.3 Insecticides are substances used to kill or repel insects.","7.6.2 Pesticides refer to any substance, or mixture of substances of chemical, biological or genetic (synthetic) ingredients intended for repelling, destroying or controlling any pest, or regulating plant growth (FAO and WHO, 2014). These can be categorized as shown above. 7.6.3 Insecticides are substances used to kill or repel insects."
186,Should machinery owned but not used be reported under Item 0604?,94,96,page-only,high,1,1,no,"Machinery or equipment owned by the holder but not used should also be excluded. 7.6.5 A broad concept of machinery and equipment is used for the agricultural census, covering all machinery, equipment and implements used as inputs to agricultural production. This ranges from simple hand tools, such as a hoe, to complex machinery, such as a combine harvester.","Machinery or equipment owned by the holder but not used should also be excluded. 7.6.5 A broad concept of machinery and equipment is used for the agricultural census, covering all machinery, equipment and implements used as inputs to agricultural production. This ranges from simple hand tools, such as a hoe, to complex machinery, such as a combine harvester."
187,What types of labour inputs does Theme 9 cover?,95,97,page-only,high,1,1,no,"THEME 9: WORK ON THE HOLDING Reference concepts of work and forms of work in labour statistics 7.9.1 This theme covers items related to the two types of labour inputs on agricultural holdings: (i) work provided by household or family members, and (ii) work provided by external workers: paid employees and contractors (see Figure 7.2). FIGURE 7.2 CORRESPONDENCE BETWEEN TYPES OF LABOUR INPUTS AND WORK ON THE HOLDING’S ITEMS Work on the holding Employees Household members (paid and unpaid) Contractors Permanent employees  male  female Temporary employees Family members  male  female Holder A D D I T I O N A L 0904 0901; 0902 0903 0905 E S S E N T I A L SOURCE: Authors’ own elaboration. 7.9.2 Data collection on work on the holding in the agricultural census should be in line with recommendations provided in the Resolution concerning statistics of work, employment and labour underutilization (ILO, 2013) adopted by the 19th International Conference of Labour Statisticians (ICLS) in 2013 and amended by the 21st ICLS in 2023 (ILO, 2023a) (below referred to as the Resolution).","THEME 9: WORK ON THE HOLDING Reference concepts of work and forms of work in labour statistics 7.9.1 This theme covers items related to the two types of labour inputs on agricultural holdings: (i) work provided by household or family members, and (ii) work provided by external workers: paid employees and contractors (see Figure 7.2). FIGURE 7.2 CORRESPONDENCE BETWEEN TYPES OF LABOUR INPUTS AND WORK ON THE HOLDING’S ITEMS Work on the holding Employees Household members (paid and unpaid) Contractors Permanent employees  male  female Temporary employees Family members  male  female Holder A D D I T I O N A L 0904 0901; 0902 0903 0905 E S S E N T I A L SOURCE: Authors’ own elaboration. 7.9.2 Data collection on work on the holding in the agricultural census should be in line with recommendations provided in the Resolution concerning statistics of work, employment and labour underutilization (ILO, 2013) adopted by the 19th International Conference of Labour Statisticians (ICLS) in 2013 and amended by the 21st ICLS in 2023 (ILO, 2023a) (below referred to as the Resolution)."
188,Why does WCA 2030 use a twelve-month work reference period?,96,98,page-only,high,1,1,no,"However, for the agricultural census, a longer observation period, such as 12 months, is more appropriate to capture work inputs into agricultural production throughout the year, given the seasonal nature of many agricultural activities. For all items in this theme, the reference period is the census reference year. For the purposes of this theme, some concepts are adapted to suit the long reference period (see definition of “main activity” in Item 0901).","However, for the agricultural census, a longer observation period, such as 12 months, is more appropriate to capture work inputs into agricultural production throughout the year, given the seasonal nature of many agricultural activities. For all items in this theme, the reference period is the census reference year. For the purposes of this theme, some concepts are adapted to suit the long reference period (see definition of “main activity” in Item 0901)."
189,What does Item 0901 determine?,96,98,page-only,high,1,1,no,"Reference period: census reference year 7.9.9 The purpose of this item is to determine whether or not, during the census reference year, the household member spent more time working on the agricultural holding than outside the holding (considering activities within the SNA production boundary). The main job is determined by either the job with the longest typically worked hours or, if unavailable, the job generating the highest income for the worker. 0902 Working time on the holding (for each household member of working age, identifying the sex) Essential item.","Reference period: census reference year 7.9.9 The purpose of this item is to determine whether or not, during the census reference year, the household member spent more time working on the agricultural holding than outside the holding (considering activities within the SNA production boundary). The main job is determined by either the job with the longest typically worked hours or, if unavailable, the job generating the highest income for the worker. 0902 Working time on the holding (for each household member of working age, identifying the sex) Essential item."
190,How should a hired service provider be distinguished from an employee?,98,100,page-only,high,1,1,no,7.9.17 A distinction is made between hiring an employee to work on the holding for a defined remuneration and engaging a contractor to provide certain agricultural services for an agreed fee. Item 0903 covers only employees. Contract work is covered in Item 0905.,7.9.17 A distinction is made between hiring an employee to work on the holding for a defined remuneration and engaging a contractor to provide certain agricultural services for an agreed fee. Item 0903 covers only employees. Contract work is covered in Item 0905.
191,"In the agricultural census, what does presence of aquaculture mean?",99,101,page-only,high,1,1,no,"Reference period: census reference year 7.10.2 In the context of the agricultural census, presence of aquaculture refers to aquacultural production activities carried out in association with agricultural production. This means that the aquacultural activities are integrated with agricultural production, such as in rice-cum-fish culture, or that aquaculture and agriculture share the same inputs, such as machinery and labour. This item could be used to establish sampling frames for aquaculture-related census supplementary modules and ongoing surveys on aquaculture.","Reference period: census reference year 7.10.2 In the context of the agricultural census, presence of aquaculture refers to aquacultural production activities carried out in association with agricultural production. This means that the aquacultural activities are integrated with agricultural production, such as in rice-cum-fish culture, or that aquaculture and agriculture share the same inputs, such as machinery and labour. This item could be used to establish sampling frames for aquaculture-related census supplementary modules and ongoing surveys on aquaculture."
192,What remains the main focus of an agricultural census?,100,102,page-only,high,1,1,no,"8.1 The main focus of an agricultural census is structural data collected at the holding-level. These structural data concern decisions made by the holding, such as what crops to grow and what agricultural inputs to use, and therefore can only be reported by the holding itself, not by public administrations. 8.2 However, some types of community-level data are of interest for policymaking, particularly for planning targeted development programmes.","8.1 The main focus of an agricultural census is structural data collected at the holding-level. These structural data concern decisions made by the holding, such as what crops to grow and what agricultural inputs to use, and therefore can only be reported by the holding itself, not by public administrations. 8.2 However, some types of community-level data are of interest for policymaking, particularly for planning targeted development programmes."
193,Why collect community-level data?,100,102,page-only,high,1,1,no,"8.2 However, some types of community-level data are of interest for policymaking, particularly for planning targeted development programmes. For example, data on the infrastructure and services available to holdings are useful for designing policies aimed at improving rural infrastructure and services, while data on whether the community is prone to natural disasters or subject to seasonal food shortages can inform food security analysis. Although, in theory, these and other types of community-level data could also be collected from holdings, it is often more practical to collect them directly at the community-level.","8.2 However, some types of community-level data are of interest for policymaking, particularly for planning targeted development programmes. For example, data on the infrastructure and services available to holdings are useful for designing policies aimed at improving rural infrastructure and services, while data on whether the community is prone to natural disasters or subject to seasonal food shortages can inform food security analysis. Although, in theory, these and other types of community-level data could also be collected from holdings, it is often more practical to collect them directly at the community-level."
194,What warning does WCA 2030 give about adding a community survey?,100,102,page-only,high,1,1,no,"However, inclusion of a community survey should not compromise the census operation, which remains the main priority. Community-level data should be collected only if time and budget permit. Community-level data are of statistical interest for several reasons.","However, inclusion of a community survey should not compromise the census operation, which remains the main priority. Community-level data should be collected only if time and budget permit. Community-level data are of statistical interest for several reasons."
195,How can community-level land data complement holding-level data?,100,102,page-only,high,1,1,no,"Land reported by holdings may not capture the total land used for agricultural purposes due to the presence of communal land not directly belonging to any agricultural holding, such as land for communal grazing. This is especially relevant in pastoral areas, where extensive areas fall under community control. In such cases, complementing holding-level land use data with community-level information provides a more complete picture of land used for agriculture at national and subnational levels.","Land reported by holdings may not capture the total land used for agricultural purposes due to the presence of communal land not directly belonging to any agricultural holding, such as land for communal grazing. This is especially relevant in pastoral areas, where extensive areas fall under community control. In such cases, complementing holding-level land use data with community-level information provides a more complete picture of land used for agriculture at national and subnational levels."
196,What is a community for community-level data collection?,101,103,page-only,high,1,1,no,"METHODOLOGICAL CONSIDERATIONS Defining a community as a statistical unit for community-level data collection 8.8 A community can be defined as a self-contained unit of social and economic activities (FAO 1983). Population and housing censuses use the similar concept of locality, which is “a distinct population cluster (also designated as inhabited place, populated centre, settlement and so forth) in which the inhabitants live in neighbouring or contiguous sets of living quarters and that has a name or a locally recognized status” (UN, 2025, paragraphs 5.93–5.96). Under these definitions, the community or locality may not be the same as the lowest administrative unit.","METHODOLOGICAL CONSIDERATIONS Defining a community as a statistical unit for community-level data collection 8.8 A community can be defined as a self-contained unit of social and economic activities (FAO 1983). Population and housing censuses use the similar concept of locality, which is “a distinct population cluster (also designated as inhabited place, populated centre, settlement and so forth) in which the inhabitants live in neighbouring or contiguous sets of living quarters and that has a name or a locally recognized status” (UN, 2025, paragraphs 5.93–5.96). Under these definitions, the community or locality may not be the same as the lowest administrative unit."
197,"At minimum, what communities should be covered?",101,103,page-only,high,1,1,no,"At a minimum, countries should aim to cover all rural communities and urban communities where community-level agriculture is present. 8.11 Community surveys are feasible only in countries with appropriate community-level organization. In some rural areas, communities may not exist as administrative units, may lack clearly defined boundaries, or may have weak administrations.","At a minimum, countries should aim to cover all rural communities and urban communities where community-level agriculture is present. 8.11 Community surveys are feasible only in countries with appropriate community-level organization. In some rural areas, communities may not exist as administrative units, may lack clearly defined boundaries, or may have weak administrations."
198,Who can complete or support the community questionnaire?,102,104,page-only,high,1,1,no,"8.15 The community questionnaire may be completed through an interview with the village head by an enumerator or by using the expert group technique for each community. The expert group typically includes the village chief along with prominent citizens and resource persons familiar with the community’s social, economic and environmental situation, such as teachers, nurses, extension officers, religious leaders, NGO representatives, and leaders of farmers’ organizations. Consideration may also be given to collecting community-level data by mail, provided the questionnaire is simple enough for community administrations to complete it independently, with cost being an important factor.","8.15 The community questionnaire may be completed through an interview with the village head by an enumerator or by using the expert group technique for each community. The expert group typically includes the village chief along with prominent citizens and resource persons familiar with the community’s social, economic and environmental situation, such as teachers, nurses, extension officers, religious leaders, NGO representatives, and leaders of farmers’ organizations. Consideration may also be given to collecting community-level data by mail, provided the questionnaire is simple enough for community administrations to complete it independently, with cost being an important factor."
199,Should crop and livestock estimates be collected from community officials instead of holdings?,102,104,page-only,high,1,1,no,"For example, data on crops grown and livestock raised should be collected directly from holdings, not by asking a community official to provide estimates. • Communities should not be asked to report the same data as holdings. The only exception could be land use data from community records. If they are deemed of good quality and their concepts and definitions are compatible with those adopted for the agricultural census, they could be used for checking at the aggregate level the land use data reported by holdings. • The community survey should not be used for collecting data available from other reliable statistical and administrative data sources. • Community-level data are only useful if they can be presented in statistical summaries.","For example, data on crops grown and livestock raised should be collected directly from holdings, not by asking a community official to provide estimates. • Communities should not be asked to report the same data as holdings. The only exception could be land use data from community records. If they are deemed of good quality and their concepts and definitions are compatible with those adopted for the agricultural census, they could be used for checking at the aggregate level the land use data reported by holdings. • The community survey should not be used for collecting data available from other reliable statistical and administrative data sources. • Community-level data are only useful if they can be presented in statistical summaries."
200,How many community-level items should normally be included?,102,104,page-only,high,1,1,no,"More information on tabulation for the community-level data is given in paragraphs 9.34–9.36. • The community-level items should be limited to key administrative information or aspects of the community that are well-known to people in the community, such as weather conditions, economic activities, and whether certain infrastructure and services exist. • The number of community-level items should be kept to a minimum – normally 10–20 items.","More information on tabulation for the community-level data is given in paragraphs 9.34–9.36. • The community-level items should be limited to key administrative information or aspects of the community that are well-known to people in the community, such as weather conditions, economic activities, and whether certain infrastructure and services exist. • The number of community-level items should be kept to a minimum – normally 10–20 items."
201,Why should the community survey use a common geographic coding system?,102,104,page-only,high,1,1,no,"This enables linkage with existing registers or databases and helps to avoid duplication of data already available, allowing the census to focus on agriculture-related data. 8.18 Other issues to be considered in deciding on the content of the community survey are: • The collection of data directly from holdings is one of the features that distinguish an agricultural census from the administrative reporting systems used in many countries. The community survey should not be used for acquiring data that are better collected directly from holdings.","This enables linkage with existing registers or databases and helps to avoid duplication of data already available, allowing the census to focus on agriculture-related data. 8.18 Other issues to be considered in deciding on the content of the community survey are: • The collection of data directly from holdings is one of the features that distinguish an agricultural census from the administrative reporting systems used in many countries. The community survey should not be used for acquiring data that are better collected directly from holdings."
202,What must be checked when community land data complement holding-level land data?,103,105,page-only,high,1,1,no,"8.24 When collecting community-level data on Items 2103–2106 to complement the individual data collected from holdings, it is important to ensure that duplicate counting of data is avoided. In this respect, community-level data should specify community land area rented out to individual holdings. In order to make up aggregations for total land area by land use types, the land use classification recommended in the Chapter 7, Theme 2 should be applied (see paragraph 7.2.14).","8.24 When collecting community-level data on Items 2103–2106 to complement the individual data collected from holdings, it is important to ensure that duplicate counting of data is avoided. In this respect, community-level data should specify community land area rented out to individual holdings. In order to make up aggregations for total land area by land use types, the land use classification recommended in the Chapter 7, Theme 2 should be applied (see paragraph 7.2.14)."
203,What is the primary form for presenting agricultural census data?,105,107,page-only,high,1,1,no,"The primary form of presenting such data is the statistical table. Statistical tables provide a structured and organized way to display information, enabling comparison, analysis and interpretation of census results. The tabulation programme for an agricultural census refers to the set of statistical tables prepared to present the main findings and key results.","The primary form of presenting such data is the statistical table. Statistical tables provide a structured and organized way to display information, enabling comparison, analysis and interpretation of census results. The tabulation programme for an agricultural census refers to the set of statistical tables prepared to present the main findings and key results."
204,What is a tabulation programme?,105,107,page-only,high,1,1,no,"The tabulation programme for an agricultural census refers to the set of statistical tables prepared to present the main findings and key results. These tables should be designed to meet the primary needs and requirements of the intended users of census data. 9.3 With the rapid advancement of information and communication technologies, the presentation of census data is changing significantly.","The tabulation programme for an agricultural census refers to the set of statistical tables prepared to present the main findings and key results. These tables should be designed to meet the primary needs and requirements of the intended users of census data. 9.3 With the rapid advancement of information and communication technologies, the presentation of census data is changing significantly."
205,When should the generic tabulation programme be determined?,105,107,page-only,high,1,1,no,"Existence of a tabulation programme: during questionnaire design, it is necessary to determine the generic tabulation programme for the agricultural census. This ensures that the data collected align with the requirements of the tabulation programme.30 The choice of a tabulation programme can also influence the overall census design. For example, the level of administrative units included in the tabulation programme may affect decisions related to the census enumeration method and the determination of sample size for supplementary modules if the modular approach is adopted. b.","Existence of a tabulation programme: during questionnaire design, it is necessary to determine the generic tabulation programme for the agricultural census. This ensures that the data collected align with the requirements of the tabulation programme.30 The choice of a tabulation programme can also influence the overall census design. For example, the level of administrative units included in the tabulation programme may affect decisions related to the census enumeration method and the determination of sample size for supplementary modules if the modular approach is adopted. b."
206,Why should countries still produce basic standard reports even with web databases?,106,108,page-only,high,1,1,no,"The purpose of producing standard reports is to ensure that the census results reach a wide audience, including those who may not have access to or prefer web-based platforms. c. Standard tables for international comparisons: to facilitate international comparisons and promote harmonization of census data across countries, the use of standard tables is essential. Even for countries that do not have their census databases on the web, it is important to provide standard tables that contain comparable data.","The purpose of producing standard reports is to ensure that the census results reach a wide audience, including those who may not have access to or prefer web-based platforms. c. Standard tables for international comparisons: to facilitate international comparisons and promote harmonization of census data across countries, the use of standard tables is essential. Even for countries that do not have their census databases on the web, it is important to provide standard tables that contain comparable data."
207,Why are standard tables important?,106,108,page-only,high,1,1,no,"Standard tables for international comparisons: to facilitate international comparisons and promote harmonization of census data across countries, the use of standard tables is essential. Even for countries that do not have their census databases on the web, it is important to provide standard tables that contain comparable data. By adhering to standard tables, countries can ensure consistency and compatibility in their census data, enabling meaningful cross-country analyses and benchmarking exercises.","Standard tables for international comparisons: to facilitate international comparisons and promote harmonization of census data across countries, the use of standard tables is essential. Even for countries that do not have their census databases on the web, it is important to provide standard tables that contain comparable data. By adhering to standard tables, countries can ensure consistency and compatibility in their census data, enabling meaningful cross-country analyses and benchmarking exercises."
208,Against what common variable should all census data items be presented at least once?,106,108,page-only,high,1,1,no,"9.5 All data items collected in the census should be presented in at least one table cross-tabulated with the administrative region or agroecological zone (see definition in paragraph 7.1.2). A holding may manage land in different administrative units and even in different agroecological zones. If this is significant in a country, tabulating agricultural holdings by administrative unit or agroecological zone could lead to misleading results.","9.5 All data items collected in the census should be presented in at least one table cross-tabulated with the administrative region or agroecological zone (see definition in paragraph 7.1.2). A holding may manage land in different administrative units and even in different agroecological zones. If this is significant in a country, tabulating agricultural holdings by administrative unit or agroecological zone could lead to misleading results."
209,What is a classification variable?,106,108,page-only,high,1,1,no,"Often, classification variables need to be formed into suitable classes for presentation in the tables. Thus, in the above examples, age of holder needs to be grouped into suitable age classes and area of holding into suitable area classes. The most basic set of census tables presents the data for each item against a common variable such as the administrative regions of the country.","Often, classification variables need to be formed into suitable classes for presentation in the tables. Thus, in the above examples, age of holder needs to be grouped into suitable age classes and area of holding into suitable area classes. The most basic set of census tables presents the data for each item against a common variable such as the administrative regions of the country."
210,What does WCA 2030 advise for the main census report on cross-tabulations and three-way tables?,106,108,page-only,high,1,1,no,"This would be a two-way table showing the number of holdings in each age/area class; for example, one cell of the table would show the number of holdings for which: (i) age of holder is in the range 25–34 years; and (ii) area of holding is in the range 1–<2 ha. There are a very large number of possible cross-tabulations and an even larger number of three-way tabulations, such as number of holdings classified by age of holder, area of holding and region. For the main census report, cross-tabulations should only be considered in very special cases, and three-way tables should be avoided.","This would be a two-way table showing the number of holdings in each age/area class; for example, one cell of the table would show the number of holdings for which: (i) age of holder is in the range 25–34 years; and (ii) area of holding is in the range 1–<2 ha. There are a very large number of possible cross-tabulations and an even larger number of three-way tabulations, such as number of holdings classified by age of holder, area of holding and region. For the main census report, cross-tabulations should only be considered in very special cases, and three-way tables should be avoided."
211,Why should countries align tabulation classes with international standards where possible?,107,109,page-only,high,1,1,no,"In many instances, international standards exist, and countries should strive to adhere to these standards whenever possible to facilitate cross-country comparisons. It is also essential to ensure consistency within a country’s statistical collections. For instance, using age groups such as 25–34 and 35–44 in one data collection and 20–30 and 31–40 in another would hinder meaningful comparison.","In many instances, international standards exist, and countries should strive to adhere to these standards whenever possible to facilitate cross-country comparisons. It is also essential to ensure consistency within a country’s statistical collections. For instance, using age groups such as 25–34 and 35–44 in one data collection and 20–30 and 31–40 in another would hinder meaningful comparison."
212,How many main classification variables are identified for essential-item tabulations?,111,113,page-only,high,1,1,no,9.12 Nine main classification variables have been identified for tabulations of the essential items in the census reports. These variables are discussed in the following paragraphs. Table 9.1 refers to the essential items.,9.12 Nine main classification variables have been identified for tabulations of the essential items in the census reports. These variables are discussed in the following paragraphs. Table 9.1 refers to the essential items.
213,What limitation does total area of holding have as a classification variable?,111,113,page-only,high,1,1,no,"However, it has limitations because it may include forest, woodland, or other land not used for agricultural purposes, and it does not reflect land quality. For example, non-irrigated land in arid or semi-arid regions may be less productive than irrigated land elsewhere, and land at higher altitudes may have different productive capacities compared to similar land at lower altitudes. In addition, the measure does not account for land use intensity, since some parcels may produce several crops per year while others may only yield a crop every two or three years.","However, it has limitations because it may include forest, woodland, or other land not used for agricultural purposes, and it does not reflect land quality. For example, non-irrigated land in arid or semi-arid regions may be less productive than irrigated land elsewhere, and land at higher altitudes may have different productive capacities compared to similar land at lower altitudes. In addition, the measure does not account for land use intensity, since some parcels may produce several crops per year while others may only yield a crop every two or three years."
214,Why is tabulating sex of holder complex?,112,114,page-only,high,1,1,no,"However, tabulating the sex of the holder can be complex due to situations where multiple individuals are considered as holders. 9.21 In case of multiple holders for the same holding, determining the sex of the holder requires careful consideration. Various approaches can be used to address this complexity: • Primary holder: One approach is to identify a primary holder within the holding.","However, tabulating the sex of the holder can be complex due to situations where multiple individuals are considered as holders. 9.21 In case of multiple holders for the same holding, determining the sex of the holder requires careful consideration. Various approaches can be used to address this complexity: • Primary holder: One approach is to identify a primary holder within the holding."
215,Why must categorical working-time data be converted before estimating total labour input?,114,116,page-only,high,1,1,no,"This requires converting categorical data on working time for household members and employees into continuous or ratio data. Once converted, the aggregate working time can be calculated. Various methods are available for converting categorical into continuous data.","This requires converting categorical data on working time for household members and employees into continuous or ratio data. Once converted, the aggregate working time can be calculated. Various methods are available for converting categorical into continuous data."
216,Why can fine cross-tabulations create confidentiality risks?,114,116,page-only,high,1,1,no,"This is because smaller subgroups may result in table cells being based on only a few holdings. Such limited sample sizes can compromise data confidentiality, as it becomes easier to identify individual farms or holders from the published information. This concern becomes even more significant when presenting census data on the web.","This is because smaller subgroups may result in table cells being based on only a few holdings. Such limited sample sizes can compromise data confidentiality, as it becomes easier to identify individual farms or holders from the published information. This concern becomes even more significant when presenting census data on the web."
217,How must census data be tabulated and disseminated?,115,117,page-only,high,1,1,no,"9.32 Data collected during the agricultural census must be tabulated and disseminated in a manner that ensures the confidentiality of individual holdings and respondents. Particular care is needed when producing detailed tables or cross-tabulations, especially at lower levels of geographic disaggregation or when using fine classification variables, as these may lead to the identification of individual units.","9.32 Data collected during the agricultural census must be tabulated and disseminated in a manner that ensures the confidentiality of individual holdings and respondents. Particular care is needed when producing detailed tables or cross-tabulations, especially at lower levels of geographic disaggregation or when using fine classification variables, as these may lead to the identification of individual units."
218,What are two disclosure control measures listed in WCA 2030?,116,118,page-only,high,1,1,no,"These may include suppressing cells with small counts; aggregating data into broader classes; applying minimum threshold rules; or limiting the number of variables used simultaneously in cross-tabulations (UNSD, 2007). COMMUNITY-LEVEL DATA 9.34 Community-level data in an agricultural census refers to information collected at the community-level through the community survey (see Chapter 8), which can be used in two main ways. First, it can be summarized to provide an overview of the characteristics and attributes of communities themselves, including demographic information, socioeconomic indicators, infrastructure availability, and other relevant factors.","These may include suppressing cells with small counts; aggregating data into broader classes; applying minimum threshold rules; or limiting the number of variables used simultaneously in cross-tabulations (UNSD, 2007). COMMUNITY-LEVEL DATA 9.34 Community-level data in an agricultural census refers to information collected at the community-level through the community survey (see Chapter 8), which can be used in two main ways. First, it can be summarized to provide an overview of the characteristics and attributes of communities themselves, including demographic information, socioeconomic indicators, infrastructure availability, and other relevant factors."
219,What are the two main uses of community-level data in tabulation?,116,118,page-only,high,1,1,no,"9.34 Community-level data in an agricultural census refers to information collected at the community-level through the community survey (see Chapter 8), which can be used in two main ways. First, it can be summarized to provide an overview of the characteristics and attributes of communities themselves, including demographic information, socioeconomic indicators, infrastructure availability, and other relevant factors. Second, community-level data can be used as classification variables to categorize and analyse census holding-level data, by linking each individual agricultural holding to its corresponding community.","9.34 Community-level data in an agricultural census refers to information collected at the community-level through the community survey (see Chapter 8), which can be used in two main ways. First, it can be summarized to provide an overview of the characteristics and attributes of communities themselves, including demographic information, socioeconomic indicators, infrastructure availability, and other relevant factors. Second, community-level data can be used as classification variables to categorize and analyse census holding-level data, by linking each individual agricultural holding to its corresponding community."
220,Why is preliminary cartographic work important for community-level tabulations?,116,118,page-only,high,1,1,no,"For this reason, preliminary cartographic work is essential to clearly determine the community or communities to which each enumeration area (EA) in the census belongs. 9.35 The cross-tabulation of community-level and holding-level data is also very important for assessing the quality and reliability of the information collected during the census. By comparing data at these two levels, inconsistencies or discrepancies can be identified and investigated further.","For this reason, preliminary cartographic work is essential to clearly determine the community or communities to which each enumeration area (EA) in the census belongs. 9.35 The cross-tabulation of community-level and holding-level data is also very important for assessing the quality and reliability of the information collected during the census. By comparing data at these two levels, inconsistencies or discrepancies can be identified and investigated further."
221,When is a census complete?,120,122,page-only,high,1,1,no,"10.6 A census is not complete until the information collected is made available to potential users in a form suited to their needs. The results of the census are relevant to a wide range of users. Within government, users include policy makers at the national level and local authorities covering economic growth, food security, industrial competitiveness, national accounts, environmental protection, etc.","10.6 A census is not complete until the information collected is made available to potential users in a form suited to their needs. The results of the census are relevant to a wide range of users. Within government, users include policy makers at the national level and local authorities covering economic growth, food security, industrial competitiveness, national accounts, environmental protection, etc."
222,What do metadata help users understand?,119,121,page-only,high,1,1,no,10.3 Metadata provide information about one or more aspects of the data and help users understand what the data measure and how they have been collected. This prevents misinterpretation and promotes appropriate use of the data. Metadata also support understanding of data quality by explaining the data collection process.,10.3 Metadata provide information about one or more aspects of the data and help users understand what the data measure and how they have been collected. This prevents misinterpretation and promotes appropriate use of the data. Metadata also support understanding of data quality by explaining the data collection process.
223,What should accompany all released census data?,119,121,page-only,high,1,1,no,"In addition to standard metadata items, all released data should be accompanied by quality measures to help users interpret the census results more effectively. These quality measures may be included as part of the metadata or presented separately, for example in a technical report. 10.4 Various standards and procedures for metadata documentation exist.","In addition to standard metadata items, all released data should be accompanied by quality measures to help users interpret the census results more effectively. These quality measures may be included as part of the metadata or presented separately, for example in a technical report. 10.4 Various standards and procedures for metadata documentation exist."
224,What metadata standards are mentioned in WCA 2030?,119,121,page-only,high,1,1,no,"One widely used standard is the Data Documentation Initiative (DDI). Other standards, such as the Statistical Data and Metadata Exchange (SDMX) or the Dublin Core Metadata Initiative (DCMI), 33 Open data is data that can be freely used, re-used and redistributed by anyone, subject only, at most, to the requirement to attribute and share alike (UNSD, 2019).","One widely used standard is the Data Documentation Initiative (DDI). Other standards, such as the Statistical Data and Metadata Exchange (SDMX) or the Dublin Core Metadata Initiative (DCMI), 33 Open data is data that can be freely used, re-used and redistributed by anyone, subject only, at most, to the requirement to attribute and share alike (UNSD, 2019)."
225,What should a standard dissemination plan include?,120,122,page-only,high,1,1,no,"A standard dissemination plan should be developed as part of census preparation, including development of output systems, dissemination products, management of the release, and promotion and management of user support. A variety of census products can be disseminated which are tailored to meet the needs of each particular type of user. For example, policy users in government may require that the results be analysed and include focused basic summaries of key changes and problem areas relevant to the agricultural policy of interest, with accompanying graphics, maps, and appropriate analysis.","A standard dissemination plan should be developed as part of census preparation, including development of output systems, dissemination products, management of the release, and promotion and management of user support. A variety of census products can be disseminated which are tailored to meet the needs of each particular type of user. For example, policy users in government may require that the results be analysed and include focused basic summaries of key changes and problem areas relevant to the agricultural policy of interest, with accompanying graphics, maps, and appropriate analysis."
226,What are common dissemination products?,120,122,page-only,high,1,1,no,"10.7 Common dissemination products are a final report on the main results and a summary report of key results. The reports could make useful comparisons with previous censuses, identifying trends and structural transformations of the agricultural sector, which could point towards areas for policy intervention. For countries using the modular approach, there should be a report on the core module and reports for each supplementary module.","10.7 Common dissemination products are a final report on the main results and a summary report of key results. The reports could make useful comparisons with previous censuses, identifying trends and structural transformations of the agricultural sector, which could point towards areas for policy intervention. For countries using the modular approach, there should be a report on the core module and reports for each supplementary module."
227,What should the technical reference report include?,120,122,page-only,high,1,1,no,"The dissemination plan should also include a technical reference report containing metadata, methodological and operational procedures, the census questionnaires, the main census manuals, and quality assessments, such as response rate, census coverage, proportion of imputed data by variable, etc. Consideration should be given to developing a regionally standardized reporting format to allow for easier comparison and knowledge-sharing among countries in the region. 10.8 A variety of media can be used for dissemination, including print, online and social media, although online dissemination is currently the preferred method by almost all countries due to its simplicity and cost.","The dissemination plan should also include a technical reference report containing metadata, methodological and operational procedures, the census questionnaires, the main census manuals, and quality assessments, such as response rate, census coverage, proportion of imputed data by variable, etc. Consideration should be given to developing a regionally standardized reporting format to allow for easier comparison and knowledge-sharing among countries in the region. 10.8 A variety of media can be used for dissemination, including print, online and social media, although online dissemination is currently the preferred method by almost all countries due to its simplicity and cost."
228,Why is online dissemination encouraged?,120,122,page-only,high,1,1,no,"10.8 A variety of media can be used for dissemination, including print, online and social media, although online dissemination is currently the preferred method by almost all countries due to its simplicity and cost. To better meet the data needs of users, electronic dissemination allows for further analysis and wider outreach. Dissemination through the internet should also be encouraged to provide easier access for users.","10.8 A variety of media can be used for dissemination, including print, online and social media, although online dissemination is currently the preferred method by almost all countries due to its simplicity and cost. To better meet the data needs of users, electronic dissemination allows for further analysis and wider outreach. Dissemination through the internet should also be encouraged to provide easier access for users."
229,What value-added geographic products does WCA 2030 recommend?,121,123,page-only,high,1,1,no,"In addition to preparing maps for the census tables and reports, countries should also produce an agricultural atlas. Other forms of access to maps include Web-based mapping and GIS. These technologies allow for the construction of interactive maps, such that users can generate maps that focus on various census themes, targeting specific geographies of interest, and allow linkage between maps, tables, graphs, and charts for easier interpretation of data.","In addition to preparing maps for the census tables and reports, countries should also produce an agricultural atlas. Other forms of access to maps include Web-based mapping and GIS. These technologies allow for the construction of interactive maps, such that users can generate maps that focus on various census themes, targeting specific geographies of interest, and allow linkage between maps, tables, graphs, and charts for easier interpretation of data."
230,How should census results be presented publicly?,121,123,page-only,high,1,1,no,"10.11 The presentation of census results should be an important national event. A national seminar to disseminate the main census results, along with regional dissemination seminars, is strongly suggested to place the census of agriculture on the national agenda through stakeholder engagement and public awareness. Press conferences conducted by the main authorities responsible for the census results also provide an effective means for wide dissemination.","10.11 The presentation of census results should be an important national event. A national seminar to disseminate the main census results, along with regional dissemination seminars, is strongly suggested to place the census of agriculture on the national agenda through stakeholder engagement and public awareness. Press conferences conducted by the main authorities responsible for the census results also provide an effective means for wide dissemination."
231,What are microdata?,121,123,page-only,high,1,1,no,Microdata are data recorded at the unit of enumeration – the holding or household – when an agricultural census is conducted. Each set of information about a unit constitutes a microdata record. 10.15 Microdata allow users to conduct a wider range of analyses than is possible with aggregate data.,Microdata are data recorded at the unit of enumeration – the holding or household – when an agricultural census is conducted. Each set of information about a unit constitutes a microdata record. 10.15 Microdata allow users to conduct a wider range of analyses than is possible with aggregate data.
232,What balance is required when providing microdata access?,121,123,page-only,high,1,1,no,"34 FAOSTAT domain on Structural data from agricultural censuses is available at: https://www.fao.org/faostat/en/#data/WCAD 10.16 Providing access to microdata requires balancing the demands of the research community with the legislated obligation to maintain the confidentiality of information collected from respondents. To ensure safe access to microdata, both respondents’ privacy and data producers’ confidentiality requirements must be respected. This means reducing the risk of disclosure while maintaining the usefulness of the data.","34 FAOSTAT domain on Structural data from agricultural censuses is available at: https://www.fao.org/faostat/en/#data/WCAD 10.16 Providing access to microdata requires balancing the demands of the research community with the legislated obligation to maintain the confidentiality of information collected from respondents. To ensure safe access to microdata, both respondents’ privacy and data producers’ confidentiality requirements must be respected. This means reducing the risk of disclosure while maintaining the usefulness of the data."
233,What are three safe-access methods for census microdata?,122,124,page-only,high,1,1,no,"This publication provides relevant references about Statistical Disclosure Control (SDC).35 10.18 Different methods of access to microdata are possible, offering different tradeoffs between the level of detail released and the protection of confidentiality. Other issues to be considered are the costs and level of organization necessary to generate and manage the various methods. 10.19 Common types of methods for safe access are: • Public use files (PUFs): These files (which may be from a sample of census records) undergo a rigorous statistical disclosure control process so that the chance of re-identification of respondents is minimal. • Licensed files: Licensed files are also anonymized but with the possibility of fewer SDC procedures being applied.","This publication provides relevant references about Statistical Disclosure Control (SDC).35 10.18 Different methods of access to microdata are possible, offering different tradeoffs between the level of detail released and the protection of confidentiality. Other issues to be considered are the costs and level of organization necessary to generate and manage the various methods. 10.19 Common types of methods for safe access are: • Public use files (PUFs): These files (which may be from a sample of census records) undergo a rigorous statistical disclosure control process so that the chance of re-identification of respondents is minimal. • Licensed files: Licensed files are also anonymized but with the possibility of fewer SDC procedures being applied."
234,When should social media be used in the census operation?,123,125,page-only,high,1,1,no,"10.23 It is important to note that social media should be used throughout the census operation. In the pre-census period, explaining the scope of the census, the different data collection modes and other characteristics of the operation and promoting the participation of those surveyed. During the census, informing about different problems that may occur during the field operation and serving as a hotline to help the respondents.","10.23 It is important to note that social media should be used throughout the census operation. In the pre-census period, explaining the scope of the census, the different data collection modes and other characteristics of the operation and promoting the participation of those surveyed. During the census, informing about different problems that may occur during the field operation and serving as a hotline to help the respondents."
235,What are data conflicts?,123,125,page-only,high,1,1,no,"These occur when the estimates of some variables from the census differ from those obtained from other sources, such as surveys, expert opinion or administrative records. These other sources provide current information on variables that change quickly over time. Census data should be given more weight, as they cover the entire population and therefore have no sampling error.","These occur when the estimates of some variables from the census differ from those obtained from other sources, such as surveys, expert opinion or administrative records. These other sources provide current information on variables that change quickly over time. Census data should be given more weight, as they cover the entire population and therefore have no sampling error."
236,What is the first step when faced with conflicting data?,124,126,page-only,high,1,1,no,"10.27 Therefore, when faced with conflicting data, the first step is to identify the source of the discrepancy. Once it is identified, reconciliation methods can be applied (see FAO, 2017c, Chapter 3). Before applying any reconciliation method, it is important to decide whether the census data should have priority over data from other sources (the usual case because the census is undertaken without sampling error).","10.27 Therefore, when faced with conflicting data, the first step is to identify the source of the discrepancy. Once it is identified, reconciliation methods can be applied (see FAO, 2017c, Chapter 3). Before applying any reconciliation method, it is important to decide whether the census data should have priority over data from other sources (the usual case because the census is undertaken without sampling error)."
237,Why are census data usually prioritized in reconciliation?,124,126,page-only,high,1,1,no,"Before applying any reconciliation method, it is important to decide whether the census data should have priority over data from other sources (the usual case because the census is undertaken without sampling error). In such cases, the corresponding census information is “officialized” and the survey designs or non-survey procedures need to be calibrated. More information on how to correct discrepancies can be found in Chapter 25 of the World programme for the census of agriculture 2020.","Before applying any reconciliation method, it is important to decide whether the census data should have priority over data from other sources (the usual case because the census is undertaken without sampling error). In such cases, the corresponding census information is “officialized” and the survey designs or non-survey procedures need to be calibrated. More information on how to correct discrepancies can be found in Chapter 25 of the World programme for the census of agriculture 2020."
238,What is data archiving?,124,126,page-only,high,1,1,no,"10.29 Data archiving is a means of ensuring long-term preservation of data and assists users in understanding and interpreting data. It primarily relates to digital data that can be vulnerable to obsolescence of enabling technologies, from hardware and software used to store and access the data to physical damage rendering the technologies unusable and to loss due to the passage of time. This section provides a summary of the rationale for data archiving and its process.","10.29 Data archiving is a means of ensuring long-term preservation of data and assists users in understanding and interpreting data. It primarily relates to digital data that can be vulnerable to obsolescence of enabling technologies, from hardware and software used to store and access the data to physical damage rendering the technologies unusable and to loss due to the passage of time. This section provides a summary of the rationale for data archiving and its process."
239,What should a census data archive include?,124,126,page-only,high,1,1,no,"A census data archive should include raw and edited microdata and macrodata, together with the appropriate metadata, census dissemination products and census tools such as computational programs, conversion tables, enumeration manuals, training manuals, supervision manuals, questionnaires, cartography, etc. In addition, archived data must contain information about its quality, so it is important to include quality reports, estimated sampling errors in the case of sample modules, results from PES (if applicable), etc.","A census data archive should include raw and edited microdata and macrodata, together with the appropriate metadata, census dissemination products and census tools such as computational programs, conversion tables, enumeration manuals, training manuals, supervision manuals, questionnaires, cartography, etc. In addition, archived data must contain information about its quality, so it is important to include quality reports, estimated sampling errors in the case of sample modules, results from PES (if applicable), etc."
240,How does WCA 2030 treat an agricultural holding under the SNA framework?,128,130,page-only,high,1,1,no,"For the purposes of the agricultural census, the agricultural holding is treated as equivalent to an establishment unit under the SNA framework. Most agricultural production activities are undertaken by households. For the household sector, the enterprise is the agricultural production management unit in the household, and the agricultural holding (establishment) is the unit of agricultural production within the management unit.","For the purposes of the agricultural census, the agricultural holding is treated as equivalent to an establishment unit under the SNA framework. Most agricultural production activities are undertaken by households. For the household sector, the enterprise is the agricultural production management unit in the household, and the agricultural holding (establishment) is the unit of agricultural production within the management unit."
241,Are agricultural service activities under ISIC Group 016 generally included in the agricultural census?,128,130,page-only,high,1,1,no,"These service activities are becoming increasingly important, but are generally not included within the scope of the agricultural census. However, countries can obtain information about the holdings’ involvement in post-harvest crop activities in Item 0111 “Other economic activities of the household”, option “Other: all other ISIC classes not covered in the above categories”. The agricultural holding as an establishment Under SNA, an establishment in the agricultural industry (ISIC Groups 011, 012, 013, 014 and 015) is one whose principal activity is in one of the designated ISIC Groups.","These service activities are becoming increasingly important, but are generally not included within the scope of the agricultural census. However, countries can obtain information about the holdings’ involvement in post-harvest crop activities in Item 0111 “Other economic activities of the household”, option “Other: all other ISIC classes not covered in the above categories”. The agricultural holding as an establishment Under SNA, an establishment in the agricultural industry (ISIC Groups 011, 012, 013, 014 and 015) is one whose principal activity is in one of the designated ISIC Groups."
242,Which ISIC group defines aquaculture in the annex?,133,136,page-only,high,1,1,no,"ISIC Group 032: Aquaculture This group includes aquaculture (or aquafarming) – i.e. the production process involving the culturing or farming (including harvesting) of aquatic organisms (fish, molluscs, crustaceans, plants, crocodiles, alligators and amphibians) using techniques designed to increase the production of the organisms in question beyond the natural capacity of the environment (for example, regular stocking, feeding and protection from predators). Culturing/farming refers to rearing the above organisms to their juvenile and/or adult phase under captive conditions. In addition, aquaculture also encompasses individual, corporate or state ownership of the individual organisms throughout the rearing or culture stage, up to and including harvesting.","ISIC Group 032: Aquaculture This group includes aquaculture (or aquafarming) – i.e. the production process involving the culturing or farming (including harvesting) of aquatic organisms (fish, molluscs, crustaceans, plants, crocodiles, alligators and amphibians) using techniques designed to increase the production of the organisms in question beyond the natural capacity of the environment (for example, regular stocking, feeding and protection from predators). Culturing/farming refers to rearing the above organisms to their juvenile and/or adult phase under captive conditions. In addition, aquaculture also encompasses individual, corporate or state ownership of the individual organisms throughout the rearing or culture stage, up to and including harvesting."
243,What does Annex 4 say about how additional items are better collected?,134,137,page-only,high,1,1,no,"As explained in Chapter 6, additional items are better collected on a sample basis, either in sample census modules or follow up surveys. The chapter proposes a decision tree that countries are encouraged to use to support the decision on whether an item is a census or a survey item. THEME 1 : IDENTIFICATION AND GENERAL CHARACTERISTICS 0102 Respondent for the agricultural holding Reference period: census reference day 1.","As explained in Chapter 6, additional items are better collected on a sample basis, either in sample census modules or follow up surveys. The chapter proposes a decision tree that countries are encouraged to use to support the decision on whether an item is a census or a survey item. THEME 1 : IDENTIFICATION AND GENERAL CHARACTERISTICS 0102 Respondent for the agricultural holding Reference period: census reference day 1."
244,Why collect the respondent for the agricultural holding?,134,137,page-only,high,1,1,no,This item can be used for quality assessments and checks. The respondent should be someone sufficiently knowledgeable to answer the census questions accurately; usually this is the holder or manager. The name and the position of the respondent in the holding are usually asked.,This item can be used for quality assessments and checks. The respondent should be someone sufficiently knowledgeable to answer the census questions accurately; usually this is the holder or manager. The name and the position of the respondent in the holding are usually asked.
245,What does agricultural training or education of the holder aim to capture?,134,137,page-only,high,1,1,no,This item aims at collecting information on training/education received by the holder for a specific field or task in agriculture. These data can be obtained by asking the holder about their agricultural education/training. 3.,This item aims at collecting information on training/education received by the holder for a specific field or task in agriculture. These data can be obtained by asking the holder about their agricultural education/training. 3.
246,Why is non-use of synthetic inputs alone not enough to classify a holding as organic?,151,154,page-only,high,1,1,no,"Although no unique standards have yet been defined for organic agriculture, two of the most widely used standards, developed at an international level, are the CODEX Alimentarius (FAO & WHO, 2006) and the standards developed by the International Federation of Organic Agricultural Movements (IFOAM). • Countries may also have their own national standards; however, organic agriculture must be organic by intent and not by default. Thus, non-sustainable production systems that do not use synthetic inputs (for example, for reasons such as economic restriction) are not considered organic. 10.","Although no unique standards have yet been defined for organic agriculture, two of the most widely used standards, developed at an international level, are the CODEX Alimentarius (FAO & WHO, 2006) and the standards developed by the International Federation of Organic Agricultural Movements (IFOAM). • Countries may also have their own national standards; however, organic agriculture must be organic by intent and not by default. Thus, non-sustainable production systems that do not use synthetic inputs (for example, for reasons such as economic restriction) are not considered organic. 10."
247,Is non-certified organic agriculture recommended for inclusion in the census?,152,155,page-only,high,1,1,no,"As a result, this category may be difficult to collect and analyse, and it is not recommended for inclusion in the census. 13. This item would facilitate the conduct of surveys or supplementary modules for in-depth assessments of the use of organic practices and their characteristics.","As a result, this category may be difficult to collect and analyse, and it is not recommended for inclusion in the census. 13. This item would facilitate the conduct of surveys or supplementary modules for in-depth assessments of the use of organic practices and their characteristics."
248,Why was use of technology on the holding introduced as a new item?,155,158,page-only,high,1,1,no,"This new item is introduced considering that the extent of the use of new technology in farming is still low in many countries (rare event), and then the agricultural census may be an appropriate place for collecting this type of data. 32. The use of technology in farming practices refers to the incorporation of ICT to increase efficiency, productivity and sustainability in agricultural production.","This new item is introduced considering that the extent of the use of new technology in farming is still low in many countries (rare event), and then the agricultural census may be an appropriate place for collecting this type of data. 32. The use of technology in farming practices refers to the incorporation of ICT to increase efficiency, productivity and sustainability in agricultural production."
249,What does precision agriculture help farmers do?,155,158,page-only,high,1,1,no,"“Precision agriculture” is a farm management strategy that helps farmers make decisions based on observations and measurements of crop and soil conditions, as well as microclimate, for every variable of crop farming. Precision agriculture enables centralized management of fields by processing and analysing information collected over time, across space, and from individual plots. With comprehensive control of field conditions, tailored management decisions can be made for sub-field areas, such as adjusting fertilizer application, optimizing farming schedules, and adopting suitable technologies.","“Precision agriculture” is a farm management strategy that helps farmers make decisions based on observations and measurements of crop and soil conditions, as well as microclimate, for every variable of crop farming. Precision agriculture enables centralized management of fields by processing and analysing information collected over time, across space, and from individual plots. With comprehensive control of field conditions, tailored management decisions can be made for sub-field areas, such as adjusting fertilizer application, optimizing farming schedules, and adopting suitable technologies."
250,What credit should be excluded from credit for agricultural purposes?,159,162,page-only,high,1,1,no,"It is important to note that credit unrelated to agricultural operations, such as financing the holder's residential property, supporting other family businesses, or covering personal consumption expenses, should be expressly excluded from credit for agricultural purposes. 2. Receipt of credit refers to whether the agricultural holder used a loan for agricultural purposes during the reference year, not whether there were outstanding loans at the time of the census.","It is important to note that credit unrelated to agricultural operations, such as financing the holder's residential property, supporting other family businesses, or covering personal consumption expenses, should be expressly excluded from credit for agricultural purposes. 2. Receipt of credit refers to whether the agricultural holder used a loan for agricultural purposes during the reference year, not whether there were outstanding loans at the time of the census."
251,Does receipt of credit mean outstanding loans at census time?,159,162,page-only,high,1,1,no,"Receipt of credit refers to whether the agricultural holder used a loan for agricultural purposes during the reference year, not whether there were outstanding loans at the time of the census. A holder may have made use of credit on more than one occasion during the year, and therefore more than one source or type of collateral may be reported. Credit received by the holder as well as members of his/her household should be included.","Receipt of credit refers to whether the agricultural holder used a loan for agricultural purposes during the reference year, not whether there were outstanding loans at the time of the census. A holder may have made use of credit on more than one occasion during the year, and therefore more than one source or type of collateral may be reported. Credit received by the holder as well as members of his/her household should be included."
252,What does Additional Item 0706 mean by agricultural extension?,160,163,page-only,high,1,1,no,"Agricultural extension refers to the provision of agricultural advice and information to crop and livestock producers. Extension services may be provided by government institutions, non-governmental organizations, farmer organizations, educational institutions, informal grassroots organizations, and others. Extension services may cover advice to farmers in areas such as farm management, selection of crop varieties, use of inputs such as fertilizers, credit, farm mechanization, animal health, plant protection, sustainable development, and marketing.","Agricultural extension refers to the provision of agricultural advice and information to crop and livestock producers. Extension services may be provided by government institutions, non-governmental organizations, farmer organizations, educational institutions, informal grassroots organizations, and others. Extension services may cover advice to farmers in areas such as farm management, selection of crop varieties, use of inputs such as fertilizers, credit, farm mechanization, animal health, plant protection, sustainable development, and marketing."
253,What insurance is excluded from type of insurance coverage?,162,165,page-only,high,1,1,no,"Personal insurance unrelated to the holding, such as life and health insurance, is excluded. 20. Insurance related to crop production specifically provides protection against risks, such as adverse weather conditions (e.g. droughts, floods, storms), pests, and diseases that can harm crops.","Personal insurance unrelated to the holding, such as life and health insurance, is excluded. 20. Insurance related to crop production specifically provides protection against risks, such as adverse weather conditions (e.g. droughts, floods, storms), pests, and diseases that can harm crops."
254,How does Annex 4 define woodland for Theme 11?,167,170,page-only,high,1,1,no,It refers to the area of land satisfying all criteria for either forest land or other wooded land (see paragraph 7.2.30) except the criterion of spanning over 0.5 ha. Presence of woodland refers to whether such areas are present on the land making up the agricultural holding without regard to title or legal form.38 The reference period is the census reference day. Countries wishing to set up a list frame of holdings with woodland may collect this item in the census by complete enumeration to provide a frame for census supplementary forestry module and relevant sample surveys (see paragraph 3.47 and 3.49 for the scope of a forestry module).,It refers to the area of land satisfying all criteria for either forest land or other wooded land (see paragraph 7.2.30) except the criterion of spanning over 0.5 ha. Presence of woodland refers to whether such areas are present on the land making up the agricultural holding without regard to title or legal form.38 The reference period is the census reference day. Countries wishing to set up a list frame of holdings with woodland may collect this item in the census by complete enumeration to provide a frame for census supplementary forestry module and relevant sample surveys (see paragraph 3.47 and 3.49 for the scope of a forestry module).
255,What is agroforestry?,169,171,page-only,high,1,1,no,"Agroforestry is a sustainable land management system in which forest species of trees and other wooded plants are purposely grown on the same land as agricultural crops or livestock, either concurrently or in rotation. Agroforestry is characterized by the existence of both ecological and economic interactions between the different components. Agroforestry includes agrosilvicultural (trees and crops), silvopastoral (trees and livestock), and agrosilvipastoral (trees, crops and livestock) systems.","Agroforestry is a sustainable land management system in which forest species of trees and other wooded plants are purposely grown on the same land as agricultural crops or livestock, either concurrently or in rotation. Agroforestry is characterized by the existence of both ecological and economic interactions between the different components. Agroforestry includes agrosilvicultural (trees and crops), silvopastoral (trees and livestock), and agrosilvipastoral (trees, crops and livestock) systems."
256,What does engagement in household fishing cover?,169,172,page-only,high,1,1,no,"Engagement in household fishing relates to own-account fishing activity of the household – i.e. for own final use or for sale/barter. Engagement “in other economic units” refers to member(s) of the household engaged in capture fishing activity outside of the household, i.e. in another household, fishing enterprise or other economic unit. Countries wishing to set up a list frame of holdings engaged in fishing activities may collect this item in the census by complete enumeration to provide a frame for census supplementary modules and relevant sample surveys.","Engagement in household fishing relates to own-account fishing activity of the household – i.e. for own final use or for sale/barter. Engagement “in other economic units” refers to member(s) of the household engaged in capture fishing activity outside of the household, i.e. in another household, fishing enterprise or other economic unit. Countries wishing to set up a list frame of holdings engaged in fishing activities may collect this item in the census by complete enumeration to provide a frame for census supplementary modules and relevant sample surveys."
257,What household activities are excluded from Item 1201?,169,172,page-only,high,1,1,no,The item does not cover households with members engaged only in the processing of products from fisheries (defined under ISIC Rev.5 class 1020) or only in trading of products from fishing. Trading refers to exchange of products in kind (including barter) or for monetary payment. 4.,The item does not cover households with members engaged only in the processing of products from fisheries (defined under ISIC Rev.5 class 1020) or only in trading of products from fishing. Trading refers to exchange of products in kind (including barter) or for monetary payment. 4.
258,How does Annex 10 define work?,192,194,page-only,high,1,1,no,"CLASSIFICATION OF MACHINERY AND EQUIPMENT (Continued) ANNEX 10 OVERVIEW OF ILO RESOLUTIONS CONCERNING STATISTICS OF WORK The Resolution concerning statistics of work, employment and labour underutilization (ILO, 2013) adopted by the 19th International Conference of Labour Statisticians (ICLS) in 2013 and amended by the 21st ICLS in 2023 (ILO, 2023a) (below referred to as the Resolution) defines the basic concept of work as comprising “any activity performed by persons of any sex and age to produce goods or to provide services for use by others or for own-use”. Work, as defined in the Resolution, can be performed in any type of economic unit as distinguished by the SNA 2008,39 namely: (i) market units (i.e. corporations, quasi-corporations, and household unincorporated market enterprises, the latter encompassing, as a subset, informal sector units); (ii) non-market units (i.e. government and non-profit institutions serving households); and (iii) households that produce goods or services for own final use. The Resolution identifies five mutually exclusive subsets of work activities or forms of work, distinguishing them based on the intended destination of the production (for own final use or use by others, i.e. other economic units) and the nature of the transaction (i.e. monetary or non-monetary transactions and transfers).","CLASSIFICATION OF MACHINERY AND EQUIPMENT (Continued) ANNEX 10 OVERVIEW OF ILO RESOLUTIONS CONCERNING STATISTICS OF WORK The Resolution concerning statistics of work, employment and labour underutilization (ILO, 2013) adopted by the 19th International Conference of Labour Statisticians (ICLS) in 2013 and amended by the 21st ICLS in 2023 (ILO, 2023a) (below referred to as the Resolution) defines the basic concept of work as comprising “any activity performed by persons of any sex and age to produce goods or to provide services for use by others or for own-use”. Work, as defined in the Resolution, can be performed in any type of economic unit as distinguished by the SNA 2008,39 namely: (i) market units (i.e. corporations, quasi-corporations, and household unincorporated market enterprises, the latter encompassing, as a subset, informal sector units); (ii) non-market units (i.e. government and non-profit institutions serving households); and (iii) households that produce goods or services for own final use. The Resolution identifies five mutually exclusive subsets of work activities or forms of work, distinguishing them based on the intended destination of the production (for own final use or use by others, i.e. other economic units) and the nature of the transaction (i.e. monetary or non-monetary transactions and transfers)."
259,How are own-use production workers on holdings treated for WCA Theme 9?,195,197,page-only,high,1,1,no,"For the purpose of Theme 9 of the WCA 2030, working-age members of the agricultural holding’s household who have worked on the holding will be considered in own-use production work if the holding’s intended destination of production during the census reference year was primarily for own use (as noted in the footnote of the previous paragraph, the approach differs in labour force surveys) and the person meets a minimum threshold number of hours worked, defined by countries according to national circumstances. The Resolution indicates that “for own final use” is interpreted as production for which the intended destination of the output is mainly for final use by the producer in the form of capital formation or final consumption by household members, or by family members living in other households. In the case of agricultural goods production, while the intended destination of the products produced is for own use, some portion may nonetheless be sold or bartered.","For the purpose of Theme 9 of the WCA 2030, working-age members of the agricultural holding’s household who have worked on the holding will be considered in own-use production work if the holding’s intended destination of production during the census reference year was primarily for own use (as noted in the footnote of the previous paragraph, the approach differs in labour force surveys) and the person meets a minimum threshold number of hours worked, defined by countries according to national circumstances. The Resolution indicates that “for own final use” is interpreted as production for which the intended destination of the output is mainly for final use by the producer in the form of capital formation or final consumption by household members, or by family members living in other households. In the case of agricultural goods production, while the intended destination of the products produced is for own use, some portion may nonetheless be sold or bartered."
260,What is a dependent contractor?,196,198,page-only,high,1,1,no,"They are defined statistically as workers who have contractual arrangements of a commercial nature (but not a contract of employment) to provide goods or services for or through another economic unit, and satisfy the following conditions: • They are not employees of that economic unit, but are dependent on that unit for organization and execution of the work, income or access to the market; • They are workers employed for profit, who are dependent on another entity that exercises control over their productive activities and directly benefits from the work performed by them; • The activity of the dependent contractor would potentially be at risk in the event of termination of the contractual relationship with that economic unit. A contributing family worker is a person who assists a family or household member in a market-oriented enterprise operated by that family or household member, or in a job in which the assisted family or household member is an employee or dependent contractor. Contributing family workers do not receive regular payments, such as wages or salaries, for the work performed, but may benefit in kind or receive irregular payments in cash as a result of the outputs of their work.","They are defined statistically as workers who have contractual arrangements of a commercial nature (but not a contract of employment) to provide goods or services for or through another economic unit, and satisfy the following conditions: • They are not employees of that economic unit, but are dependent on that unit for organization and execution of the work, income or access to the market; • They are workers employed for profit, who are dependent on another entity that exercises control over their productive activities and directly benefits from the work performed by them; • The activity of the dependent contractor would potentially be at risk in the event of termination of the contractual relationship with that economic unit. A contributing family worker is a person who assists a family or household member in a market-oriented enterprise operated by that family or household member, or in a job in which the assisted family or household member is an employee or dependent contractor. Contributing family workers do not receive regular payments, such as wages or salaries, for the work performed, but may benefit in kind or receive irregular payments in cash as a result of the outputs of their work."
261,For which indicators may a sample-based agricultural census module provide partial data when surveys are absent?,198,200,page-only,high,1,1,no,"In the absence of periodic household surveys, a sample-based module in the agricultural census may provide partial data or coverage for Indicators 5.a.1, 2.3.1, and 2.3.2. Below is the list of the WCA 2030 items related to each of the SDG indicators mentioned above. Indicator 5.a.1: (a) Proportion of total agricultural population with ownership or secure rights over agricultural land, by sex; and (b) share of women among owners or rights-bearers of agricultural land, by type of tenure This indicator is part of SDG 5, which aims to achieve gender equality and empower all women and girls.","In the absence of periodic household surveys, a sample-based module in the agricultural census may provide partial data or coverage for Indicators 5.a.1, 2.3.1, and 2.3.2. Below is the list of the WCA 2030 items related to each of the SDG indicators mentioned above. Indicator 5.a.1: (a) Proportion of total agricultural population with ownership or secure rights over agricultural land, by sex; and (b) share of women among owners or rights-bearers of agricultural land, by type of tenure This indicator is part of SDG 5, which aims to achieve gender equality and empower all women and girls."
262,Can WCA 2030 land-tenure items alone compute SDG 5.a.1?,198,200,furniture-removed,high,1,1,no,"Only if the three proxies are included in the questionnaire the indicator could be computed. Surveys are the preferred sources of data for this indicator due to their periodicity, but the agricultural census could serve as a viable alternative when agricultural or household surveys are unavailable by incorporating a sample module in the census questionnaire. The following table summarizes the items needed to compute SDG indicator 5.a.1 and the related the WCA 2030 items, some of which, Items 0208, 0209, 0801 and 0802, are additional.","Only if the three proxies are included in the questionnaire the indicator could be computed. Surveys are the preferred sources of data for this indicator due to their periodicity, but the agricultural census could serve as a viable alternative when agricultural or household surveys are unavailable by incorporating a sample module in the census questionnaire. The following table summarizes the items needed to compute SDG Indicator 5.a.1 and the related the WCA 2030 items, some of which, Items 0208, 0209, 0801 and 0802, are additional."
263,Why are agricultural surveys preferred for SDG 2.3.1 and 2.3.2?,199,201,page-only,high,1,1,no,"Agricultural censuses do not collect information on agricultural production, income and detailed labour use. Several data sources need to be considered to collect data for the computation of both indicators. Agricultural surveys are the most appropriate data source for collecting information on the total volume of agricultural production, gross income and labour input from agricultural holdings.","Agricultural censuses do not collect information on agricultural production, income and detailed labour use. Several data sources need to be considered to collect data for the computation of both indicators. Agricultural surveys are the most appropriate data source for collecting information on the total volume of agricultural production, gross income and labour input from agricultural holdings."
264,What is an agriculture structure survey?,201,203,page-only,high,1,1,no,"Agriculture structure survey: A sample survey aimed at collecting structural data for the entire country or substantial regions of it (paragraph 5.5). Agroforestry: A sustainable land management system in which forest species of trees and other woody plants are purposefully grown on the same land as agricultural crops or livestock, either concurrently or in rotation (Annex 4, Theme 11, paragraph 13). Aquacultural census: A collection of structural data from all aquacultural production units (paragraphs 3.30–3.32).","Agriculture structure survey: A sample survey aimed at collecting structural data for the entire country or substantial regions of it (paragraph 5.5). Agroforestry: A sustainable land management system in which forest species of trees and other woody plants are purposefully grown on the same land as agricultural crops or livestock, either concurrently or in rotation (Annex 4, Theme 11, paragraph 13). Aquacultural census: A collection of structural data from all aquacultural production units (paragraphs 3.30–3.32)."
265,What is a cut-off threshold?,203,205,page-only,high,1,1,no,"Cut-off threshold: The minimum size limit for including agricultural units in the census (paragraph 4.33). Digester (biogas reactor): A containment structure in which animal excreta – with or without straw or other organic material – are anaerobically decomposed to produce biogas (Annex 4, Theme 6, paragraph 48). Drainage: The artificial removal of excess surface or groundwater, including dissolved substances, to enhance agricultural production (Annex 4, Theme 3, paragraphs 23–24).","Cut-off threshold: The minimum size limit for including agricultural units in the census (paragraph 4.33). Digester (biogas reactor): A containment structure in which animal excreta – with or without straw or other organic material – are anaerobically decomposed to produce biogas (Annex 4, Theme 6, paragraph 48). Drainage: The artificial removal of excess surface or groundwater, including dissolved substances, to enhance agricultural production (Annex 4, Theme 3, paragraphs 23–24)."
266,What is structural data?,206,208,page-only,high,1,1,no,"Structural data: Data on the fundamental organizational features of agricultural holdings that change little over time, such as holding size, land tenure, land use, crop area, irrigation, livestock numbers, labour and use of inputs. Successive crops: Temporary crops cultivated more than once on the same land within a single agricultural year (paragraphs 7.4.8–7.4.9).","Structural data: Data on the fundamental organizational features of agricultural holdings that change little over time, such as holding size, land tenure, land use, crop area, irrigation, livestock numbers, labour and use of inputs. Successive crops: Temporary crops cultivated more than once on the same land within a single agricultural year (paragraphs 7.4.8–7.4.9)."
267,What is a table in the glossary?,207,209,page-only,high,1,1,no,"GLOSSARY OF TERMS Table: A structured presentation of statistical data, typically used to summarize results (paragraph 9.2). Tabulation programme: The set of statistical tables prepared to present the main results of an agricultural census (paragraph 9.2). Temporary crops: Crops with a growing cycle of less than one year (paragraph 7.2.18).","GLOSSARY OF TERMS Table: A structured presentation of statistical data, typically used to summarize results (paragraph 9.2). Tabulation programme: The set of statistical tables prepared to present the main results of an agricultural census (paragraph 9.2). Temporary crops: Crops with a growing cycle of less than one year (paragraph 7.2.18)."
268,What is a census of agriculture?,2,3,page-only,high,1,1,no,"WHAT IS A CENSUS OF AGRICULTURE? 1.1 A census of agriculture is a statistical operation for collecting, processing and disseminating data on the structure of agriculture, covering the entire country or a significant part of it.1 Typical structural data collected in a census of agriculture are size of holding, land tenure, land use, crop area, irrigation, livestock numbers, labour and other agricultural inputs. In an agricultural census, data are collected at the holding-level, but some community-level data may also be collected. A census of agriculture typically involves the complete enumeration of all agricultural holdings to collect key structural data, sometimes complemented by the collection of more detailed information through sampling methods (e.g. census modules under the modular approach).","WHAT IS A CENSUS OF AGRICULTURE? 1.1 A census of agriculture is a statistical operation for collecting, processing and disseminating data on the structure of agriculture, covering the entire country or a significant part of it.1 Typical structural data collected in a census of agriculture are size of holding, land tenure, land use, crop area, irrigation, livestock numbers, labour and other agricultural inputs. In an agricultural census, data are collected at the holding-level, but some community-level data may also be collected. A census of agriculture typically involves the complete enumeration of all agricultural holdings to collect key structural data, sometimes complemented by the collection of more detailed information through sampling methods (e.g. census modules under the modular approach)."
269,What are the main objectives of the census of agriculture?,6,7,page-only,high,1,1,no,"The census should therefore be conducted at least once every decade by complete enumeration, focusing only on structural items, while regular inter-censal sample surveys should use the census frame to complement the structural data from the census by collecting current and more detailed operational and performance holding-level data (e.g. crop and livestock production, production prices, food consumption, crop losses and farm labour data).","The census should therefore be conducted at least once every decade by complete enumeration, focusing only on structural items, while regular inter-censal sample surveys should use the census frame to complement the structural data from the census by collecting current and more detailed operational and performance holding-level data (e.g. crop and livestock production, production prices, food consumption, crop losses and farm labour data)."
270,How often should a census of agriculture be conducted?,5; 6,6; 7,page-only,high,1,1,no,"1.16 The implementation plan involves a multiyear programme of statistical activities, in which the census is undertaken at least once every ten years, and the programme of agricultural surveys is implemented in the inter-censal period.
 [...] 
1.17 The census should therefore be conducted at least once every decade by complete enumeration, focusing only on structural items, while regular inter-censal sample surveys should use the census frame to complement the structural data from the census by collecting current and more detailed operational and performance holding-level data (e.g.","1.16 The implementation plan involves a multiyear programme of statistical activities, in which the census is undertaken at least once every ten years, and the programme of agricultural surveys is implemented in the inter-censal period.
 [...] 
1.17 The census should therefore be conducted at least once every decade by complete enumeration, focusing only on structural items, while regular inter-censal sample surveys should use the census frame to complement the structural data from the census by collecting current and more detailed operational and performance holding-level data (e.g."
271,What is the WCA 2030 and which census round does it represent?,2,3,page-only,high,1,1,no,"This publication presents guidelines for the WCA 2030, covering agricultural censuses to be carried out by countries between 2026 and 2035. It is the eleventh round in the decennial programme of agricultural censuses, which started in 1930. The 1930 and 1940 rounds were sponsored by the IIA.","This publication presents guidelines for the WCA 2030, covering agricultural censuses to be carried out by countries between 2026 and 2035. It is the eleventh round in the decennial programme of agricultural censuses, which started in 1930. The 1930 and 1940 rounds were sponsored by the IIA."
272,What are the main features and innovations of the WCA 2030?,64,66,page-only,high,1,1,no,"In the WCA 2030, there are a total of 123 items categorized as follows: • 27 items are classified as essential (collected by complete enumeration), including those that serve for building frames for sample-based census supplementary modules and the continuous programme of surveys. • 96 items are classified as additional (collected by sample enumeration).","In the WCA 2030, there are a total of 123 items categorized as follows: • 27 items are classified as essential (collected by complete enumeration), including those that serve for building frames for sample-based census supplementary modules and the continuous programme of surveys. • 96 items are classified as additional (collected by sample enumeration)."
273,What are the 12 themes of the WCA 2030?,95,97,page-only,high,1,1,no,THEME 7: SERVICES FOR AGRICULTURE All items of this theme are classified as additional; see Annex 4. THEME 8: DEMOGRAPHIC AND SOCIAL CHARACTERISTICS All items of this theme are classified as additional; see Annex 4. THEME 9: WORK ON THE HOLDING,THEME 7: SERVICES FOR AGRICULTURE All items of this theme are classified as additional; see Annex 4. THEME 8: DEMOGRAPHIC AND SOCIAL CHARACTERISTICS All items of this theme are classified as additional; see Annex 4. THEME 9: WORK ON THE HOLDING
274,Which themes and items were omitted from the WCA 2030?,9,10,page-only,high,1,1,no,"THEMES AND ITEMS OMITTED • The theme “Intra-household distribution of managerial decisions and ownership on the holding”, which consisted of additional items to capture the role of gender in the holding’s decision-making process, was hardly covered by national censuses. For this reason, the theme was omitted from the WCA 2030 and, instead, some items were moved to the Land and Livestock themes to cover gender aspects (see Table 1.1).","THEMES AND ITEMS OMITTED • The theme “Intra-household distribution of managerial decisions and ownership on the holding”, which consisted of additional items to capture the role of gender in the holding’s decision-making process, was hardly covered by national censuses. For this reason, the theme was omitted from the WCA 2030 and, instead, some items were moved to the Land and Livestock themes to cover gender aspects (see Table 1.1)."
275,How does the agricultural census relate to the overall programme of agricultural surveys?,5,6,page-only,high,1,1,no,"1.15 A national agricultural statistical system encompasses several elements, including the census of agriculture and the programme of agricultural surveys with the census at the core, supported by the census of population (e.g. frame of households involved in agriculture), and relevant administrative records, geospatial data and other types of data (see Figure 1.1). Efforts continue to be made towards achieving better coordination and integration of these statistical activities. Integration, in a statistical sense, means that the census and the programme of agricultural surveys are carefully planned and not carried out in isolation.","1.15 A national agricultural statistical system encompasses several elements, including the census of agriculture and the programme of agricultural surveys with the census at the core, supported by the census of population (e.g. frame of households involved in agriculture), and relevant administrative records, geospatial data and other types of data (see Figure 1.1). Efforts continue to be made towards achieving better coordination and integration of these statistical activities. Integration, in a statistical sense, means that the census and the programme of agricultural surveys are carefully planned and not carried out in isolation."
276,What are the main uses of agricultural census data?,12,13,page-only,high,1,1,no,"2.1 The census of agriculture is the principal means of collecting basic agricultural statistics in a country as part of an integrated programme of data collection and compilation aimed at providing a comprehensive source of statistical information for agricultural policy purposes, as well as for research, business and other uses, in addition to the usual statistical uses. 2.2 The census of agriculture provides a snapshot of agriculture in a country and an opportunity to identify trends or structural breaks in the sector as well as possible areas of intervention.","2.1 The census of agriculture is the principal means of collecting basic agricultural statistics in a country as part of an integrated programme of data collection and compilation aimed at providing a comprehensive source of statistical information for agricultural policy purposes, as well as for research, business and other uses, in addition to the usual statistical uses. 2.2 The census of agriculture provides a snapshot of agriculture in a country and an opportunity to identify trends or structural breaks in the sector as well as possible areas of intervention."
277,How does the agricultural census contribute to gender statistics?,16; 16; 16,17; 17; 17,page-only,high,1,1,no,"The role of gender in agriculture 2.21 It is widely acknowledged that promoting gender equality and the empowerment of women are key to advancing social and economic progress.
 [...] 
The agricultural census plays an important role in providing gender-disaggregated data related to agriculture, supporting the monitoring of progress towards gender equality goals.
 [...] 
2.23 Identifying the agricultural holder provides the basis for comparing the characteristics of holdings operated by men and women.","The role of gender in agriculture 2.21 It is widely acknowledged that promoting gender equality and the empowerment of women are key to advancing social and economic progress.
 [...] 
The agricultural census plays an important role in providing gender-disaggregated data related to agriculture, supporting the monitoring of progress towards gender equality goals.
 [...] 
2.23 Identifying the agricultural holder provides the basis for comparing the characteristics of holdings operated by men and women."
278,How is census data used for Small Area Estimation?,21,22,page-only,high,1,1,no,"When policymakers require estimates for local areas, small area estimation (SAE) techniques can be applied to produce more precise estimators. SAE involves identifying “common variables” related to a target indicator – for example, crop areas – that are available in both survey and census data, and applying a probabilistic model using those variables as predictors. This approach addresses the limitations of sample surveys by “borrowing strength” from census data to improve the precision of estimates for small areas.","When policymakers require estimates for local areas, small area estimation (SAE) techniques can be applied to produce more precise estimators. SAE involves identifying “common variables” related to a target indicator – for example, crop areas – that are available in both survey and census data, and applying a probabilistic model using those variables as predictors. This approach addresses the limitations of sample surveys by “borrowing strength” from census data to improve the precision of estimates for small areas."
279,What is a statistical farm register and how does the agricultural census contribute to it?,20,21,page-only,high,1,1,no,"Maintaining the register requires input from several administrative and statistical sources – including tax records, cadastral data, farmers’ association directories, population census records, economic census data and regular agricultural production surveys – each of which has its own identification key.","Maintaining the register requires input from several administrative and statistical sources – including tax records, cadastral data, farmers’ association directories, population census records, economic census data and regular agricultural production surveys – each of which has its own identification key."
280,How does the agricultural census support monitoring of the Sustainable Development Goals?,23,24,page-only,high,1,1,no,"While the census of agriculture is not considered a primary data source for tracking SDGs, it can play a supportive role in the development of indicators for SDG 2 and SDG 5 (“Achieve gender equality and empower all women and girls”) in the absence of relevant household surveys and administrative sources. 2.67 While the SDG indicators are only valid until 2030, it is important to recognize that the contribution of the census of agriculture may remain relevant beyond the 2030 Agenda, when a new sustainable development plan should be agreed with possibly a similar set of indicators. Specifically, the census can provide partial data to monitor SDG target 5.a addressing ownership or secure rights over agricultural land (FAO, 2017a) and SDG target 2.3 relating to the productivity and income of","While the census of agriculture is not considered a primary data source for tracking SDGs, it can play a supportive role in the development of indicators for SDG 2 and SDG 5 (“Achieve gender equality and empower all women and girls”) in the absence of relevant household surveys and administrative sources. 2.67 While the SDG indicators are only valid until 2030, it is important to recognize that the contribution of the census of agriculture may remain relevant beyond the 2030 Agenda, when a new sustainable development plan should be agreed with possibly a similar set of indicators. Specifically, the census can provide partial data to monitor SDG target 5.a addressing ownership or secure rights over agricultural land (FAO, 2017a) and SDG target 2.3 relating to the productivity and income of"
281,What is the 50x2030 Initiative and how does it relate to the agricultural census?,22,23,page-only,high,1,1,no,"The 50x2030 Initiative to close the agricultural data gap 2.60 The 50x2030 Initiative is a multipartner programme launched in 2018 that seeks to bridge the global agricultural data gap by transforming country data systems in 50 low and lower-middle-income countries, mainly in Africa, by 2030. This initiative focuses on improving country-level rural and agricultural data by implementing an improved AGRISurvey methodology (see above), using the census of agriculture as the frame.","The 50x2030 Initiative to close the agricultural data gap 2.60 The 50x2030 Initiative is a multipartner programme launched in 2018 that seeks to bridge the global agricultural data gap by transforming country data systems in 50 low and lower-middle-income countries, mainly in Africa, by 2030. This initiative focuses on improving country-level rural and agricultural data by implementing an improved AGRISurvey methodology (see above), using the census of agriculture as the frame."
282,What is the Global Strategy to Improve Agricultural and Rural Statistics?,21,22,page-only,high,1,1,no,"This pillar encouraged the design of a SPARS mainstreamed into the NSDS for the integration of the agricultural census and surveys in the agricultural statistical system, with the census at the core. • Capacity building: the planning and implementation of the census involves comprehensive capacity-building activities, which can significantly contribute to the overall goal of strengthening capacity in agricultural statistics. 2.58 The second phase of the Global Strategy to Improve Agricultural and Rural Statistics (2020–2025), starting in 2021, focuses on the application of methodologies and approaches developed in the framework of the first phase and strengthening the statistical capacities of countries through the provision of training and technical assistance at national, regional and global levels. The work of the Global Strategy to Improve Agricultural and Rural Statistics is interlinked with the activities of the ”50x2030 Initiative to close the agricultural data gap“ (50x2030 Initiative, n.d.), aimed at collecting data in 50 low income and lower middle-income countries by 2030.","This pillar encouraged the design of a SPARS mainstreamed into the NSDS for the integration of the agricultural census and surveys in the agricultural statistical system, with the census at the core. • Capacity building: the planning and implementation of the census involves comprehensive capacity-building activities, which can significantly contribute to the overall goal of strengthening capacity in agricultural statistics. 2.58 The second phase of the Global Strategy to Improve Agricultural and Rural Statistics (2020–2025), starting in 2021, focuses on the application of methodologies and approaches developed in the framework of the first phase and strengthening the statistical capacities of countries through the provision of training and technical assistance at national, regional and global levels. The work of the Global Strategy to Improve Agricultural and Rural Statistics is interlinked with the activities of the ”50x2030 Initiative to close the agricultural data gap“ (50x2030 Initiative, n.d.), aimed at collecting data in 50 low income and lower middle-income countries by 2030."
283,What is the Cape Town Global Action Plan and how is it relevant to the agricultural census?,22; 23,23; 24,page-only,high,1,1,no,"2.64 The CTGAP proposes six strategic areas, each associated with several objectives and related implementation actions: • Strategic area 1: Coordination and strategic leadership on data for sustainable development. • Strategic area 2: Innovation and modernization of national statistical systems. • Strategic area 3: Strengthening of basic statistical activities and programmes, with a particular focus on addressing the monitoring needs of the 2030 Agenda.
 [...] 
2.65 As an integral part of the national statistical system, the census of agriculture mainly contributes to strategic areas 2 and 3: • Under strategic area 2, the census of agriculture promotes the use of new and emerging technologies in data collection, data processing, dissemination, and analysis and the use of data from other sources (e.g. administrative registers and geospatial data). • Under strategic area 3, the regular implementation of the census of agriculture supports the monitoring needs of the 2030 Agenda (see next section) and provides the sampling frame for relevant agricultural surveys as an integral part of integrated census and survey systems.","2.64 The CTGAP proposes six strategic areas, each associated with several objectives and related implementation actions: • Strategic area 1: Coordination and strategic leadership on data for sustainable development. • Strategic area 2: Innovation and modernization of national statistical systems. • Strategic area 3: Strengthening of basic statistical activities and programmes, with a particular focus on addressing the monitoring needs of the 2030 Agenda.
 [...] 
2.65 As an integral part of the national statistical system, the census of agriculture mainly contributes to strategic areas 2 and 3: • Under strategic area 2, the census of agriculture promotes the use of new and emerging technologies in data collection, data processing, dissemination, and analysis and the use of data from other sources (e.g. administrative registers and geospatial data). • Under strategic area 3, the regular implementation of the census of agriculture supports the monitoring needs of the 2030 Agenda (see next section) and provides the sampling frame for relevant agricultural surveys as an integral part of integrated census and survey systems."
284,What is the difference between a reporting system and an agricultural census?,18,19,page-only,high,1,1,no,"2.31 Another limitation of a reporting system based on field officials, when not supported by agricultural censuses and regular sample surveys, is that aggregated data are typically forwarded through successive administrative levels. As a result, the only available data – for example, on crop area – may be limited to provincial or district totals. This often means that data are not available at the desired administrative levels across the country. Holding-level data from the agricultural census support proper planning and implementation of sample surveys of agricultural holdings, thereby addressing the limitations of relying solely on a reporting system.","2.31 Another limitation of a reporting system based on field officials, when not supported by agricultural censuses and regular sample surveys, is that aggregated data are typically forwarded through successive administrative levels. As a result, the only available data – for example, on crop area – may be limited to provincial or district totals. This often means that data are not available at the desired administrative levels across the country. Holding-level data from the agricultural census support proper planning and implementation of sample surveys of agricultural holdings, thereby addressing the limitations of relying solely on a reporting system."
285,How can census data be integrated with geospatial data?,20; 21,21; 22,page-only,high,1,1,no,"Integrating census data with geospatial data 2.52 When holdings are georeferenced, census data can be linked to geospatial data and available Geographic Information System (GIS) databases – a feature that is extremely valuable and often in high demand by policymakers and other users.
 [...] 
2.53 Another advantage of integrating census and spatial data is the ability to establish a system for producing national, wall-to-wall crop type maps. Timely, accurate and granular crop type maps support a range of applications that increase the utility of the census and enhance its overall impact on the quality of national agricultural statistics.","Integrating census data with geospatial data 2.52 When holdings are georeferenced, census data can be linked to geospatial data and available Geographic Information System (GIS) databases – a feature that is extremely valuable and often in high demand by policymakers and other users.
 [...] 
2.53 Another advantage of integrating census and spatial data is the ability to establish a system for producing national, wall-to-wall crop type maps. Timely, accurate and granular crop type maps support a range of applications that increase the utility of the census and enhance its overall impact on the quality of national agricultural statistics."
286,How does the agricultural census relate to the population and housing census?,24,25,page-only,high,1,1,no,"The population and housing census is one of the most important statistical exercises carried out by a country, normally every ten years. In an integrated statistical system, the link between the population and housing census and the agricultural census is particularly strong when households are engaged in agricultural activities. It is therefore useful to explore ways of strengthening the relationship between the two censuses.","The population and housing census is one of the most important statistical exercises carried out by a country, normally every ten years. In an integrated statistical system, the link between the population and housing census and the agricultural census is particularly strong when households are engaged in agricultural activities. It is therefore useful to explore ways of strengthening the relationship between the two censuses."
287,What are the options for coordinating the agricultural and population censuses?,26; 26,27; 27,page-only,high,1,1,no,"3.10 The coordination between the two censuses can cover: • Coordinating aspects of the two censuses in terms of: • Use of common concepts, definitions and classifications: using
 [...] 
• Using existing topics from the population census as a starting point for the frame for the household sector of the agricultural census (see paragraphs 3.12 and 3.14); • Adding screening items in the population and housing census for collecting agricultural data (see paragraphs 3.15 to 3.20); • An agriculture module in the population and housing census (see paragraphs 3.21 to 3.25) • The core module of the agricultural census in the population and housing census (see paragraphs 3.26 and 3.27). • The two censuses as a joint operation in specific circumstances only (see paragraphs 3.28 and 3.29).","3.10 The coordination between the two censuses can cover: • Coordinating aspects of the two censuses in terms of: • Use of common concepts, definitions and classifications: using
 [...] 
• Using existing topics from the population census as a starting point for the frame for the household sector of the agricultural census (see paragraphs 3.12 and 3.14); • Adding screening items in the population and housing census for collecting agricultural data (see paragraphs 3.15 to 3.20); • An agriculture module in the population and housing census (see paragraphs 3.21 to 3.25) • The core module of the agricultural census in the population and housing census (see paragraphs 3.26 and 3.27). • The two censuses as a joint operation in specific circumstances only (see paragraphs 3.28 and 3.29)."
288,What screening items can the population census include to build a frame for the agricultural census?,28,29,page-only,high,1,1,no,"This includes households using land – wholly or partly – for agricultural purposes or raising livestock. As noted in paragraph 3.13, a year-long reference period is necessary to capture seasonal variations, which cannot be adequately reflected using the shorter reference periods applied to other population census topics on economic characteristics. Households with members engaged in agricultural activities solely as paid employees would not qualify. Item 2 collects information at the household level on the size of the farm – land area or number of plots – used for agriculture, as well as the number of livestock reared (for the main livestock species) on the population census day. This supports the assessment of the extent of a household’s agricultural activities and the establishment of an appropriate threshold for inclusion in the census of agriculture (e.g.","This includes households using land – wholly or partly – for agricultural purposes or raising livestock. As noted in paragraph 3.13, a year-long reference period is necessary to capture seasonal variations, which cannot be adequately reflected using the shorter reference periods applied to other population census topics on economic characteristics. Households with members engaged in agricultural activities solely as paid employees would not qualify. Item 2 collects information at the household level on the size of the farm – land area or number of plots – used for agriculture, as well as the number of livestock reared (for the main livestock species) on the population census day. This supports the assessment of the extent of a household’s agricultural activities and the establishment of an appropriate threshold for inclusion in the census of agriculture (e.g."
289,Can the agricultural census and the population census be conducted as a single joint operation?,30,31,page-only,high,1,1,no,"Countries often face administrative difficulties in synchronising the field operations and timing,7 of the two censuses, requiring special coordination arrangements to ensure successful implementation. In addition, adequately training field staff to cover all items from both the population and agricultural censuses is demanding – particularly when different government agencies are responsible for each (e.g. the national statistical office and the ministry of agriculture). Several essential items recommended by the WCA may also be excluded to limit the length of the questionnaire. Moreover, agricultural holdings in the non-household sector are not covered by the population census and must be enumerated separately, sometimes with a different reference period.","Countries often face administrative difficulties in synchronising the field operations and timing,7 of the two censuses, requiring special coordination arrangements to ensure successful implementation. In addition, adequately training field staff to cover all items from both the population and agricultural censuses is demanding – particularly when different government agencies are responsible for each (e.g. the national statistical office and the ministry of agriculture). Several essential items recommended by the WCA may also be excluded to limit the length of the questionnaire. Moreover, agricultural holdings in the non-household sector are not covered by the population census and must be enumerated separately, sometimes with a different reference period."
290,What is the scope of a census of aquaculture and its link to the agricultural census?,30,31,page-only,high,1,1,no,"3.30 There remains strong demand for structural data on aquaculture, and many countries are interested in linking aquaculture with agriculture by conducting the agricultural and aquacultural censuses together. Aquacultural data may be collected in the agricultural census by including a limited number of items on aquacultural production for agricultural holdings that also engage in aquaculture. Alternatively, in a joint aquaculture and agricultural census, data may be collected from both agricultural and aquacultural holdings, including aquacultural units not associated with agriculture (see Theme 10 in Chapter 7 and Annex 4).","3.30 There remains strong demand for structural data on aquaculture, and many countries are interested in linking aquaculture with agriculture by conducting the agricultural and aquacultural censuses together. Aquacultural data may be collected in the agricultural census by including a limited number of items on aquacultural production for agricultural holdings that also engage in aquaculture. Alternatively, in a joint aquaculture and agricultural census, data may be collected from both agricultural and aquacultural holdings, including aquacultural units not associated with agriculture (see Theme 10 in Chapter 7 and Annex 4)."
291,What is the statistical unit for the aquacultural census?,30; 31,31; 32,page-only,high,1,1,no,"Statistical unit for the aquacultural census 3.33 The statistical unit for the aquacultural census is the aquacultural holding, defined in a similar way to an agricultural holding, as follows: An aquacultural holding is an economic unit of aquacultural production under single management, comprising all aquaculture facilities, regardless of title, legal form or size.
 [...] 
The aquaculture facilities of the holding may be located in one or more separate areas or administrative divisions, provided they share the same means of production – such as labour, buildings and machinery.","Statistical unit for the aquacultural census 3.33 The statistical unit for the aquacultural census is the aquacultural holding, defined in a similar way to an agricultural holding, as follows: An aquacultural holding is an economic unit of aquacultural production under single management, comprising all aquaculture facilities, regardless of title, legal form or size.
 [...] 
The aquaculture facilities of the holding may be located in one or more separate areas or administrative divisions, provided they share the same means of production – such as labour, buildings and machinery."
292,How does the agricultural census relate to the economic census?,33,34,page-only,high,1,1,no,"3.46 Economic censuses are normally carried out using the “establishment” as the statistical unit (see Annex 1). The definition of the agricultural holding is compatible with the establishment concept, provided that small and medium-sized holdings from the household sector are not excluded. This opens up the possibility of integrating the agricultural census into the economic census programme.","3.46 Economic censuses are normally carried out using the “establishment” as the statistical unit (see Annex 1). The definition of the agricultural holding is compatible with the establishment concept, provided that small and medium-sized holdings from the household sector are not excluded. This opens up the possibility of integrating the agricultural census into the economic census programme."
293,What is a forestry module in the context of the agricultural census?,34,35,page-only,high,1,1,no,"• Core module: Item 1101* • Supplementary forestry module (sample-based): Items 1102 to 1105* • For agricultural holdings: same as case A • For households (non-agricultural holdings) with woodland: module to a sample of units from the census frame NOTE: * Item 1101 corresponds to “Presence of woodland on the holding”. For Items 1101 to 1105 see Theme 11, Annex 4.","• Core module: Item 1101* • Supplementary forestry module (sample-based): Items 1102 to 1105* • For agricultural holdings: same as case A • For households (non-agricultural holdings) with woodland: module to a sample of units from the census frame NOTE: * Item 1101 corresponds to “Presence of woodland on the holding”. For Items 1101 to 1105 see Theme 11, Annex 4."
294,What is a fishing module in the context of the agricultural census?,34,35,page-only,high,1,1,no,"Since the WCA 2020, the census programme has included a fishing theme comprising seven additional items (see Theme 12 in Annex 4) for countries that wish to include a module to collect selected fishing data – preferably on a sample basis – from agricultural holdings.","Since the WCA 2020, the census programme has included a fishing theme comprising seven additional items (see Theme 12 in Annex 4) for countries that wish to include a module to collect selected fishing data – preferably on a sample basis – from agricultural holdings."
295,What is the statistical unit for data collection in the WCA 2030?,37,39,page-only,high,1,1,no,"The statistical unit for data collection is the basic unit for which data are collected. In previous agricultural census programmes, the statistical unit used has been the agricultural holding and this is used again in the WCA 2030.","The statistical unit for data collection is the basic unit for which data are collected. In previous agricultural census programmes, the statistical unit used has been the agricultural holding and this is used again in the WCA 2030."
296,What is an agricultural holding and how is it defined in the WCA 2030?,37,39,page-only,high,1,1,no,"An agricultural holding is an economic unit of agricultural production under single management, comprising all livestock kept and all land used wholly or partly for agricultural production purposes, regardless of title, legal form or size. Single management may be exercised by an individual or household, jointly by two or more individuals or households, by a clan or tribe, or by a juridical person such as a corporation, cooperative or government agency. The holding's land may consist of one or more parcels, located in one or more separate areas or in one or more territorial or administrative divisions, provided the parcels share the same means of production, such as labour, farm buildings, machinery or draught animals.","An agricultural holding is an economic unit of agricultural production under single management, comprising all livestock kept and all land used wholly or partly for agricultural production purposes, regardless of title, legal form or size. Single management may be exercised by an individual or household, jointly by two or more individuals or households, by a clan or tribe, or by a juridical person such as a corporation, cooperative or government agency. The holding's land may consist of one or more parcels, located in one or more separate areas or in one or more territorial or administrative divisions, provided the parcels share the same means of production, such as labour, farm buildings, machinery or draught animals."
297,What are the two main types of agricultural holdings?,37,39,page-only,high,1,1,no,"There are two main types of agricultural holdings: household-sector holdings, managed by individuals or families; and non-household sector holdings, which include units such as enterprises and educational or government institutions.","There are two main types of agricultural holdings: household-sector holdings, managed by individuals or families; and non-household sector holdings, which include units such as enterprises and educational or government institutions."
298,What is a household-sector holding?,76,78,page-only,high,1,1,no,"Household sector holdings are those operated by household members. Usually there is only one holding in a household (a single-holding household), but there may also be two or more holdings in a household (a multiple-holding household). A holding may also consist of a partnership of two or more households. In many developing countries, most agricultural holdings are in the household sector.","Household sector holdings are those operated by household members. Usually there is only one holding in a household (a single-holding household), but there may also be two or more holdings in a household (a multiple-holding household). A holding may also consist of a partnership of two or more households. In many developing countries, most agricultural holdings are in the household sector."
299,What is a non-household-sector holding?,76,78,page-only,high,1,1,no,"Non-household sector holdings are those that do not belong to the household sector. Corporations and cooperatives are defined within the framework of national laws and practices. Cooperatives include different types of organizations that combine, to varying degrees, the principles of individual ownership, joint ownership or leasehold. Other non-household sectors include tribes, clans, private schools, religious institutions and government, which comprise agricultural production entities operated directly by central or local government or through a special body.","Non-household sector holdings are those that do not belong to the household sector. Corporations and cooperatives are defined within the framework of national laws and practices. Cooperatives include different types of organizations that combine, to varying degrees, the principles of individual ownership, joint ownership or leasehold. Other non-household sectors include tribes, clans, private schools, religious institutions and government, which comprise agricultural production entities operated directly by central or local government or through a special body."
300,What is the definition of a household in the WCA 2030?,38,40,page-only,high,1,1,no,"4.6 “The concept of ‘household’ is based on the arrangements that a person or a group of persons make to provide themselves with food and other essentials for living. A household may be either: a one-person household, where a person makes provision for their own food and other essentials for living without combining with any other to form a multi-person household; or a multi-person household, which consists of a group of two or more persons living together who make joint provision for food and other essentials for living.","4.6 “The concept of ‘household’ is based on the arrangements that a person or a group of persons make to provide themselves with food and other essentials for living. A household may be either: a one-person household, where a person makes provision for their own food and other essentials for living without combining with any other to form a multi-person household; or a multi-person household, which consists of a group of two or more persons living together who make joint provision for food and other essentials for living."
301,What is a parcel in the context of an agricultural census?,40,42,page-only,high,1,1,no,"4.19 The agricultural holding is divided into parcels, where a parcel is defined as any piece of land under a single land tenure type (see paragraphs 7.2.38–7.2.47), entirely surrounded by other land, water, roads, forest or other features that are either not part of the holding or part of the holding under a different land tenure type. A parcel may consist of one or more adjacent fields or plots.","4.19 The agricultural holding is divided into parcels, where a parcel is defined as any piece of land under a single land tenure type (see paragraphs 7.2.38–7.2.47), entirely surrounded by other land, water, roads, forest or other features that are either not part of the holding or part of the holding under a different land tenure type. A parcel may consist of one or more adjacent fields or plots."
302,"What is the difference between a parcel, a field, and a plot?",40,42,page-only,high,1,1,no,"A clear distinction should be made between a parcel, a field and a plot. A field is a piece of land within a parcel, separated from the rest of the parcel by easily recognisable demarcation lines, such as paths, cadastral boundaries, fences, waterways or hedges. A field may contain one or more plots. A plot is a part or the whole of a field on which a specific crop or crop mixture is cultivated, or which is left fallow or is awaiting planting.","A clear distinction should be made between a parcel, a field and a plot. A field is a piece of land within a parcel, separated from the rest of the parcel by easily recognisable demarcation lines, such as paths, cadastral boundaries, fences, waterways or hedges. A field may contain one or more plots. A plot is a part or the whole of a field on which a specific crop or crop mixture is cultivated, or which is left fallow or is awaiting planting."
303,Who is the agricultural holder?,40,42,page-only,high,1,1,no,"4.21 The agricultural holder is defined as the civil person, group of civil persons or juridical person who makes the key decisions regarding resource use and exercises management control over the operation of the agricultural holding.","4.21 The agricultural holder is defined as the civil person, group of civil persons or juridical person who makes the key decisions regarding resource use and exercises management control over the operation of the agricultural holding."
304,How should the agricultural holder be identified when the household head and holder differ?,41,43,passage-match,high,0.99,1,no,"Particular care is required to distinguish between the household head and the agricultural holder, where these are not the same person. Cultural factors often influence who is identified as the household head – for example, the oldest male – even if that person is not actively involved in the household's agricultural operations. A single question such as ""Who is the main decision-maker for the holding?"" may be insufficient. It may be necessary to ask a series of questions about each household member, their work on the holding and their role in its management. Special attention should be given to ensuring that the role of women is adequately recognised when identifying the agricultural holder.","Particular care is required to distinguish between the household head and the agricultural holder, where these are not the same person. Cultural factors often influence who is identified as the household head – for example, the oldest male – even if that person is not actively involved in the household’s agricultural operations. A single question such as “Who is the main decision-maker for the holding?” may be insufficient. It may be necessary to ask a series of questions about each household member, their work on the holding and their role in its management. Special attention should be given to ensuring that the role of women is adequately recognized when identifying the agricultural holder."
305,What is the scope of the census of agriculture?,41,43,page-only,high,1,1,no,"4.25 Broadly speaking, an agricultural census aims to measure the structure of the agricultural production industry. The scope of this industry could be interpreted broadly to include not only crop and livestock production, but also forestry, fishing and other food- and agriculture-related activities. However, support activities to agriculture and post-harvest crop activities – such as agroprocessing – fall outside the scope of the agricultural census (see paragraph 4.26). Previous agricultural census programmes have adopted a narrower definition, focusing only on units engaged in the production of crop and livestock products. This approach remains valid for the 2030 round of agricultural censuses. Units engaged solely in forestry, fishing or aquaculture are not covered, unless they also undertake some crop or livestock production.","4.25 Broadly speaking, an agricultural census aims to measure the structure of the agricultural production industry. The scope of this industry could be interpreted broadly to include not only crop and livestock production, but also forestry, fishing and other food- and agriculture-related activities. However, support activities to agriculture and post-harvest crop activities – such as agroprocessing – fall outside the scope of the agricultural census (see paragraph 4.26). Previous agricultural census programmes have adopted a narrower definition, focusing only on units engaged in the production of crop and livestock products. This approach remains valid for the 2030 round of agricultural censuses. Units engaged solely in forestry, fishing or aquaculture are not covered, unless they also undertake some crop or livestock production."
306,What activities fall outside the scope of the agricultural census?,41,43,page-only,high,1,1,no,"However, support activities to agriculture and post-harvest crop activities – such as agroprocessing – fall outside the scope of the agricultural census (see paragraph 4.26). Previous agricultural census programmes have adopted a narrower definition, focusing only on units engaged in the production of crop and livestock products. This approach remains valid for the 2030 round of agricultural censuses. Units engaged solely in forestry, fishing or aquaculture are not covered, unless they also undertake some crop or livestock production.","However, support activities to agriculture and post-harvest crop activities – such as agroprocessing – fall outside the scope of the agricultural census (see paragraph 4.26). Previous agricultural census programmes have adopted a narrower definition, focusing only on units engaged in the production of crop and livestock products. This approach remains valid for the 2030 round of agricultural censuses. Units engaged solely in forestry, fishing or aquaculture are not covered, unless they also undertake some crop or livestock production."
307,What is the coverage of the census of agriculture?,42,44,page-only,high,1,1,no,"It is very important that countries clearly specify the coverage in the presentation of agricultural census results. When certain geographic areas are excluded or certain holding types are omitted, this should be highlighted in the census dissemination products to help users interpret and analyse the results.","It is very important that countries clearly specify the coverage in the presentation of agricultural census results. When certain geographic areas are excluded or certain holding types are omitted, this should be highlighted in the census dissemination products to help users interpret and analyse the results."
308,What is a cut-off threshold for agricultural holdings?,42,44,page-only,high,1,1,no,"4.33 Many countries apply a minimum size limit for the inclusion of units in the census. This is often justified on the grounds that very small holdings – which are usually numerous – contribute little to total agricultural production, making their inclusion in the agricultural census not cost-effective. However, in many developing countries, small-scale agriculture makes a significant contribution to household food supplies and is often an important source of supplementary income.","4.33 Many countries apply a minimum size limit for the inclusion of units in the census. This is often justified on the grounds that very small holdings – which are usually numerous – contribute little to total agricultural production, making their inclusion in the agricultural census not cost-effective. However, in many developing countries, small-scale agriculture makes a significant contribution to household food supplies and is often an important source of supplementary income."
309,What are the disadvantages of applying a cut-off threshold?,43,45,page-only,high,1,1,no,"4.36 Because of the contribution of small-scale farming to household food security and total agriculture produce, it is important to have some estimate of its impact.","4.36 Because of the contribution of small-scale farming to household food security and total agriculture produce, it is important to have some estimate of its impact."
310,What is an alternative to setting a minimum size limit in the agricultural census?,43,45,page-only,high,1,1,no,"Because of the contribution of small-scale farming to household food security and total agriculture produce, it is important to have some estimate of its impact. The screening questions mentioned above can also be used to obtain a sampling frame of units below the threshold having some farm activity to allow conducting a sample survey on them.","Because of the contribution of small-scale farming to household food security and total agriculture produce, it is important to have some estimate of its impact. The screening questions mentioned above can also be used to obtain a sampling frame of units below the threshold having some farm activity to allow conducting a sample survey on them."
311,What is the census reference period?,43,45,page-only,high,1,1,no,"4.37 The census has two main reference periods: the census reference year and the census reference day. The census reference year covers a 12-month period – usually a calendar year or an agricultural year – and generally encompasses the various time reference periods used for non-inventory items. Using the agricultural year can be advantageous, as respondents often think of their activities in seasonal terms and may therefore find it easier to recall information. The census reference day refers to a specific point in time, used for livestock numbers and other inventory items.","4.37 The census has two main reference periods: the census reference year and the census reference day. The census reference year covers a 12-month period – usually a calendar year or an agricultural year – and generally encompasses the various time reference periods used for non-inventory items. Using the agricultural year can be advantageous, as respondents often think of their activities in seasonal terms and may therefore find it easier to recall information. The census reference day refers to a specific point in time, used for livestock numbers and other inventory items."
312,What is the difference between the census reference year and the census reference day?,43,45,page-only,high,1,1,no,"4.37 The census has two main reference periods: the census reference year and the census reference day. The census reference year covers a 12-month period – usually a calendar year or an agricultural year – and generally encompasses the various time reference periods used for non-inventory items. Using the agricultural year can be advantageous, as respondents often think of their activities in seasonal terms and may therefore find it easier to recall information. The census reference day refers to a specific point in time, used for livestock numbers and other inventory items.","4.37 The census has two main reference periods: the census reference year and the census reference day. The census reference year covers a 12-month period – usually a calendar year or an agricultural year – and generally encompasses the various time reference periods used for non-inventory items. Using the agricultural year can be advantageous, as respondents often think of their activities in seasonal terms and may therefore find it easier to recall information. The census reference day refers to a specific point in time, used for livestock numbers and other inventory items."
313,When is the census reference day used instead of the census reference year?,43; 43,45; 45,page-only,high,1,1,no,"The census reference day refers to a specific point in time, used for livestock numbers and other inventory items.
 [...] 
4.38 In practice, countries may choose to use the “day of enumeration” instead of a fixed census reference day to facilitate data collection.","The census reference day refers to a specific point in time, used for livestock numbers and other inventory items.
 [...] 
4.38 In practice, countries may choose to use the “day of enumeration” instead of a fixed census reference day to facilitate data collection."
314,What is the recommended timing for the census of agriculture?,44,46,page-only,high,1,1,no,"4.44 Following a successful and satisfactory census, subsequent censuses should be conducted at regular intervals, unless compelling reasons require otherwise. Consistent census timing improves data comparability, facilitates analysis and supports administrative compliance by ensuring that all stakeholders complete the necessary preparations on time. 4.45 A key issue in many censuses concerns the timing of field operations. A specific feature of the census of agriculture is its strong dependence on the agricultural and cropping calendar.","4.44 Following a successful and satisfactory census, subsequent censuses should be conducted at regular intervals, unless compelling reasons require otherwise. Consistent census timing improves data comparability, facilitates analysis and supports administrative compliance by ensuring that all stakeholders complete the necessary preparations on time. 4.45 A key issue in many censuses concerns the timing of field operations. A specific feature of the census of agriculture is its strong dependence on the agricultural and cropping calendar."
315,What factors determine the content of an agricultural census?,45; 45; 45,47; 47; 47,page-only,high,1,1,no,"• The suitability of the census vehicle for the collection of the data required. An agricultural census is intended to collect structural data and the items included should focus primarily on those types of data. Items requiring in-depth questions, such as cost of production, are best collected in other agricultural surveys. • The technical, operational and financial resources available to undertake the census.
 [...] 
• The willingness and ability of the public to supply the information required.
 [...] 
• The data collected in previous rounds of the agricultural census.","• The suitability of the census vehicle for the collection of the data required. An agricultural census is intended to collect structural data and the items included should focus primarily on those types of data. Items requiring in-depth questions, such as cost of production, are best collected in other agricultural surveys. • The technical, operational and financial resources available to undertake the census.
 [...] 
• The willingness and ability of the public to supply the information required.
 [...] 
• The data collected in previous rounds of the agricultural census."
316,What are the main steps in developing and conducting an agricultural census?,46; 46,48; 48,page-only,high,1,1,no,"4.1 PHASES AND STEPS IN DEVELOPING AND CONDUCTING THE CENSUS OF AGRICULTURE Develop the field system (including monitoring system); recruit and train field staff Identify the role of the census of agriculture as a component of the system of integrated agricultural censuses and surveys Prepare census legislation, if required
 [...] 
Determine the objectives of the census of agriculture and its overall strategy (user-producer consultation) Define the methodology and data collection method (paper, mobile device, etc.) Develop a work plan and establish the budget to carry out the census Develop and implement the census publicity campaign","4.1 PHASES AND STEPS IN DEVELOPING AND CONDUCTING THE CENSUS OF AGRICULTURE Develop the field system (including monitoring system); recruit and train field staff Identify the role of the census of agriculture as a component of the system of integrated agricultural censuses and surveys Prepare census legislation, if required
 [...] 
Determine the objectives of the census of agriculture and its overall strategy (user-producer consultation) Define the methodology and data collection method (paper, mobile device, etc.) Develop a work plan and establish the budget to carry out the census Develop and implement the census publicity campaign"
317,What are the three census modalities described in the WCA 2030?,48,50,page-only,high,1,1,no,"For the purposes of this publication, three modalities are discussed, including the two basic methodological approaches: the classical approach and the modular approach, the latter introduced in the WCA 2010. The third modality involves the use of registers in combination with fieldwork data collection. The distinguishing features lie in the design of the three modalities, rather than in whether complete enumeration is combined with sample enumeration.","For the purposes of this publication, three modalities are discussed, including the two basic methodological approaches: the classical approach and the modular approach, the latter introduced in the WCA 2010. The third modality involves the use of registers in combination with fieldwork data collection. The distinguishing features lie in the design of the three modalities, rather than in whether complete enumeration is combined with sample enumeration."
318,What is the classical approach to conducting an agricultural census?,49,51,page-only,high,1,1,no,"5.7 In a few instances, countries wishing to add items that are not usually covered in the census, resort to a combination of a short and a long questionnaire to reduce costs and burden on the respondents. In this case, the short questionnaire should contain all the essential items recommended by the WCA 2030 and relevant items needed to build the frames for the programme of agricultural surveys. The long questionnaire should encompass additional items to be collected from a sample of holdings (e.g. one in every ten holdings or holdings within a sample of enumeration areas)10 or holdings identified according to specific criteria, for example those above a defined threshold or belonging to a particular population segment. Both the short and long questionnaires are completed during the same field visit and use the same reference period.","5.7 In a few instances, countries wishing to add items that are not usually covered in the census, resort to a combination of a short and a long questionnaire to reduce costs and burden on the respondents. In this case, the short questionnaire should contain all the essential items recommended by the WCA 2030 and relevant items needed to build the frames for the programme of agricultural surveys. The long questionnaire should encompass additional items to be collected from a sample of holdings (e.g. one in every ten holdings or holdings within a sample of enumeration areas)10 or holdings identified according to specific criteria, for example those above a defined threshold or belonging to a particular population segment. Both the short and long questionnaires are completed during the same field visit and use the same reference period."
319,What is the modular approach to conducting an agricultural census?,49,51,page-only,high,1,1,no,"5.8 The modular approach consists of a clearly defined core module and one or more supplementary thematic modules, with the items collected in the core module used to construct the frame for the sample-based Supplementary modules. This approach is suitable for countries that do not have a well-established agricultural survey system.","5.8 The modular approach consists of a clearly defined core module and one or more supplementary thematic modules, with the items collected in the core module used to construct the frame for the sample-based Supplementary modules. This approach is suitable for countries that do not have a well-established agricultural survey system."
320,What is the difference between the classical approach and the modular approach?,49,51,page-only,high,1,1,no,"Similarly, the long questionnaire should not be confused with a supplementary module of the modular approach, which is thematic in nature and implemented in a separate field visit following the core module. THE MODULAR APPROACH 5.8 The modular approach consists of a clearly defined core module and one or more supplementary thematic modules, with the items collected in the core module used to construct the frame for the sample-based Supplementary modules.","Similarly, the long questionnaire should not be confused with a supplementary module of the modular approach, which is thematic in nature and implemented in a separate field visit following the core module. THE MODULAR APPROACH 5.8 The modular approach consists of a clearly defined core module and one or more supplementary thematic modules, with the items collected in the core module used to construct the frame for the sample-based Supplementary modules."
321,What is the core module in the modular approach?,50,52,page-only,high,1,1,no,"In the modular approach, the core module includes the relevant items needed to build the frame for the subsequent sample-based supplementary thematic modules, as well as all essential items recommended at the lowest administrative level. These items are necessary to capture data on rare events, provide benchmark data for current agricultural statistics and establish any thresholds. Accordingly, all essential items and the relevant frame-building items should be collected from all agricultural holdings in the core module.","In the modular approach, the core module includes the relevant items needed to build the frame for the subsequent sample-based supplementary thematic modules, as well as all essential items recommended at the lowest administrative level. These items are necessary to capture data on rare events, provide benchmark data for current agricultural statistics and establish any thresholds. Accordingly, all essential items and the relevant frame-building items should be collected from all agricultural holdings in the core module."
322,What are supplementary thematic modules and how are they used?,50,52,page-only,high,1,1,no,"The sample-based supplementary thematic modules use the frame generated from the core module to target specific populations. These may include all holdings, holdings above a certain size or subsets of agricultural holdings, such as livestock or crop producers, with or without size thresholds. Supplementary modules are used to collect a broader range of data than in the classical approach.","The sample-based supplementary thematic modules use the frame generated from the core module to target specific populations. These may include all holdings, holdings above a certain size or subsets of agricultural holdings, such as livestock or crop producers, with or without size thresholds. Supplementary modules are used to collect a broader range of data than in the classical approach."
323,What is the short-and-long questionnaire concept under the classical approach?,49,51,page-only,high,1,1,no,"5.7 In a few instances, countries wishing to add items that are not usually covered in the census, resort to a combination of a short and a long questionnaire to reduce costs and burden on the respondents. In this case, the short questionnaire should contain all the essential items recommended by the WCA 2030 and relevant items needed to build the frames for the programme of agricultural surveys. The long questionnaire should encompass additional items to be collected from a sample of holdings (e.g.","5.7 In a few instances, countries wishing to add items that are not usually covered in the census, resort to a combination of a short and a long questionnaire to reduce costs and burden on the respondents. In this case, the short questionnaire should contain all the essential items recommended by the WCA 2030 and relevant items needed to build the frames for the programme of agricultural surveys. The long questionnaire should encompass additional items to be collected from a sample of holdings (e.g."
324,How can administrative records and registers be used in an agricultural census?,52,54,page-only,high,1,1,no,"5.20 Regardless of the census methodology adopted, it is extremely important that a unique primary key variable or identifier is used in all the data sources. The use of a unique identifier is essential in order to link information successfully.","5.20 Regardless of the census methodology adopted, it is extremely important that a unique primary key variable or identifier is used in all the data sources. The use of a unique identifier is essential in order to link information successfully."
325,What are the challenges of using administrative records in an agricultural census?,52,54,page-only,high,1,1,no,"5.19 The use of administrative records may pose some challenges, including • Access to datasets is difficult or even impossible if the legal background is inadequate; • It could be very difficult to establish a good cooperation with register owners; • The cost for the access to the administrative records could be too high; • Incoherence of concepts, definitions, classification, and reference periods could hamper the use of administrative sources; and • There could be technical problems related to linking data from various data sources.","5.19 The use of administrative records may pose some challenges, including • Access to datasets is difficult or even impossible if the legal background is inadequate; • It could be very difficult to establish a good cooperation with register owners; • The cost for the access to the administrative records could be too high; • Incoherence of concepts, definitions, classification, and reference periods could hamper the use of administrative sources; and • There could be technical problems related to linking data from various data sources."
326,What is the role of sampling frames in an agricultural census?,52,54,page-only,high,1,1,no,"In a statistical collection, the frame is the mechanism by which the statistical units to be enumerated are identified, in this case the agricultural holdings. An ideal frame is a list of all agricultural holdings, based on the operational definition adopted by the country, that identifies each unit without omission or duplication and excludes any non-agricultural units.","In a statistical collection, the frame is the mechanism by which the statistical units to be enumerated are identified, in this case the agricultural holdings. An ideal frame is a list of all agricultural holdings, based on the operational definition adopted by the country, that identifies each unit without omission or duplication and excludes any non-agricultural units."
327,What is a flexible enumeration strategy for agricultural censuses?,54,56,page-only,high,1,1,no,"5.35 To address these constraints while maintaining the integrity and usefulness of census results, the WCA 2030 encourages flexible enumeration strategies that combine complete and sample enumeration in a complementary manner. These strategies allow countries to tailor their census design to national agricultural structures and available resources, ensuring cost-effectiveness without compromising data quality or coverage.","5.35 To address these constraints while maintaining the integrity and usefulness of census results, the WCA 2030 encourages flexible enumeration strategies that combine complete and sample enumeration in a complementary manner. These strategies allow countries to tailor their census design to national agricultural structures and available resources, ensuring cost-effectiveness without compromising data quality or coverage."
328,What is quality assurance in the context of an agricultural census?,56,58,page-only,high,1,1,no,"The census of agriculture is a large and complex operation, and non-sampling errors, such as coverage and content errors arising during data collection and processing, are unavoidable. It is therefore recommended that the accuracy of the data collected be evaluated and reported, so that census organizers are aware of quality levels and users are informed of data limitations.","The census of agriculture is a large and complex operation, and non-sampling errors, such as coverage and content errors arising during data collection and processing, are unavoidable. It is therefore recommended that the accuracy of the data collected be evaluated and reported, so that census organizers are aware of quality levels and users are informed of data limitations."
329,What methods of enumeration are used in agricultural censuses?,56,58,page-only,high,1,1,no,"The advent of advanced technologies, such as information technology, GIS and the global positioning system (GPS), has created new opportunities for data collection, with the potential to improve efficiency and data quality. By applying these technologies, countries can achieve gains in timeliness, reduce undercoverage and response errors, and lower costs by reducing staffing and other expenses. Further information on these modes, including their strengths and weaknesses, is provided in Chapter 20 of the World programme for the census of agriculture 2020. Volume 2 Operational guidelines (FAO, 2018a). 5.44 The traditional pen and paper mode is being replaced by mobile devices, online interviewing, and postal methods, and this trend is expected to continue.","The advent of advanced technologies, such as information technology, GIS and the global positioning system (GPS), has created new opportunities for data collection, with the potential to improve efficiency and data quality. By applying these technologies, countries can achieve gains in timeliness, reduce undercoverage and response errors, and lower costs by reducing staffing and other expenses. Further information on these modes, including their strengths and weaknesses, is provided in Chapter 20 of the World programme for the census of agriculture 2020. Volume 2 Operational guidelines (FAO, 2018a). 5.44 The traditional pen and paper mode is being replaced by mobile devices, online interviewing, and postal methods, and this trend is expected to continue."
330,What is georeferencing and why is it important for the agricultural census?,58; 58,60; 60,page-only,high,1,1,no,"5.55 An important factor in expanding the coverage of the census of agriculture is the georeferencing of holdings.
 [...] 
5.56 GPS makes it possible to determine the geographic position of agricultural holdings, offering several advantages for frame preparation, fieldwork planning, presentation of results and the integration of agricultural census data with other GIS databases.","5.55 An important factor in expanding the coverage of the census of agriculture is the georeferencing of holdings.
 [...] 
5.56 GPS makes it possible to determine the geographic position of agricultural holdings, offering several advantages for frame preparation, fieldwork planning, presentation of results and the integration of agricultural census data with other GIS databases."
331,How can Earth Observation data enhance agricultural census statistics?,59,61,page-only,high,1,1,no,"5.61 Earth observation is the gathering of information about the Earth's surface, waters and atmosphere via ground-based, airborne and/or satellite remote sensing platforms. EO is increasingly used in agricultural surveys and censuses to produce land cover (LC) and land use (LU) statistics.","5.61 Earth observation is the gathering of information about the Earth's surface, waters and atmosphere via ground-based, airborne and/or satellite remote sensing platforms. EO is increasingly used in agricultural surveys and censuses to produce land cover (LC) and land use (LU) statistics."
332,How is geospatial data used to estimate holding area?,61,63,page-only,high,1,1,no,"Estimating holding area using georeferenced data 5.65 It is possible to use a variety of proprietary and open-source GIS software to estimate the area of any parcel and of the holding itself, using any of the three approaches discussed above (see paragraph 5.64). The area calculation function embedded in the GIS software requires the user to define the geographic coordinate system used in the country and the area unit (e.g. ha). To compute the total area of the holding, the identification of the holding or holder must be linked to the corresponding plots or parcels belonging to the holding. 5.66 The accuracy of area estimation depends directly on the georeferencing approach used and the accuracy of the GPS device.","Estimating holding area using georeferenced data 5.65 It is possible to use a variety of proprietary and open-source GIS software to estimate the area of any parcel and of the holding itself, using any of the three approaches discussed above (see paragraph 5.64). The area calculation function embedded in the GIS software requires the user to define the geographic coordinate system used in the country and the area unit (e.g. ha). To compute the total area of the holding, the identification of the holding or holder must be linked to the corresponding plots or parcels belonging to the holding. 5.66 The accuracy of area estimation depends directly on the georeferencing approach used and the accuracy of the GPS device."
333,What are the essential items in the WCA 2030?,64,66,page-only,high,1,1,no,"There are 27 essential items. These represent the minimum data set that all countries should collect, regardless of the methodological approach used. They are critical for compiling a minimum set of national indicators on the agricultural sector, needed for policy-making and planning. Data for these items are required at small administrative unit level, such as districts or villages, or in the form of detailed cross-tabulations, and they are also needed for international comparison.","There are 27 essential items. These represent the minimum data set that all countries should collect, regardless of the methodological approach used. They are critical for compiling a minimum set of national indicators on the agricultural sector, needed for policy-making and planning. Data for these items are required at small administrative unit level, such as districts or villages, or in the form of detailed cross-tabulations, and they are also needed for international comparison."
334,How many essential items are there in the WCA 2030?,64,66,page-only,high,1,1,no,"In the WCA 2030, there are a total of 123 items categorized as follows: • 27 items are classified as essential (collected by complete enumeration), including those that serve for building frames for sample-based census supplementary modules and the continuous programme of surveys. • 96 items are classified as additional (collected by sample enumeration).","In the WCA 2030, there are a total of 123 items categorized as follows: • 27 items are classified as essential (collected by complete enumeration), including those that serve for building frames for sample-based census supplementary modules and the continuous programme of surveys. • 96 items are classified as additional (collected by sample enumeration)."
335,What are the additional items in the WCA 2030?,65; 65,67; 67,page-only,high,1,1,no,"The remaining items are classified as additional and are preferably covered in surveys or in supplementary modules under the modular approach, or in the long questionnaire under the short–long questionnaire concept of the classical approach. In countries with integrated census and survey programmes, the agricultural census is used mainly to collect structural, slow-changing items, while surveys are used to collect fast-changing, non-structural additional items.
 [...] 
6.10 The 96 items categorized as “additional” in the WCA 2030 are listed below under each theme, while their description is provided in Annex 4.","The remaining items are classified as additional and are preferably covered in surveys or in supplementary modules under the modular approach, or in the long questionnaire under the short–long questionnaire concept of the classical approach. In countries with integrated census and survey programmes, the agricultural census is used mainly to collect structural, slow-changing items, while surveys are used to collect fast-changing, non-structural additional items.
 [...] 
6.10 The 96 items categorized as “additional” in the WCA 2030 are listed below under each theme, while their description is provided in Annex 4."
336,What is the difference between essential and additional items?,65,67,page-only,high,1,1,no,"The remaining items are classified as additional and are preferably covered in surveys or in supplementary modules under the modular approach, or in the long questionnaire under the short–long questionnaire concept of the classical approach.","The remaining items are classified as additional and are preferably covered in surveys or in supplementary modules under the modular approach, or in the long questionnaire under the short–long questionnaire concept of the classical approach."
337,What criteria determine whether an item should be included in the census?,66,68,page-only,high,1,1,no,"COMMUNITY SURVEY ITEM CENSUS ITEM CENSUS ITEM CENSUS ITEM CENSUS ITEM Does the item change quickly from year to year (e.g. quarterly/annually, such as crop and livestock production, agricultural prices, food consumption), and the reference period is <= six months? Is the item one of the WCA 2030’s 27 essential items (e.g. holder sex, age and type, land use, crop areas and livestock numbers)? Is the item needed to build a frame for a census sample supplementary module or a follow-up survey (e.g. presence of manager/woodland, use of irrigation/organic practices)? Is the item to be collected for national purposes to produce reliable small-area statistics, such as at the lowest geographical/administrative level (e.g. village) or for rare events?","COMMUNITY SURVEY ITEM CENSUS ITEM CENSUS ITEM CENSUS ITEM CENSUS ITEM Does the item change quickly from year to year (e.g. quarterly/annually, such as crop and livestock production, agricultural prices, food consumption), and the reference period is <= six months? Is the item one of the WCA 2030’s 27 essential items (e.g. holder sex, age and type, land use, crop areas and livestock numbers)? Is the item needed to build a frame for a census sample supplementary module or a follow-up survey (e.g. presence of manager/woodland, use of irrigation/organic practices)? Is the item to be collected for national purposes to produce reliable small-area statistics, such as at the lowest geographical/administrative level (e.g. village) or for rare events?"
338,What are the 12 themes of the WCA 2030 and which have essential items?,71,73,page-only,high,1,1,no,"THEME 11: FORESTRY Additional items (see Theme 11 in Annex 4) 1101 Presence of woodland on the holding 1102 Area of woodland 1103 Purposes of woodland 1104+ Whether forestry activities are practised 1105 Whether agroforestry is practised For the modular approach, the reference group is holdings with woodland (additional Item 1101). THEME 12: FISHING Additional items (see Theme 12 in Annex 4)","THEME 11: FORESTRY Additional items (see Theme 11 in Annex 4) 1101 Presence of woodland on the holding 1102 Area of woodland 1103 Purposes of woodland 1104+ Whether forestry activities are practised 1105 Whether agroforestry is practised For the modular approach, the reference group is holdings with woodland (additional Item 1101). THEME 12: FISHING Additional items (see Theme 12 in Annex 4)"
339,Which themes have only additional items in the WCA 2030?,95,97,page-only,high,1,1,no,THEME 7: SERVICES FOR AGRICULTURE All items of this theme are classified as additional; see Annex 4. THEME 8: DEMOGRAPHIC AND SOCIAL CHARACTERISTICS All items of this theme are classified as additional; see Annex 4.,THEME 7: SERVICES FOR AGRICULTURE All items of this theme are classified as additional; see Annex 4. THEME 8: DEMOGRAPHIC AND SOCIAL CHARACTERISTICS All items of this theme are classified as additional; see Annex 4.
340,What are community-level items in the WCA 2030?,72,74,passage-match,high,0.98,1.03,no,"6.16 In addition to items collected at holding-level, the WCA 2030 also proposes items to be collected at community-level (see Chapter 8). These may be used to complement the data on holdings in the agricultural census. Community-level items are particularly relevant for decentralised planning, the design of targeted area development programmes and the assessment of infrastructure and services available to agricultural holdings.","6.16 In addition to items collected at holding-level, the WCA 2030 also proposes items to be collected at community-level (see Chapter 8). These may be used to complement the data on holdings in the agricultural census. Community-level items are particularly relevant for decentralized planning, the design of targeted area development programmes and the assessment of infrastructure and services available to agricultural holdings."
341,What new essential items were introduced in the WCA 2030?,10,11,page-only,high,1,1,no,"In the ""Identification and general characteristics"" theme, the item ""Educational attainment of holder, spouse, and manager"" (0107 in the WCA 2030) changed category from additional to essential item. In the ""Agriculture practices"" theme, the item ""Selected machinery and equipment used on the holding by source"" (0604) changed category from additional to essential item. Likewise, in the ""Work on holding"" theme, the item ""Use of contractors for work on the holding according to type of service"" (0905) changed category from additional to essential item.","In the ""Identification and general characteristics"" theme, the item ""Educational attainment of holder, spouse, and manager"" (0107 in the WCA 2030) changed category from additional to essential item. In the ""Agriculture practices"" theme, the item ""Selected machinery and equipment used on the holding by source"" (0604) changed category from additional to essential item. Likewise, in the ""Work on holding"" theme, the item ""Use of contractors for work on the holding according to type of service"" (0905) changed category from additional to essential item."
342,What identification and location information is collected for agricultural holdings?,75; 75,77; 77,page-only,high,1,1,no,"Reference period: census reference day 7.1.1 Identification of the agricultural holding usually includes the holding name and administrative unit code, the holder’s name, address and other contact information (telephone number, email address, etc.), and the location of the holding. The location of the holding may differ from the holder’s address, in which case both should be collected. 7.1.2 The location of the agricultural holding is needed to assign agricultural holdings to administrative units or agroecological zones,27 which are key classification items in the tabulation of agricultural census results.
 [...] 
7.1.4 Location is normally identified through a geographic coding system, based on the administrative structure of the country.","Reference period: census reference day 7.1.1 Identification of the agricultural holding usually includes the holding name and administrative unit code, the holder’s name, address and other contact information (telephone number, email address, etc.), and the location of the holding. The location of the holding may differ from the holder’s address, in which case both should be collected. 7.1.2 The location of the agricultural holding is needed to assign agricultural holdings to administrative units or agroecological zones,27 which are key classification items in the tabulation of agricultural census results.
 [...] 
7.1.4 Location is normally identified through a geographic coding system, based on the administrative structure of the country."
343,What is meant by the legal status of the agricultural holder?,76,78,page-only,high,1,1,no,"7.1.7 The sector to which the holding belongs may be classified as “household sector” or “non-household sector”. Countries are encouraged to distinguish between these two sectors in the census tabulation. 7.1.8 Household sector holdings are those operated by household members. Usually there is only one holding in a household (a single-holding household), but there may also be two or more holdings in a household (a multiple-holding household). A holding may also consist of a partnership of two or more households. In many developing countries, most agricultural holdings are in the household sector. 7.1.9 Non-household sector holdings are those that do not belong to the household sector. Corporations and cooperatives are defined within the framework of national laws and practices.","7.1.7 The sector to which the holding belongs may be classified as “household sector” or “non-household sector”. Countries are encouraged to distinguish between these two sectors in the census tabulation. 7.1.8 Household sector holdings are those operated by household members. Usually there is only one holding in a household (a single-holding household), but there may also be two or more holdings in a household (a multiple-holding household). A holding may also consist of a partnership of two or more households. In many developing countries, most agricultural holdings are in the household sector. 7.1.9 Non-household sector holdings are those that do not belong to the household sector. Corporations and cooperatives are defined within the framework of national laws and practices."
344,Why is data on the sex of the agricultural holder collected?,76; 76,78; 78,passage-match,high,0.98,1.44,no,"Reference period: census reference day 7.1.11 Item 0104 is important for analysing the gender aspects of agricultural production and, in particular, for examining the role of women in managing agricultural holdings.
 [...] 
Item 0104 is also useful for analysing gender aspects of agricultural production management and may serve as the basis for a sampling frame for specialised gender surveys. 7.1.12 Data on the sex of the agricultural holder are collected only for holdings in the household sector.","Reference period: census reference day 7.1.11 Item 0104 is important for analysing the gender aspects of agricultural production and, in particular, for examining the role of women in managing agricultural holdings.
 [...] 
Item 0104 is also useful for analysing gender aspects of agricultural production management and may serve as the basis for a sampling frame for specialized gender surveys. 7.1.12 Data on the sex of the agricultural holder are collected only for holdings in the household sector. For holdings in the non-household sector (corporations, government institutions, etc.), the sex of the manager is collected (see Item 0115)."
345,What does main purpose of production mean for an agricultural holding?,77,79,page-only,high,1,1,no,"Reference period: census reference year 7.1.20 The aim of this item is to obtain a broad indicator of the extent to which agricultural holdings participate in the market economy. Data on the purpose of production are usually collected for household-sector holdings, although some countries may also wish to collect this information for certain types of non-household holdings (e.g. schools, religious institutions). The most appropriate reference period is the census reference year, although in countries with several harvesting seasons during the year, alternative reference periods may also be suitable. 7.1.21 In cases where a holding sells part of its produce and uses the rest for own consumption, the main purpose should be identified as the one that represents the larger value of agricultural production, either own consumption or sale. Sale includes selling produce for cash or in exchange for other produce (barter).","Reference period: census reference year 7.1.20 The aim of this item is to obtain a broad indicator of the extent to which agricultural holdings participate in the market economy. Data on the purpose of production are usually collected for household-sector holdings, although some countries may also wish to collect this information for certain types of non-household holdings (e.g. schools, religious institutions). The most appropriate reference period is the census reference year, although in countries with several harvesting seasons during the year, alternative reference periods may also be suitable. 7.1.21 In cases where a holding sells part of its produce and uses the rest for own consumption, the main purpose should be identified as the one that represents the larger value of agricultural production, either own consumption or sale. Sale includes selling produce for cash or in exchange for other produce (barter)."
346,How is the total area of an agricultural holding defined?,79,81,page-only,high,1,1,no,"The total area of the holding is the area of all land making up the agricultural holding. It provides a measure of holding size, which is an important element of agricultural census analysis. It includes all land operated by the holding, regardless of ownership title or legal form. Land owned by household members but rented to others should not be included in the holding area, while land not owned by household members but rented from others for agricultural production purposes should be included.","The total area of the holding is the area of all land making up the agricultural holding. It provides a measure of holding size, which is an important element of agricultural census analysis. It includes all land operated by the holding, regardless of ownership title or legal form. Land owned by household members but rented to others should not be included in the holding area, while land not owned by household members but rented from others for agricultural production purposes should be included."
347,What is the FAO land use classification used in the agricultural census?,81,83,page-only,high,1,1,no,"7.2.12 The FAO land use classes are designed to cover the whole territory of a country. Therefore, not all of its classes are directly relevant for describing the area of an agricultural holding. For the purposes of the agricultural census, it is recommended that nine basic land use classes be identified:","7.2.12 The FAO land use classes are designed to cover the whole territory of a country. Therefore, not all of its classes are directly relevant for describing the area of an agricultural holding. For the purposes of the agricultural census, it is recommended that nine basic land use classes be identified:"
348,What are the nine land use classes in the WCA 2030?,81,83,page-only,high,1,1,no,"For the purposes of the agricultural census, it is recommended that nine basic land use classes be identified: • Land under temporary crops; • Land under temporary meadows and pastures; • Land temporarily fallow; • Land under permanent crops; • Land under permanent meadows and pastures; • Land under farm buildings and farmyards; • Forest and other wooded land; • Area used for aquaculture (including inland and coastal waters if part of the holding); • Other area not elsewhere classified.","For the purposes of the agricultural census, it is recommended that nine basic land use classes be identified: • Land under temporary crops; • Land under temporary meadows and pastures; • Land temporarily fallow; • Land under permanent crops; • Land under permanent meadows and pastures; • Land under farm buildings and farmyards; • Forest and other wooded land; • Area used for aquaculture (including inland and coastal waters if part of the holding); • Other area not elsewhere classified."
349,What is the difference between land use and land cover?,80,82,page-only,high,1,1,no,"The FAO land use classes also cover areas not in use, to provide a complete accounting of the land within a country. 7.2.11 Land use should be distinguished from “land cover”, which describes the physical characteristics of the land, such as grassland or forest.","The FAO land use classes also cover areas not in use, to provide a complete accounting of the land within a country. 7.2.11 Land use should be distinguished from “land cover”, which describes the physical characteristics of the land, such as grassland or forest."
350,What is land under temporary crops?,82,84,page-only,high,1,1,no,"7.2.18 Land under temporary crops includes all land used for crops with a less than one-year growing cycle which must be newly sown or planted for further production after the harvest. Some crops that remain in the field for more than one year may also be considered temporary crops, e.g. asparagus and sugar cane (see ISIC Group 011 in Annex 2). Multiple/successive cropped areas are counted only once.","7.2.18 Land under temporary crops includes all land used for crops with a less than one-year growing cycle which must be newly sown or planted for further production after the harvest. Some crops that remain in the field for more than one year may also be considered temporary crops, e.g. asparagus and sugar cane (see ISIC Group 011 in Annex 2). Multiple/successive cropped areas are counted only once."
351,What is land temporarily fallow?,82; 82,84; 84,page-only,high,1,1,no,"7.2.22 Land temporarily fallow refers to land that is not seeded for one or more growing seasons, usually for a period of less than five years.
 [...] 
7.2.24 Land left fallow for too long may acquire characteristics that require it to be reclassified, for example as “permanent meadows and pastures” if used for grazing, “forest and other wooded land” if overgrown with trees, or “other land” if it becomes wasteland.","7.2.22 Land temporarily fallow refers to land that is not seeded for one or more growing seasons, usually for a period of less than five years.
 [...] 
7.2.24 Land left fallow for too long may acquire characteristics that require it to be reclassified, for example as “permanent meadows and pastures” if used for grazing, “forest and other wooded land” if overgrown with trees, or “other land” if it becomes wasteland."
352,What is land under permanent crops?,82; 83,84; 85,page-only,high,1,1,no,"7.2.25 Land under permanent crops refers to land cultivated with long-term crops that do not need to be replanted for several years, land with trees and shrubs producing flowers (such as roses and jasmine), and nurseries (except forest tree nurseries, which should be classified as “forest and other wooded land”).
 [...] 
7.2.26 The ICC is provided in Annex 6, with the specification of permanent crops (see also paragraph 7.2.19).","7.2.25 Land under permanent crops refers to land cultivated with long-term crops that do not need to be replanted for several years, land with trees and shrubs producing flowers (such as roses and jasmine), and nurseries (except forest tree nurseries, which should be classified as “forest and other wooded land”).
 [...] 
7.2.26 The ICC is provided in Annex 6, with the specification of permanent crops (see also paragraph 7.2.19)."
353,What is land under permanent meadows and pastures?,83,85,page-only,high,1,1,no,"Land under permanent meadows and pastures includes land used permanently (growth cycle of five years or more) to grow herbaceous forage crops, through cultivation or naturally (as wild prairie or grazing land). Permanent meadows and pastures on which trees and shrubs are grown should be recorded under this heading only if the growing of forage crops is the most important use of the area.","Land under permanent meadows and pastures includes land used permanently (growth cycle of five years or more) to grow herbaceous forage crops, through cultivation or naturally (as wild prairie or grazing land). Permanent meadows and pastures on which trees and shrubs are grown should be recorded under this heading only if the growing of forage crops is the most important use of the area."
354,What is land tenure and what types are recognised in the WCA 2030?,85,87,page-only,high,1,1,no,"Reference period: census reference day 7.2.38 Item 0204 refers to the breakdown of the total area of the holding according to specific land tenure types. A holding may have one or more tenure types corresponding to each land parcel (for the definition of a parcel, see paragraph 4.19). Land tenure refers to the arrangements or rights under which the holder operates the land making up the holding. A distinction is made between legal and non-legal ownership, as this is a key element of tenure security.","Reference period: census reference day 7.2.38 Item 0204 refers to the breakdown of the total area of the holding according to specific land tenure types. A holding may have one or more tenure types corresponding to each land parcel (for the definition of a parcel, see paragraph 4.19). Land tenure refers to the arrangements or rights under which the holder operates the land making up the holding. A distinction is made between legal and non-legal ownership, as this is a key element of tenure security."
355,What is the definition of irrigation in the WCA 2030?,86; 86; 86,88; 88; 88,page-only,high,1,1,no,"THEME 3: IRRIGATION 7.3.1 Irrigation refers to the intentional supply of water to land, as opposed to rainfall, to improve pastures or crop production.
 [...] 
7.3.2 Irrigation includes any process by which water is transported from a source and applied to agricultural crops.
 [...] 
It may be provided through a major irrigation scheme serving many farmers across a large area, a local scheme serving a small community, or through individual arrangements whereby farmers obtain water from rivers, streams, wells or ponds using equipment such as pumps or manual methods such as buckets.","THEME 3: IRRIGATION 7.3.1 Irrigation refers to the intentional supply of water to land, as opposed to rainfall, to improve pastures or crop production.
 [...] 
7.3.2 Irrigation includes any process by which water is transported from a source and applied to agricultural crops.
 [...] 
It may be provided through a major irrigation scheme serving many farmers across a large area, a local scheme serving a small community, or through individual arrangements whereby farmers obtain water from rivers, streams, wells or ponds using equipment such as pumps or manual methods such as buckets."
356,What is the difference between fully controlled and partially controlled irrigation?,87,89,page-only,high,1,1,no,"Irrigation includes fully controlled and partially controlled irrigation. Fully controlled irrigation refers to surface, sprinkler and localized irrigation methods. Partially controlled irrigation refers to the use of floodwaters for crop irrigation (spate irrigation) or to equipped lowlands, including water control methods in wetland areas and inland valley bottoms, as well as flood recession cultivation.","Irrigation includes fully controlled and partially controlled irrigation. Fully controlled irrigation refers to surface, sprinkler and localized irrigation methods. Partially controlled irrigation refers to the use of floodwaters for crop irrigation (spate irrigation) or to equipped lowlands, including water control methods in wetland areas and inland valley bottoms, as well as flood recession cultivation."
357,Which irrigation item is essential and which are additional?,68,70,page-only,high,1,1,no,Essential items For the holdings 0302 Area of land actually irrigated: fully controlled and partially controlled irrigation (paragraphs 7.3.5–7.3.6) Additional items (see Theme 3 in Annex 4) 0301 Use of irrigation on the holding: fully and partially controlled irrigation 0303 Area of land actually irrigated according to land use type: fully controlled and partially controlled irrigation 0304 Area of land actually irrigated according to method of irrigation: fully controlled irrigation 0305 Area of crops actually irrigated for each crop type: fully controlled irrigation 0306 Sources of irrigation water: fully controlled irrigation 0307 Payment terms for irrigation water: fully and partially controlled irrigation 0308 Use of other types of irrigation: partially controlled irrigation 0309 Area equipped for irrigation in working order: fully and partially controlled irrigation 0310 Presence of drainage equipment THEME 4: CROPS Essential items Temporary crops 0402+ Area of temporary crops planted (for each temporary crop type) (paragraphs 7.4.1–7.4.3.),Essential items For the holdings 0302 Area of land actually irrigated: fully controlled and partially controlled irrigation (paragraphs 7.3.5–7.3.6) Additional items (see Theme 3 in Annex 4) 0301 Use of irrigation on the holding: fully and partially controlled irrigation 0303 Area of land actually irrigated according to land use type: fully controlled and partially controlled irrigation 0304 Area of land actually irrigated according to method of irrigation: fully controlled irrigation 0305 Area of crops actually irrigated for each crop type: fully controlled irrigation 0306 Sources of irrigation water: fully controlled irrigation 0307 Payment terms for irrigation water: fully and partially controlled irrigation 0308 Use of other types of irrigation: partially controlled irrigation 0309 Area equipped for irrigation in working order: fully and partially controlled irrigation 0310 Presence of drainage equipment THEME 4: CROPS Essential items Temporary crops 0402+ Area of temporary crops planted (for each temporary crop type) (paragraphs 7.4.1–7.4.3.)
358,What is the difference between area of temporary crops planted and area harvested?,88,90,page-only,high,1,1,no,"Area harvested refers to the total area from which a crop is gathered. Area where harvest was lost because of drought, flooding, pest attack or other causes is excluded. A percentage loss criterion, such as the proportion of area lost due to extreme events (droughts, floods, etc.), may be applied to determine whether a crop should be considered destroyed. Crops that are damaged but not destroyed are included in the area harvested.","Area harvested refers to the total area from which a crop is gathered. Area where harvest was lost because of drought, flooding, pest attack or other causes is excluded. A percentage loss criterion, such as the proportion of area lost due to extreme events (droughts, floods, etc.), may be applied to determine whether a crop should be considered destroyed. Crops that are damaged but not destroyed are included in the area harvested."
359,How are intercropped and mixed crops measured in the agricultural census?,88,90,page-only,high,1,1,no,"In such cases, the area of the inter-planted plot or field is assigned to each crop in proportion to the area it occupies, and the sum of the individual crop areas must equal the total area of the plot or field. 7.4.11 The same applies to mixed crops, where more than one crop, often several, is grown unsystematically in a plot or field. In such cases, it is more difficult to calculate the areas and some estimation is required.","In such cases, the area of the inter-planted plot or field is assigned to each crop in proportion to the area it occupies, and the sum of the individual crop areas must equal the total area of the plot or field. 7.4.11 The same applies to mixed crops, where more than one crop, often several, is grown unsystematically in a plot or field. In such cases, it is more difficult to calculate the areas and some estimation is required."
360,What is the Indicative Crop Classification and how does it relate to CPC codes?,11,12,page-only,high,1,1,no,"The Indicative Crop Classification (ICC) and Classification of Livestock have been updated to be consistent with the Central Product Classification (CPC) Version 3.0 (UN, 2026b) (see Chapter 7, Themes 4 and 5).","The Indicative Crop Classification (ICC) and Classification of Livestock have been updated to be consistent with the Central Product Classification (CPC) Version 3.0 (UN, 2026b) (see Chapter 7, Themes 4 and 5)."
361,What fertilizing products are covered in the WCA 2030?,90; 90,92; 92,page-only,high,1,1,no,"7.4.23 For the purposes of the agricultural census, fertilizers are mineral or organic substances, natural or manufactured, applied to soil, irrigation water or a hydroponic medium to supply plants with nutrients or to enhance plant growth.
 [...] 
7.4.24 Mineral fertilizers are nutrient-rich products prepared from inorganic materials through industrial processes.","7.4.23 For the purposes of the agricultural census, fertilizers are mineral or organic substances, natural or manufactured, applied to soil, irrigation water or a hydroponic medium to supply plants with nutrients or to enhance plant growth.
 [...] 
7.4.24 Mineral fertilizers are nutrient-rich products prepared from inorganic materials through industrial processes."
362,What is included in the definition of livestock for the agricultural census?,93,95,page-only,high,1,1,no,"7.5.5 The number of animals refers to the animal population on the holding at a specific point in time, usually the census reference day. The animal population is the number of animals being raised by the holding on the reference date, regardless of ownership. As mentioned in paragraph 7.5.1, species include cattle, buffaloes, horses and other equine animals, camels, sheep, goats and pigs, as well as avian species (poultry), bees (counted by number of colonies), silkworms and others (see Annex 8).","7.5.5 The number of animals refers to the animal population on the holding at a specific point in time, usually the census reference day. The animal population is the number of animals being raised by the holding on the reference date, regardless of ownership. As mentioned in paragraph 7.5.1, species include cattle, buffaloes, horses and other equine animals, camels, sheep, goats and pigs, as well as avian species (poultry), bees (counted by number of colonies), silkworms and others (see Annex 8)."
363,What is a livestock production system in the WCA 2030?,92,94,page-only,high,1,1,no,"Reference period: census reference day 7.5.3 The livestock production system (LPS) refers to the general characteristics and practices of raising livestock on the holding. There are large variations in the scale and intensity of livestock production systems (FAO, 2009) and it is difficult for a classification system to capture all of this diversity. For the purpose of the agricultural census the following livestock systems are identified: 1. Integrated crop-livestock production systems or “mixed” LPS","Reference period: census reference day 7.5.3 The livestock production system (LPS) refers to the general characteristics and practices of raising livestock on the holding. There are large variations in the scale and intensity of livestock production systems (FAO, 2009) and it is difficult for a classification system to capture all of this diversity. For the purpose of the agricultural census the following livestock systems are identified: 1. Integrated crop-livestock production systems or “mixed” LPS"
364,What is the difference between number of animals and number of female breeding animals?,93,95,page-only,high,1,1,no,"7.5.5 The number of animals refers to the animal population on the holding at a specific point in time, usually the census reference day. The animal population is the number of animals being raised by the holding on the reference date, regardless of ownership.","7.5.5 The number of animals refers to the animal population on the holding at a specific point in time, usually the census reference day. The animal population is the number of animals being raised by the holding on the reference date, regardless of ownership."
365,What types of pesticides are covered in the WCA 2030?,94,96,page-only,high,1,1,no,"7.6.2 Pesticides refer to any substance, or mixture of substances of chemical, biological or genetic (synthetic) ingredients intended for repelling, destroying or controlling any pest, or regulating plant growth (FAO and WHO, 2014). These can be categorized as shown above. 7.6.3 Insecticides are substances used to kill or repel insects. Herbicides are substances used to destroy or inhibit the growth of plants, such as weeds. Fungicides are substances that destroy or inhibit the growth of fungi. Plant growth regulators are natural or synthetic substances used to control or modify plant growth processes without reducing nutritive value or causing severe phytotoxicity. They are applied to modify plant growth, for example to increase branching, suppress shoot growth, increase return bloom, remove excess fruit or alter fruit maturity. Rodenticides are substances that kill, repel or control rodents.","7.6.2 Pesticides refer to any substance, or mixture of substances of chemical, biological or genetic (synthetic) ingredients intended for repelling, destroying or controlling any pest, or regulating plant growth (FAO and WHO, 2014). These can be categorized as shown above. 7.6.3 Insecticides are substances used to kill or repel insects. Herbicides are substances used to destroy or inhibit the growth of plants, such as weeds. Fungicides are substances that destroy or inhibit the growth of fungi. Plant growth regulators are natural or synthetic substances used to control or modify plant growth processes without reducing nutritive value or causing severe phytotoxicity. They are applied to modify plant growth, for example to increase branching, suppress shoot growth, increase return bloom, remove excess fruit or alter fruit maturity. Rodenticides are substances that kill, repel or control rodents."
366,What machinery and equipment items are essential in the agricultural census?,94,96,page-only,high,1,1,no,"0604 Selected machinery and equipment used on the holding by source (for the holding) Essential item. Reference period: census reference year 7.6.4 This item identifies machinery and equipment used on the holding, wholly or partly for agricultural production. Machinery and equipment used exclusively for purposes other than agricultural production should be excluded. Machinery or equipment owned by the holder but not used should also be excluded. 7.6.5 A broad concept of machinery and equipment is used for the agricultural census, covering all machinery, equipment and implements used as inputs to agricultural production. This ranges from simple hand tools, such as a hoe, to complex machinery, such as a combine harvester.","0604 Selected machinery and equipment used on the holding by source (for the holding) Essential item. Reference period: census reference year 7.6.4 This item identifies machinery and equipment used on the holding, wholly or partly for agricultural production. Machinery and equipment used exclusively for purposes other than agricultural production should be excluded. Machinery or equipment owned by the holder but not used should also be excluded. 7.6.5 A broad concept of machinery and equipment is used for the agricultural census, covering all machinery, equipment and implements used as inputs to agricultural production. This ranges from simple hand tools, such as a hoe, to complex machinery, such as a combine harvester."
367,What items are included under Theme 7 (Services for Agriculture) in the WCA 2030?,70,72,page-only,high,1,1,no,THEME 7: SERVICES FOR AGRICULTURE Additional items (see Theme 7 in Annex 4) For the holdings 0701 Receipt of credit for agricultural purposes 0702 Source of credit 0703 Type of collateral for credit 0704 Period of loan or credit 0705 Sources of agricultural information 0706 Sources of agricultural extension services used 0707 Travelling time to nearest periodic or permanent agricultural produce market for selling products 0708+ Type of insurance coverage THEME 8: DEMOGRAPHIC AND SOCIAL CHARACTERISTICS Additional items (see Theme 8 in Annex 4) For each household member 0801 Sex 0802 Age 0803 Relationship to household head or other reference person 0804 Marital status 0805 Educational attainment for each household member excluding holder and spouse.,THEME 7: SERVICES FOR AGRICULTURE Additional items (see Theme 7 in Annex 4) For the holdings 0701 Receipt of credit for agricultural purposes 0702 Source of credit 0703 Type of collateral for credit 0704 Period of loan or credit 0705 Sources of agricultural information 0706 Sources of agricultural extension services used 0707 Travelling time to nearest periodic or permanent agricultural produce market for selling products 0708+ Type of insurance coverage THEME 8: DEMOGRAPHIC AND SOCIAL CHARACTERISTICS Additional items (see Theme 8 in Annex 4) For each household member 0801 Sex 0802 Age 0803 Relationship to household head or other reference person 0804 Marital status 0805 Educational attainment for each household member excluding holder and spouse.
368,What items are included under Theme 8 (Demographic and Social Characteristics)?,70,72,page-only,high,1,1,no,THEME 8: DEMOGRAPHIC AND SOCIAL CHARACTERISTICS Additional items (see Theme 8 in Annex 4) For each household member 0801 Sex 0802 Age 0803 Relationship to household head or other reference person 0804 Marital status 0805 Educational attainment for each household member excluding holder and spouse. THEME 9: WORK ON THE HOLDING Essential items For each household member,THEME 8: DEMOGRAPHIC AND SOCIAL CHARACTERISTICS Additional items (see Theme 8 in Annex 4) For each household member 0801 Sex 0802 Age 0803 Relationship to household head or other reference person 0804 Marital status 0805 Educational attainment for each household member excluding holder and spouse. THEME 9: WORK ON THE HOLDING Essential items For each household member
369,Are there essential items in Theme 7 or Theme 8?,95,97,page-only,high,1,1,no,THEME 7: SERVICES FOR AGRICULTURE All items of this theme are classified as additional; see Annex 4. THEME 8: DEMOGRAPHIC AND SOCIAL CHARACTERISTICS All items of this theme are classified as additional; see Annex 4.,THEME 7: SERVICES FOR AGRICULTURE All items of this theme are classified as additional; see Annex 4. THEME 8: DEMOGRAPHIC AND SOCIAL CHARACTERISTICS All items of this theme are classified as additional; see Annex 4.
370,What types of work on the holding are covered in Theme 9?,95,97,page-only,high,1,1,no,"THEME 9: WORK ON THE HOLDING Reference concepts of work and forms of work in labour statistics 7.9.1 This theme covers items related to the two types of labour inputs on agricultural holdings: (i) work provided by household or family members, and (ii) work provided by external workers: paid employees and contractors (see Figure 7.2).","THEME 9: WORK ON THE HOLDING Reference concepts of work and forms of work in labour statistics 7.9.1 This theme covers items related to the two types of labour inputs on agricultural holdings: (i) work provided by household or family members, and (ii) work provided by external workers: paid employees and contractors (see Figure 7.2)."
371,Who is considered an employee on the holding?,98,100,page-only,high,1,1,no,"7.9.16 An employee on the holding is a person who had a job on the holding at some time during the reference year, whose status in employment for that job was “employee” (see Annex 10). This includes regular employees as well as seasonal, short-term and casual workers. Employees are usually paid in cash or in the form of food or other farm produce, but other remuneration arrangements may also exist. Exchange of labour should be treated as a form of paid employment. Persons employed by the household but not working on the agricultural holding are excluded. Household members are excluded from Item 0903 because their work inputs to the holding are covered under Item 0902.","7.9.16 An employee on the holding is a person who had a job on the holding at some time during the reference year, whose status in employment for that job was “employee” (see Annex 10). This includes regular employees as well as seasonal, short-term and casual workers. Employees are usually paid in cash or in the form of food or other farm produce, but other remuneration arrangements may also exist. Exchange of labour should be treated as a form of paid employment. Persons employed by the household but not working on the agricultural holding are excluded. Household members are excluded from Item 0903 because their work inputs to the holding are covered under Item 0902."
372,What is the recommended reference period for collecting work data in the agricultural census?,96,98,page-only,high,1,1,no,"The labour statistics framework uses short reference periods, such as one week or one month, for the operational definitions of forms of work. However, for the agricultural census, a longer observation period, such as 12 months, is more appropriate to capture work inputs into agricultural production throughout the year, given the seasonal nature of many agricultural activities. For all items in this theme, the reference period is the census reference year.","The labour statistics framework uses short reference periods, such as one week or one month, for the operational definitions of forms of work. However, for the agricultural census, a longer observation period, such as 12 months, is more appropriate to capture work inputs into agricultural production throughout the year, given the seasonal nature of many agricultural activities. For all items in this theme, the reference period is the census reference year."
373,What is an agricultural service contractor?,98,100,page-only,high,1,1,no,7.9.17 A distinction is made between hiring an employee to work on the holding for a defined remuneration and engaging a contractor to provide certain agricultural services for an agreed fee. Item 0903 covers only employees. Contract work is covered in Item 0905.,7.9.17 A distinction is made between hiring an employee to work on the holding for a defined remuneration and engaging a contractor to provide certain agricultural services for an agreed fee. Item 0903 covers only employees. Contract work is covered in Item 0905.
374,What is aquaculture as defined in the WCA 2030?,84,86,page-only,high,1,1,no,"Aquaculture refers to farming of aquatic organisms such as fish, molluscs, crustaceans, plants, crocodiles, alligators and amphibians (see paragraph 7.10.3). Farming implies some form of intervention in the rearing process to enhance production, such as regular stocking, feeding, protection from predators, etc. 7.2.35 According to national circumstances, countries may wish to further subdivide this class into three subclasses in line with the FAO Land Use Classification (see Annex 5), specifically “land used for aquaculture”, “inland waters used for aquaculture” and “coastal waters used for aquaculture”.","Aquaculture refers to farming of aquatic organisms such as fish, molluscs, crustaceans, plants, crocodiles, alligators and amphibians (see paragraph 7.10.3). Farming implies some form of intervention in the rearing process to enhance production, such as regular stocking, feeding, protection from predators, etc. 7.2.35 According to national circumstances, countries may wish to further subdivide this class into three subclasses in line with the FAO Land Use Classification (see Annex 5), specifically “land used for aquaculture”, “inland waters used for aquaculture” and “coastal waters used for aquaculture”."
375,How is aquaculture distinguished from capture fishing in the WCA 2030?,84,86,page-only,high,1,1,no,"Aquaculture refers to farming of aquatic organisms such as fish, molluscs, crustaceans, plants, crocodiles, alligators and amphibians (see paragraph 7.10.3). Farming implies some form of intervention in the rearing process to enhance production, such as regular stocking, feeding, protection from predators, etc. 7.2.35 According to national circumstances, countries may wish to further subdivide this class into three subclasses in line with the FAO Land Use Classification (see Annex 5), specifically “land used for aquaculture”, “inland waters used for aquaculture” and “coastal waters used for aquaculture”.","Aquaculture refers to farming of aquatic organisms such as fish, molluscs, crustaceans, plants, crocodiles, alligators and amphibians (see paragraph 7.10.3). Farming implies some form of intervention in the rearing process to enhance production, such as regular stocking, feeding, protection from predators, etc. 7.2.35 According to national circumstances, countries may wish to further subdivide this class into three subclasses in line with the FAO Land Use Classification (see Annex 5), specifically “land used for aquaculture”, “inland waters used for aquaculture” and “coastal waters used for aquaculture”."
376,What is the essential item for aquaculture in the WCA 2030?,99,101,page-only,high,1,1,no,"1001 Presence of aquaculture on the holding Essential item. Reference period: census reference year 7.10.2 In the context of the agricultural census, presence of aquaculture refers to aquacultural production activities carried out in association with agricultural production. This means that the aquacultural activities are integrated with agricultural production, such as in rice-cum-fish culture, or that aquaculture and agriculture share the same inputs, such as machinery and labour. This item could be used to establish sampling frames for aquaculture-related census supplementary modules and ongoing surveys on aquaculture.","1001 Presence of aquaculture on the holding Essential item. Reference period: census reference year 7.10.2 In the context of the agricultural census, presence of aquaculture refers to aquacultural production activities carried out in association with agricultural production. This means that the aquacultural activities are integrated with agricultural production, such as in rice-cum-fish culture, or that aquaculture and agriculture share the same inputs, such as machinery and labour. This item could be used to establish sampling frames for aquaculture-related census supplementary modules and ongoing surveys on aquaculture."
377,Are forestry and fishing items essential or additional in the WCA 2030?,71,73,page-only,high,1,1,no,"THEME 11: FORESTRY Additional items (see Theme 11 in Annex 4) 1101 Presence of woodland on the holding 1102 Area of woodland 1103 Purposes of woodland 1104+ Whether forestry activities are practised 1105 Whether agroforestry is practised For the modular approach, the reference group is holdings with woodland (additional Item 1101). THEME 12: FISHING Additional items (see Theme 12 in Annex 4) 1201 Engagement of household members in fishing activities 1202 Number of household members engaged in fishing activity by sex 1203 Number of fishers employed by the household by sex 1204 Access arrangements for fishing 1205 Main purpose of household fishing activity 1206 Type of fishing vessel used by source 1207 Type of fishing gear used For the modular approach, the reference group is households with fishing activities in additional Item 1201.","THEME 11: FORESTRY Additional items (see Theme 11 in Annex 4) 1101 Presence of woodland on the holding 1102 Area of woodland 1103 Purposes of woodland 1104+ Whether forestry activities are practised 1105 Whether agroforestry is practised For the modular approach, the reference group is holdings with woodland (additional Item 1101). THEME 12: FISHING Additional items (see Theme 12 in Annex 4) 1201 Engagement of household members in fishing activities 1202 Number of household members engaged in fishing activity by sex 1203 Number of fishers employed by the household by sex 1204 Access arrangements for fishing 1205 Main purpose of household fishing activity 1206 Type of fishing vessel used by source 1207 Type of fishing gear used For the modular approach, the reference group is households with fishing activities in additional Item 1201."
378,What is community-level data in the agricultural census?,100; 100,102; 102,page-only,high,1,1,no,"CHAPTER 8 COMMUNITY-LEVEL DATA The collection of community-level data was first introduced in the WCA 2010 programme and is maintained in the current programme. This chapter outlines the purpose of collecting community-level data, identifies items suitable for inclusion in the community survey, and discusses related methodological issues. INTRODUCTION 8.1 The main focus of an agricultural census is structural data collected at the holding-level.
 [...] 
8.2 However, some types of community-level data are of interest for policymaking, particularly for planning targeted development programmes.","CHAPTER 8 COMMUNITY-LEVEL DATA The collection of community-level data was first introduced in the WCA 2010 programme and is maintained in the current programme. This chapter outlines the purpose of collecting community-level data, identifies items suitable for inclusion in the community survey, and discusses related methodological issues. INTRODUCTION 8.1 The main focus of an agricultural census is structural data collected at the holding-level.
 [...] 
8.2 However, some types of community-level data are of interest for policymaking, particularly for planning targeted development programmes."
379,Why is community-level data collected in the agricultural census?,100,102,page-only,high,1,1,no,"8.2 However, some types of community-level data are of interest for policymaking, particularly for planning targeted development programmes. For example, data on the infrastructure and services available to holdings are useful for designing policies aimed at improving rural infrastructure and services, while data on whether the community is prone to natural disasters or subject to seasonal food shortages can inform food security analysis.","8.2 However, some types of community-level data are of interest for policymaking, particularly for planning targeted development programmes. For example, data on the infrastructure and services available to holdings are useful for designing policies aimed at improving rural infrastructure and services, while data on whether the community is prone to natural disasters or subject to seasonal food shortages can inform food security analysis."
380,How is a community defined as a statistical unit for the agricultural census?,101,103,page-only,high,1,1,no,"METHODOLOGICAL CONSIDERATIONS Defining a community as a statistical unit for community-level data collection 8.8 A community can be defined as a self-contained unit of social and economic activities (FAO 1983). Population and housing censuses use the similar concept of locality, which is “a distinct population cluster (also designated as inhabited place, populated centre, settlement and so forth) in which the inhabitants live in neighbouring or contiguous sets of living quarters and that has a name or a locally recognized status” (UN, 2025, paragraphs 5.93–5.96). Under these definitions, the community or locality may not be the same as the lowest administrative unit.","METHODOLOGICAL CONSIDERATIONS Defining a community as a statistical unit for community-level data collection 8.8 A community can be defined as a self-contained unit of social and economic activities (FAO 1983). Population and housing censuses use the similar concept of locality, which is “a distinct population cluster (also designated as inhabited place, populated centre, settlement and so forth) in which the inhabitants live in neighbouring or contiguous sets of living quarters and that has a name or a locally recognized status” (UN, 2025, paragraphs 5.93–5.96). Under these definitions, the community or locality may not be the same as the lowest administrative unit."
381,What categories of community-level items are recommended in the WCA 2030?,72; 72,74; 74,page-only,high,1,1,no,"The WCA 2030 recommends the following items: Geography 2101 Location (paragraph 8.20) 2102 Agroecological, climatic, topographical or soil types (paragraph 8.21) 2103 Land use (paragraph 8.22) 2104 Area of communal grazing land (paragraphs 8.23–8.24) 2105 Area of communal forest (paragraphs 8.23–8.24) 2106 Communal area under water used for aquaculture
 [...] 
Socioeconomic conditions 2201 Population according to population group (paragraph 8.27) 2202 Number of households (paragraph 8.27) 2203 Economic status (if applicable) (paragraph 8.28) 2204 Main economic activities (paragraph 8.29) 2205 Whether there are seasonal food shortages (if applicable) (paragraph 8.30) Community infrastructure and services","The WCA 2030 recommends the following items: Geography 2101 Location (paragraph 8.20) 2102 Agroecological, climatic, topographical or soil types (paragraph 8.21) 2103 Land use (paragraph 8.22) 2104 Area of communal grazing land (paragraphs 8.23–8.24) 2105 Area of communal forest (paragraphs 8.23–8.24) 2106 Communal area under water used for aquaculture
 [...] 
Socioeconomic conditions 2201 Population according to population group (paragraph 8.27) 2202 Number of households (paragraph 8.27) 2203 Economic status (if applicable) (paragraph 8.28) 2204 Main economic activities (paragraph 8.29) 2205 Whether there are seasonal food shortages (if applicable) (paragraph 8.30) Community infrastructure and services"
382,What are the main classification variables used for tabulations in the WCA 2030?,111; 111; 111,113; 113; 113,page-only,high,1,1,no,"9.12 Nine main classification variables have been identified for tabulations of the essential items in the census reports. These variables are discussed in the following paragraphs. Table 9.1 refers to the essential items. Countries may, however, introduce finer classifications, provided they remain consistent with the classes listed here. 9.13 Administrative unit or agroecological zone (from Item 0101).
 [...] 
The location of the holding defines the administrative unit or agroecological zone. Basic cross-tabulations typically present the collected variables by administrative unit or agroecological zone. 9.14 Legal status of agricultural holder (type of holder) (Item 0103).
 [...] 
9.15 Total area of holding (Item 0201).","9.12 Nine main classification variables have been identified for tabulations of the essential items in the census reports. These variables are discussed in the following paragraphs. Table 9.1 refers to the essential items. Countries may, however, introduce finer classifications, provided they remain consistent with the classes listed here. 9.13 Administrative unit or agroecological zone (from Item 0101).
 [...] 
The location of the holding defines the administrative unit or agroecological zone. Basic cross-tabulations typically present the collected variables by administrative unit or agroecological zone. 9.14 Legal status of agricultural holder (type of holder) (Item 0103).
 [...] 
9.15 Total area of holding (Item 0201)."
383,What is data disclosure control and why is it needed in census tabulations?,115,117,page-only,high,1,1,no,"9.31 Given that all data items collected in the census should be tabulated in at least one basic table by administrative region or agroecological zone, the number of additional cross-tabulations for the main census report will be limited.","9.31 Given that all data items collected in the census should be tabulated in at least one basic table by administrative region or agroecological zone, the number of additional cross-tabulations for the main census report will be limited."
384,What are the recommended modes of disseminating agricultural census results?,120,122,page-only,high,1,1,no,10.6 A census is not complete until the information collected is made available to potential users in a form suited to their needs.,10.6 A census is not complete until the information collected is made available to potential users in a form suited to their needs.
385,What is safe access to census microdata?,121; 122,123; 124,page-only,high,1,1,no,"34 FAOSTAT domain on Structural data from agricultural censuses is available at: https://www.fao.org/faostat/en/#data/WCAD 10.16 Providing access to microdata requires balancing the demands of the research community with the legislated obligation to maintain the confidentiality of information collected from respondents. To ensure safe access to microdata, both respondents’ privacy and data producers’ confidentiality requirements must be respected.
 [...] 
This publication provides relevant references about Statistical Disclosure Control (SDC).35 10.18 Different methods of access to microdata are possible, offering different tradeoffs between the level of detail released and the protection of confidentiality.","34 FAOSTAT domain on Structural data from agricultural censuses is available at: https://www.fao.org/faostat/en/#data/WCAD 10.16 Providing access to microdata requires balancing the demands of the research community with the legislated obligation to maintain the confidentiality of information collected from respondents. To ensure safe access to microdata, both respondents’ privacy and data producers’ confidentiality requirements must be respected.
 [...] 
This publication provides relevant references about Statistical Disclosure Control (SDC).35 10.18 Different methods of access to microdata are possible, offering different tradeoffs between the level of detail released and the protection of confidentiality."
386,What causes data conflicts between census results and current agricultural statistics?,123; 124,125; 126,page-only,high,1,1,no,"10.26 Conflicts and discrepancies between census data and current agricultural statistics can be due to different causes, which should be adequately identified before any intent of data reconciliation.
 [...] 
Before applying any reconciliation method, it is important to decide whether the census data should have priority over data from other sources (the usual case because the census is undertaken without sampling error).","10.26 Conflicts and discrepancies between census data and current agricultural statistics can be due to different causes, which should be adequately identified before any intent of data reconciliation.
 [...] 
Before applying any reconciliation method, it is important to decide whether the census data should have priority over data from other sources (the usual case because the census is undertaken without sampling error)."
387,What is data archiving in the context of an agricultural census?,124,126,page-only,high,1,1,no,10.29 Data archiving is a means of ensuring long-term preservation of data and assists users in understanding and interpreting data.,10.29 Data archiving is a means of ensuring long-term preservation of data and assists users in understanding and interpreting data.
388,How does the agricultural holding relate to the System of National Accounts?,128,130,page-only,high,1,1,no,"An agricultural holding is an economic unit of agricultural production under single management. If the principal economic production activity of the agricultural holding is agricultural production, the agricultural holding is considered an establishment in the agricultural industry.","An agricultural holding is an economic unit of agricultural production under single management. If the principal economic production activity of the agricultural holding is agricultural production, the agricultural holding is considered an establishment in the agricultural industry."
389,What ISIC categories are covered by the agricultural census scope?,130,132,page-only,high,1,1,no,ANNEX 2 INTERNATIONAL STANDARD INDUSTRIAL CLASSIFICATION OF ALL ECONOMIC ACTIVITIES (ISIC):36 SCOPE OF THE AGRICULTURAL CENSUS ISIC Group 011: Growing of non-perennial crops This group comprises the activity of growing non-perennial crops – i.e. plants that do not last more than two growing seasons.,ANNEX 2 INTERNATIONAL STANDARD INDUSTRIAL CLASSIFICATION OF ALL ECONOMIC ACTIVITIES (ISIC):36 SCOPE OF THE AGRICULTURAL CENSUS ISIC Group 011: Growing of non-perennial crops This group comprises the activity of growing non-perennial crops – i.e. plants that do not last more than two growing seasons.
390,What ISIC categories cover aquaculture?,133,136,page-only,high,1,1,no,"ISIC Group 032: Aquaculture This group includes aquaculture (or aquafarming) – i.e. the production process involving the culturing or farming (including harvesting) of aquatic organisms (fish, molluscs, crustaceans, plants, crocodiles, alligators and amphibians) using techniques designed to increase the production of the organisms in question beyond the natural capacity of the environment (for example, regular stocking, feeding and protection from predators). Culturing/farming refers to rearing the above organisms to their juvenile and/or adult phase under captive conditions. In addition, aquaculture also encompasses individual, corporate or state ownership of the individual organisms throughout the rearing or culture stage, up to and including harvesting. It consists of the following ISIC classes: • ISIC Class 0321: Marine aquaculture • ISIC Class 0322: Freshwater aquaculture","ISIC Group 032: Aquaculture This group includes aquaculture (or aquafarming) – i.e. the production process involving the culturing or farming (including harvesting) of aquatic organisms (fish, molluscs, crustaceans, plants, crocodiles, alligators and amphibians) using techniques designed to increase the production of the organisms in question beyond the natural capacity of the environment (for example, regular stocking, feeding and protection from predators). Culturing/farming refers to rearing the above organisms to their juvenile and/or adult phase under captive conditions. In addition, aquaculture also encompasses individual, corporate or state ownership of the individual organisms throughout the rearing or culture stage, up to and including harvesting. It consists of the following ISIC classes: • ISIC Class 0321: Marine aquaculture • ISIC Class 0322: Freshwater aquaculture"
391,Which SDG indicators can be partially monitored through agricultural censuses?,198,200,page-only,high,1,1,no,"In the absence of periodic household surveys, a sample-based module in the agricultural census may provide partial data or coverage for Indicators 5.a.1, 2.3.1, and 2.3.2. Below is the list of the WCA 2030 items related to each of the SDG indicators mentioned above. Indicator 5.a.1: (a) Proportion of total agricultural population with ownership or secure rights over agricultural land, by sex; and (b) share of women among owners or rights-bearers of agricultural land, by type of tenure This indicator is part of SDG 5, which aims to achieve gender equality and empower all women and girls.","In the absence of periodic household surveys, a sample-based module in the agricultural census may provide partial data or coverage for Indicators 5.a.1, 2.3.1, and 2.3.2. Below is the list of the WCA 2030 items related to each of the SDG indicators mentioned above. Indicator 5.a.1: (a) Proportion of total agricultural population with ownership or secure rights over agricultural land, by sex; and (b) share of women among owners or rights-bearers of agricultural land, by type of tenure This indicator is part of SDG 5, which aims to achieve gender equality and empower all women and girls."
392,What ILO frameworks underpin the work-on-the-holding items in the WCA 2030?,192,194,page-only,high,1,1,no,"CLASSIFICATION OF MACHINERY AND EQUIPMENT (Continued) ANNEX 10 OVERVIEW OF ILO RESOLUTIONS CONCERNING STATISTICS OF WORK The Resolution concerning statistics of work, employment and labour underutilization (ILO, 2013) adopted by the 19th International Conference of Labour Statisticians (ICLS) in 2013 and amended by the 21st ICLS in 2023 (ILO, 2023a) (below referred to as the Resolution) defines the basic concept of work as comprising “any activity performed by persons of any sex and age to produce goods or to provide services for use by others or for own-use”.","CLASSIFICATION OF MACHINERY AND EQUIPMENT (Continued) ANNEX 10 OVERVIEW OF ILO RESOLUTIONS CONCERNING STATISTICS OF WORK The Resolution concerning statistics of work, employment and labour underutilization (ILO, 2013) adopted by the 19th International Conference of Labour Statisticians (ICLS) in 2013 and amended by the 21st ICLS in 2023 (ILO, 2023a) (below referred to as the Resolution) defines the basic concept of work as comprising “any activity performed by persons of any sex and age to produce goods or to provide services for use by others or for own-use”."
393,How do the WCA 2030 land use classes correspond to SEEA and FAO land use classifications?,81,83,page-only,high,1,1,no,Figure 1 shows the basic and aggregate land use classes recommended by the WCA 2030. The relationship between the basic land use classes recommended by the WCA 2030 and the relevant categories or classes of the SEEA land use classification is provided in Annex 5.,Figure 1 shows the basic and aggregate land use classes recommended by the WCA 2030. The relationship between the basic land use classes recommended by the WCA 2030 and the relevant categories or classes of the SEEA land use classification is provided in Annex 5.
394,What is the recommended age reference for the agricultural holder?,136,139,page-only,high,1,1,no,"The age of the manager is important for studying the relationship between age and the characteristics of agricultural holdings and, to compare the agricultural practices used by young and old managers. Age refers to the interval between the date of birth and the date of the census, expressed in completed solar years (UN, 2025, paragraph 5.169).","The age of the manager is important for studying the relationship between age and the characteristics of agricultural holdings and, to compare the agricultural practices used by young and old managers. Age refers to the interval between the date of birth and the date of the census, expressed in completed solar years (UN, 2025, paragraph 5.169)."
395,What other economic activities of the household are collected in Theme 1?,78,80,page-only,high,1,1,no,"7.1.25 Other economic activities are those undertaken by the household, linked to the premises of the agricultural holding or in its close vicinity, but not involving agricultural production on the holding. These may include fishing, collecting forestry products, craft activities or operating a family business. They do not include paid employment, whether agricultural or non-agricultural, on the holding itself or in a business not associated with the holding. 7.1.26 The activity categories listed above are based on ISIC (Rev. 5) codes (UN, 2026a), with the exception of agrotourism. Countries may wish to apply more detailed breakdowns of ISIC activities, such as groups or classes, for national purposes (see Annex 2 for more information). Agrotourism refers to all tourism-related activities that make use of the land, buildings or other resources of the holding, including accommodation services, farm visits for tourists or other groups, and sport or recreation activities.","7.1.25 Other economic activities are those undertaken by the household, linked to the premises of the agricultural holding or in its close vicinity, but not involving agricultural production on the holding. These may include fishing, collecting forestry products, craft activities or operating a family business. They do not include paid employment, whether agricultural or non-agricultural, on the holding itself or in a business not associated with the holding. 7.1.26 The activity categories listed above are based on ISIC (Rev. 5) codes (UN, 2026a), with the exception of agrotourism. Countries may wish to apply more detailed breakdowns of ISIC activities, such as groups or classes, for national purposes (see Annex 2 for more information). Agrotourism refers to all tourism-related activities that make use of the land, buildings or other resources of the holding, including accommodation services, farm visits for tourists or other groups, and sport or recreation activities."
396,How are livestock classified in the WCA 2030?,189; 189,191; 191,page-only,high,1,1,no,"ANNEX 8 CLASSIFICATION OF LIVESTOCK Group Class Descriptor Link to CPC Ver. 3.0 1 1 Bovine animals 0211 11 Cattle 02111 12 Buffaloes 02112 19 Other bovine animals 02119 2 2 Sheep and goats 02122–02123 21 Sheep 02122 22 Goats 02123 3 3 Swine/ pigs 02140 4 4 Equines 02131–02133 41 Horses 02131 42 Asses 02132 43 Mules and hinnies 02133 5 5 Camels and camelids
 [...] 
8 Insects and worms 02196, 02199* 81 Bees 02196 82 Silkworms 02199* 89 Other insects and worms 02199* NOTE: *Indicates a partial link between the Census classification and CPC codes – i.e. that many livestock categories in the census are linked to one category in CPC.","ANNEX 8 CLASSIFICATION OF LIVESTOCK Group Class Descriptor Link to CPC Ver. 3.0 1 1 Bovine animals 0211 11 Cattle 02111 12 Buffaloes 02112 19 Other bovine animals 02119 2 2 Sheep and goats 02122–02123 21 Sheep 02122 22 Goats 02123 3 3 Swine/ pigs 02140 4 4 Equines 02131–02133 41 Horses 02131 42 Asses 02132 43 Mules and hinnies 02133 5 5 Camels and camelids
 [...] 
8 Insects and worms 02196, 02199* 81 Bees 02196 82 Silkworms 02199* 89 Other insects and worms 02199* NOTE: *Indicates a partial link between the Census classification and CPC codes – i.e. that many livestock categories in the census are linked to one category in CPC."
397,How is machinery and equipment classified in the WCA 2030?,191,193,page-only,high,1,1,no,"8424.82 Other irrigation equipment 8424.41 8424.49 8424.82 333 Crop Harvesting machinery and equipment Mower for grass crops 8433.11; 8433.20 Hay rake 8433.30 Hay baler 8433.40 Forage harvester 8433.59 Forage blower 8433.59 Combine harvester 8433.51 Corn picker 8433.59 Digger, potato harvester 8433.53 CLASSIFICATION OF MACHINERY AND EQUIPMENT (Continued) Group Class Subclass Descriptor Types of machinery and equipment included HS 2022 code 3 Sugar beet harvester 8433.59 Reaper-binder 8433.59 334 Post-harvest machinery and equipment Thresher 8433.52 Grain cleaner 8437.10 Sorters and graders 8437.10 Other machinery 8437.80 34 Livestock machinery and equipment Milking machine 8434.10 Dairy machine 8434.20 Milk cooler 8419.89 Cream separator 8421.11 Incubator 8436.21 Beekeeping machine 8436.80 35 Aquacultural machinery and equipment 8902.00 36 Forestry machinery and equipment 8436.80 37 Unmanned Aerial vehicle and robots 8806.00 SOURCE: Author’s own elaboration.","8424.82 Other irrigation equipment 8424.41 8424.49 8424.82 333 Crop Harvesting machinery and equipment Mower for grass crops 8433.11; 8433.20 Hay rake 8433.30 Hay baler 8433.40 Forage harvester 8433.59 Forage blower 8433.59 Combine harvester 8433.51 Corn picker 8433.59 Digger, potato harvester 8433.53 CLASSIFICATION OF MACHINERY AND EQUIPMENT (Continued) Group Class Subclass Descriptor Types of machinery and equipment included HS 2022 code 3 Sugar beet harvester 8433.59 Reaper-binder 8433.59 334 Post-harvest machinery and equipment Thresher 8433.52 Grain cleaner 8437.10 Sorters and graders 8437.10 Other machinery 8437.80 34 Livestock machinery and equipment Milking machine 8434.10 Dairy machine 8434.20 Milk cooler 8419.89 Cream separator 8421.11 Incubator 8436.21 Beekeeping machine 8436.80 35 Aquacultural machinery and equipment 8902.00 36 Forestry machinery and equipment 8436.80 37 Unmanned Aerial vehicle and robots 8806.00 SOURCE: Author’s own elaboration."
398,Why is holding-level data important in a census of agriculture?,17; 17,18; 18,page-only,high,1,1,no,"Holding-level data 2.28 The census of agriculture involves the collection of data at the individual holding-level. It provides fundamental data on the organizational structure of agricultural holdings, such as the number of farms and farm size, land use, land tenure, livestock numbers and the use of machinery, as well as the number of holdings with each crop and livestock species. Structural information provided by the census has a wide range of uses, which are examined in this chapter. 2.29 Holding-level census data collected for every holding in the target population allow statistics at the smallest administrative level.
 [...] 
These aspects greatly enhance the usefulness of holding-level data from the agricultural census.","Holding-level data 2.28 The census of agriculture involves the collection of data at the individual holding-level. It provides fundamental data on the organizational structure of agricultural holdings, such as the number of farms and farm size, land use, land tenure, livestock numbers and the use of machinery, as well as the number of holdings with each crop and livestock species. Structural information provided by the census has a wide range of uses, which are examined in this chapter. 2.29 Holding-level census data collected for every holding in the target population allow statistics at the smallest administrative level.
 [...] 
These aspects greatly enhance the usefulness of holding-level data from the agricultural census."
399,What types of frames can be used for the household sector in an agricultural census?,53; 53,55; 55,page-only,high,1,1,no,"5.31 Where a frame of agricultural holdings, households engaged in own-account agricultural production or rural households is not available from an existing farm register or from the population and housing census, it must be constructed as a preparatory activity of the agricultural census.
 [...] 
As population and housing censuses are usually conducted using EAs as the basic building block, it is often possible for the agricultural census to make use of the same EAs, including maps and other field materials. 5.32 Typically, a combination of frames is used for the agricultural census. Often, the household sector is enumerated based on the EA frame of the population and housing census, whereas a frame of agricultural holdings in the non-household sector is obtained from administrative sources, as explained above.","5.31 Where a frame of agricultural holdings, households engaged in own-account agricultural production or rural households is not available from an existing farm register or from the population and housing census, it must be constructed as a preparatory activity of the agricultural census.
 [...] 
As population and housing censuses are usually conducted using EAs as the basic building block, it is often possible for the agricultural census to make use of the same EAs, including maps and other field materials. 5.32 Typically, a combination of frames is used for the agricultural census. Often, the household sector is enumerated based on the EA frame of the population and housing census, whereas a frame of agricultural holdings in the non-household sector is obtained from administrative sources, as explained above."
400,Why is it important for countries to specify the census coverage clearly?,42,44,page-only,high,1,1,no,"4.31 It should be recognized that, in an integrated agricultural statistical system, any exclusions from the agricultural census do not just affect the results of the agricultural census, but also the surveys that are conducted based on the frame provided by the agricultural census. Thus, an agricultural production survey based on an agricultural census frame will not cover the census out-of-coverage units, and agricultural production estimates from the survey will be affected accordingly. 4.32 It is very important that countries clearly specify the coverage in the presentation of agricultural census results. When certain geographic areas are excluded or certain holding types are omitted, this should be highlighted in the census dissemination products to help users interpret and analyse the results.","4.31 It should be recognized that, in an integrated agricultural statistical system, any exclusions from the agricultural census do not just affect the results of the agricultural census, but also the surveys that are conducted based on the frame provided by the agricultural census. Thus, an agricultural production survey based on an agricultural census frame will not cover the census out-of-coverage units, and agricultural production estimates from the survey will be affected accordingly. 4.32 It is very important that countries clearly specify the coverage in the presentation of agricultural census results. When certain geographic areas are excluded or certain holding types are omitted, this should be highlighted in the census dissemination products to help users interpret and analyse the results."
401,How does the agricultural census serve as a benchmark for current agricultural statistics?,18,19,page-only,high,1,1,no,"Benchmarking data for agricultural statistics 2.32 A decennial agricultural census cannot be used as a source of current agricultural statistics because it does not provide data frequently enough. However, the agricultural census can provide a reliable benchmark for improving current crop and livestock statistics. 2.33 For crops, the agricultural census usually provides the most reliable data available on the area of each crop at each administrative level for the census reference year. This is especially the case for minor crops, for which the current statistics are often lacking.","Benchmarking data for agricultural statistics 2.32 A decennial agricultural census cannot be used as a source of current agricultural statistics because it does not provide data frequently enough. However, the agricultural census can provide a reliable benchmark for improving current crop and livestock statistics. 2.33 For crops, the agricultural census usually provides the most reliable data available on the area of each crop at each administrative level for the census reference year. This is especially the case for minor crops, for which the current statistics are often lacking."
402,What is the role of the agricultural census for rare events and rare crops?,19; 19,20; 20,page-only,high,1,1,no,"2.38 The most common sampling frames used in agricultural surveys are lists of holdings (which may be household-based), often supplemented by lists of land areas – such as enumeration areas (EAs) – and additional materials, including maps or satellite imagery.
 [...] 
In addition, the census, through complete enumeration, provides a frame for rare crops or livestock species.","2.38 The most common sampling frames used in agricultural surveys are lists of holdings (which may be household-based), often supplemented by lists of land areas – such as enumeration areas (EAs) – and additional materials, including maps or satellite imagery.
 [...] 
In addition, the census, through complete enumeration, provides a frame for rare crops or livestock species."
403,What is the AGRISurvey and how does it relate to the agricultural census?,22,23,page-only,high,1,1,no,"2.59 An important methodological development under pillar 2 was the elaboration of an Agriculture Integrated Survey (AGRISurvey) methodology for collection of relevant agricultural and rural data on a regular basis. AGRISurvey is a modular survey programme conducted on an annual basis during the inter-censal period. It consists of one core module and three rotating modules: “Farm income, labour and productivity”, “Production methods and environment”, and “Machinery, equipment and assets” (FAO, 2026a).","2.59 An important methodological development under pillar 2 was the elaboration of an Agriculture Integrated Survey (AGRISurvey) methodology for collection of relevant agricultural and rural data on a regular basis. AGRISurvey is a modular survey programme conducted on an annual basis during the inter-censal period. It consists of one core module and three rotating modules: “Farm income, labour and productivity”, “Production methods and environment”, and “Machinery, equipment and assets” (FAO, 2026a)."
404,How can objective measurement improve crop area data in the agricultural census?,80,82,page-only,high,1,1,no,"7.2.7 The most common method for collecting data on parcel and total holding areas in the census of agriculture is by holder declaration. In some countries, holders may not be able to provide reliable estimates of crop areas. To address this problem, countries with additional resources may employ alternative methods in sample surveys, such as objective measurement in which the area is measured using GPS devices, including involving remote sensing (see paragraphs 5.49–5.50 and 5.67–5.69). The accuracy of crop areas could be improved if both declared areas and objective measurements could be drawn from a sample, where a correction factor may be constructed based on their correlation (for more details, see Chapter 20 of the World programme for the census of agriculture 2020.","7.2.7 The most common method for collecting data on parcel and total holding areas in the census of agriculture is by holder declaration. In some countries, holders may not be able to provide reliable estimates of crop areas. To address this problem, countries with additional resources may employ alternative methods in sample surveys, such as objective measurement in which the area is measured using GPS devices, including involving remote sensing (see paragraphs 5.49–5.50 and 5.67–5.69). The accuracy of crop areas could be improved if both declared areas and objective measurements could be drawn from a sample, where a correction factor may be constructed based on their correlation (for more details, see Chapter 20 of the World programme for the census of agriculture 2020."
405,What is the MSF (Master Sampling Frame) and how does the agricultural census contribute to it?,19,20,page-only,high,1,1,no,"2.40 The Global Strategy to Improve Agricultural and Rural Statistics advocates for the building of an MSF (FAO, 2015b), which is a general-purpose sampling frame created from a population and housing census and/or an agricultural census, for use in selecting samples for different surveys or different rounds of a periodic survey. The frame is usually maintained by the national statistical office and is updated on an ongoing basis so that it is available for any survey carried out at any time.","2.40 The Global Strategy to Improve Agricultural and Rural Statistics advocates for the building of an MSF (FAO, 2015b), which is a general-purpose sampling frame created from a population and housing census and/or an agricultural census, for use in selecting samples for different surveys or different rounds of a periodic survey. The frame is usually maintained by the national statistical office and is updated on an ongoing basis so that it is available for any survey carried out at any time."
