row,question,old_page,new_page,method,confidence,coverage,length_ratio,needs_owner_review,old_excerpt,new_excerpt,coverage_before,previous_method
13,What time period does the WCA 2030 cover?,2,2,heading-trimmed,high,1,0.83,no,"BACKGROUND TO THE WORLD PROGRAMME FOR THE CENSUS OF AGRICULTURE 1.2 This publication presents guidelines for the WCA 2030, covering agricultural censuses to be carried out by countries between 2026 and 2035. It is the eleventh round in the decennial programme of agricultural censuses, which started in 1930. The 1930 and 1940 rounds were sponsored by the IIA.","1.2 This publication presents guidelines for the WCA 2030, covering agricultural censuses to be carried out by countries between 2026 and 2035. It is the eleventh round in the decennial programme of agricultural censuses, which started in 1930. The 1930 and 1940 rounds were sponsored by the IIA.",1,verbatim
15,"A ministry wants to put crop production, prices and consumption into the decennial census. What WCA 2030 principle should guide the response?",6,6,passage-match,high,0.98,0.98,no,"7 CHAPTER 1: INTRODUCTION 1.17 The census should therefore be conducted at least once every decade by complete enumeration, focusing only on structural items, while regular inter-censal sample surveys should use the census frame to complement the structural data from the census by collecting current and more detailed operational and performance holding-level data (e.g. crop and livestock production, production prices, food consumption, crop losses and farm labour data). 1.18 Integration between the agricultural census and the programme of agricultural surveys is achieved when the multiyear programme of statistical activities is well coordinated and each component is designed to provide the most appropriate data while avoiding duplication in data collection. 1.19 The main advantages of an integrated programme are: • It enables the planning and development of a comprehensive programme of statistical activities without duplication or the release of conflicting statistics, while ensuring the efficient and balanced use of available resources. • It ensures compatibility of concepts, definitions and classifications across different statistical activities, facilitating the interpretation and analysis of related data from multiple sources.","1.17 The census should therefore be conducted at least once every decade by complete enumeration, focusing only on structural items, while regular inter-censal sample surveys should use the census frame to complement the structural data from the census by collecting current and more detailed operational and performance holding-level data (e.g. crop and livestock production, production prices, food consumption, crop losses and farm labour data). 1.18 Integration between the agricultural census and the programme of agricultural surveys is achieved when the multiyear programme of statistical activities is well coordinated and each component is designed to provide the most appropriate data while avoiding duplication in data collection. 1.19 The main advantages of an integrated programme are: • It enables the planning and development of a comprehensive programme of statistical activities without duplication or the release of conflicting statistics, while ensuring the efficient and balanced use of available resources. • It ensures compatibility of concepts, definitions and classifications across different statistical activities, facilitating the interpretation and analysis of related data from multiple sources.",,
24,What happened to the WCA 2020 standalone theme on intrahousehold managerial decisions and ownership?,8,7,passage-match,high,0.93,1.85,no,"9 CHAPTER 1: INTRODUCTION managerial decisions and ownership on the holding” (Theme 10 in the WCA 2020) has been discontinued as a stand-alone theme, with the relevant information now incorporated into other themes. 1.29 The WCA 2030 is complemented by the World programme for the census of agriculture 2020. Volume 2 Operational guidelines (FAO, 2018a).","In light of limited implementation, the theme on “Intrahousehold distribution of managerial decisions and ownership on the holding” (Theme 10 in the WCA 2020) has been discontinued as a stand-alone theme, with the relevant information now incorporated into other themes. 1.29 The WCA 2030 is complemented by the World programme for the census of agriculture 2020. Volume 2 Operational guidelines (FAO, 2018a). Since the focus of the WCA 2030 is on concepts, definitions and methodology, when operational aspects such as planning, implementation, use of resources and quality assurance are mentioned, the reader will be referred to the Operational guidelines for further information.",,
27,What role does the census of agriculture play in a national agricultural statistical system?,12,12,heading-trimmed,high,1,0.99,no,"INTRODUCTION 2.1 The census of agriculture is the principal means of collecting basic agricultural statistics in a country as part of an integrated programme of data collection and compilation aimed at providing a comprehensive source of statistical information for agricultural policy purposes, as well as for research, business and other uses, in addition to the usual statistical uses. 2.2 The census of agriculture provides a snapshot of agriculture in a country and an opportunity to identify trends or structural breaks in the sector as well as possible areas of intervention. Census data are used as a basis or benchmark for current statistics, but the value of these data is increased when the results are combined with the results of other investigations and used for planning and policy purposes, including areas of investment and informed business decisions.","2.1 The census of agriculture is the principal means of collecting basic agricultural statistics in a country as part of an integrated programme of data collection and compilation aimed at providing a comprehensive source of statistical information for agricultural policy purposes, as well as for research, business and other uses, in addition to the usual statistical uses. 2.2 The census of agriculture provides a snapshot of agriculture in a country and an opportunity to identify trends or structural breaks in the sector as well as possible areas of intervention. Census data are used as a basis or benchmark for current statistics, but the value of these data is increased when the results are combined with the results of other investigations and used for planning and policy purposes, including areas of investment and informed business decisions.",1,verbatim
50,What is the general WCA 2030 position on coordinating the agricultural census with other censuses?,24,24,heading-trimmed,high,1,0.98,no,"INTRODUCTION 3.1 In the WCA 2030, as in previous programmes, emphasis is placed on coordinating the census of agriculture with other censuses. This chapter discusses the ways in which such coordination can be achieved. It is not possible, however, to provide a single set of recommendations applicable to all countries, as national circumstances differ.","3.1 In the WCA 2030, as in previous programmes, emphasis is placed on coordinating the census of agriculture with other censuses. This chapter discusses the ways in which such coordination can be achieved. It is not possible, however, to provide a single set of recommendations applicable to all countries, as national circumstances differ.",1,verbatim
59,Is adding a full agriculture module to the population census generally recommended?,28,28,passage-match,high,0.99,1,no,"However, this practice may overburden the population and housing census questionnaire and is therefore not recommended. The additional data are generally used to more precisely characterize the frame of households engaged in agricultural activity and to define a threshold for the forthcoming census of agriculture. Module data – such as area of holding, number of livestock and type of land tenure – constitute auxiliary information that can also be used to enhance the sampling design and stratification of agricultural surveys.","However, this practice may overburden the population and housing census questionnaire and is therefore not recommended. The additional data are generally used to more precisely characterise the frame of households engaged in agricultural activity and to define a threshold for the forthcoming census of agriculture. Module data – such as area of holding, number of livestock and type of land tenure – constitute auxiliary information that can also be used to enhance the sampling design and stratification of agricultural surveys.",,
64,Why can the agricultural census be related to the economic census?,34,32,passage-match,high,0.88,0.83,no,"34 WORLD PROGRAMME FOR THE CENSUS OF AGRICULTURE 2030 RELATIONSHIP WITH ECONOMIC CENSUS 3.45 The agricultural census is a component of the overall economic statistical system based on the SNA and ISIC (see Annex 1). Under SNA, all economic activities in a country are divided into industries, such as agriculture, manufacturing, etc. In designing their national statistical systems, countries usually carry out a series of industry-specific economic censuses or conduct regular economy-wide censuses covering all industries.","3.45 The agricultural census is a component of the overall economic statistical system based on the SNA and ISIC (see Annex 1). Under SNA, all economic activities in a country are divided into industries, such as agriculture, manufacturing, etc. In designing their national statistical systems, countries usually carry out a series of industry-specific economic censuses or conduct regular economy-wide censuses covering all industries.",0.88,passage-match
68,What is the core WCA 2030 definition of an agricultural holding?,37,37,heading-trimmed,high,1,0.98,no,"THE AGRICULTURAL HOLDING 4.3 The definition of an agricultural holding remains the same as in previous programmes; that is: “An agricultural holding is an economic unit of agricultural production under single management, comprising all livestock kept and all land used wholly or partly for agricultural production purposes, regardless of title, legal form or size. Single management may be exercised by an individual or household, jointly by two or more individuals or households, by a clan or tribe, or by a juridical person such as a corporation, cooperative or government agency. The holding’s land may consist of one or more parcels, located in one or more separate areas or in one or more territorial or administrative divisions, provided the parcels share the same means of production, such as labour, farm buildings, machinery or draught animals.” 4.4 For information on the relationship between an agricultural holding and the national accounting framework, refer to Annex 1.","4.3 The definition of an agricultural holding remains the same as in previous programmes; that is: “An agricultural holding is an economic unit of agricultural production under single management, comprising all livestock kept and all land used wholly or partly for agricultural production purposes, regardless of title, legal form or size. Single management may be exercised by an individual or household, jointly by two or more individuals or households, by a clan or tribe, or by a juridical person such as a corporation, cooperative or government agency. The holding’s land may consist of one or more parcels, located in one or more separate areas or in one or more territorial or administrative divisions, provided the parcels share the same means of production, such as labour, farm buildings, machinery or draught animals.” 4.4 For information on the relationship between an agricultural holding and the national accounting framework, refer to Annex 1.",1,verbatim
69,What is the household concept based on?,38,38,passage-match,high,0.93,0.91,no,"40 WORLD PROGRAMME FOR THE CENSUS OF AGRICULTURE 2030 THE HOUSEHOLD 4.6 “The concept of ‘household’ is based on the arrangements that a person or a group of persons make to provide themselves with food and other essentials for living. A household may be either: a one-person household, where a person makes provision for their own food and other essentials for living without combining with any other to form a multi-person household; or a multi-person household, which consists of a group of two or more persons living together who make joint provision for food and other essentials for living. Members of such a group may pool their resources, share a common budget, and may be related or unrelated to each other.’’ (UN, 2025, see paragraph 2.41).","4.6 “The concept of ‘household’ is based on the arrangements that a person or a group of persons make to provide themselves with food and other essentials for living. A household may be either: a one-person household, where a person makes provision for their own food and other essentials for living without combining with any other to form a multi-person household; or a multi-person household, which consists of a group of two or more persons living together who make joint provision for food and other essentials for living. Members of such a group may pool their resources, share a common budget, and may be related or unrelated to each other.’’ (UN, 2025, see paragraph 2.41).",0.93,passage-match
75,Why is asking only who the main decision-maker is sometimes inadequate?,41,41,passage-match,high,0.98,1,no,"A single question such as “Who is the main decision-maker for the holding?” may be insufficient. It may be necessary to ask a series of questions about each household member, their work on the holding and their role in its management. Special attention should be given to ensuring that the role of women is adequately recognized when identifying the agricultural holder.","A single question such as “Who is the main decision-maker for the holding?” may be insufficient. It may be necessary to ask a series of questions about each household member, their work on the holding and their role in its management. Special attention should be given to ensuring that the role of women is adequately recognised when identifying the agricultural holder.",,
84,What are the two main reference periods of the agricultural census?,43,43,heading-trimmed,high,1,0.97,no,"REFERENCE PERIOD 4.37 The census has two main reference periods: the census reference year and the census reference day. The census reference year covers a 12-month period – usually a calendar year or an agricultural year – and generally encompasses the various time reference periods used for non-inventory items. Using the agricultural year can be advantageous, as respondents often think of their activities in seasonal terms and may therefore find it easier to recall information.","4.37 The census has two main reference periods: the census reference year and the census reference day. The census reference year covers a 12-month period – usually a calendar year or an agricultural year – and generally encompasses the various time reference periods used for non-inventory items. Using the agricultural year can be advantageous, as respondents often think of their activities in seasonal terms and may therefore find it easier to recall information.",1,verbatim
88,How long should the enumeration period ideally be?,46,44,passage-match,high,0.99,1,no,"Ideally, it should not exceed one month, to minimize errors in certain census items that may arise from variability in events such as employment in agriculture or livestock movement, even when a precise reference date or period is used. CONTENT OF THE AGRICULTURAL CENSUS 4.47 The agricultural census continues to play a key role in collecting structural statistics on the agricultural sector and in providing the baseline and frame for agricultural surveys – including intermediate agricultural structure surveys – as the decennial census alone cannot capture rapid changes in some types of data (e.g. non-structural data such as production, prices and farm labour). It is important to recall that the census should be limited to providing data that cannot be obtained through sample surveys or administrative systems.","Ideally, it should not exceed one month, to minimise errors in certain census items that may arise from variability in events such as employment in agriculture or livestock movement, even when a precise reference date or period is used. CONTENT OF THE AGRICULTURAL CENSUS 4.47 The agricultural census continues to play a key role in collecting structural statistics on the agricultural sector and in providing the baseline and frame for agricultural surveys – including intermediate agricultural structure surveys – as the decennial census alone cannot capture rapid changes in some types of data (e.g. non-structural data such as production, prices and farm labour). It is important to recall that the census should be limited to providing data that cannot be obtained through sample surveys or administrative systems.",,
96,What is the classical approach?,48,48,heading-trimmed,high,1,0.97,no,"THE CLASSICAL APPROACH 5.6 The classical approach may be considered a census conducted as a single, one-off operation in which all essential items are recorded. This approach is suitable for countries that have an integrated census and survey programme or that wish to collect additional items at lower administrative levels. It typically uses a single questionnaire that includes all essential items (see paragraph 6.8) and may also include additional items (see paragraph 6.15 and Annex 4) that the country requires at the same low geographical level to generate reliable statistics for small administrative units.","5.6 The classical approach may be considered a census conducted as a single, one-off operation in which all essential items are recorded. This approach is suitable for countries that have an integrated census and survey programme or that wish to collect additional items at lower administrative levels. It typically uses a single questionnaire that includes all essential items (see paragraph 6.8) and may also include additional items (see paragraph 6.15 and Annex 4) that the country requires at the same low geographical level to generate reliable statistics for small administrative units.",1,verbatim
99,What is the modular approach?,49,49,heading-trimmed,high,1,0.96,no,"THE MODULAR APPROACH 5.8 The modular approach consists of a clearly defined core module and one or more supplementary thematic modules, with the items collected in the core module used to construct the frame for the sample-based Supplementary modules. This approach is suitable for countries that do not have a well-established agricultural survey system. For these countries, the modular approach may serve as a logical first step towards establishing an integrated system of agricultural censuses and surveys.","5.8 The modular approach consists of a clearly defined core module and one or more supplementary thematic modules, with the items collected in the core module used to construct the frame for the sample-based Supplementary modules. This approach is suitable for countries that do not have a well-established agricultural survey system. For these countries, the modular approach may serve as a logical first step towards establishing an integrated system of agricultural censuses and surveys.",1,verbatim
106,What is the frame in an agricultural census?,52,52,heading-trimmed,high,1,0.94,no,"FRAMES FOR THE AGRICULTURAL CENSUS 5.22 In a statistical collection, the frame is the mechanism by which the statistical units to be enumerated are identified, in this case the agricultural holdings. An ideal frame is a list of all agricultural holdings, based on the operational definition adopted by the country, that identifies each unit without omission or duplication and excludes any non-agricultural units. Such a list may be obtained from a population and housing census for the household sector, a farm register, a listing exercise or other sources.","5.22 In a statistical collection, the frame is the mechanism by which the statistical units to be enumerated are identified, in this case the agricultural holdings. An ideal frame is a list of all agricultural holdings, based on the operational definition adopted by the country, that identifies each unit without omission or duplication and excludes any non-agricultural units. Such a list may be obtained from a population and housing census for the household sector, a farm register, a listing exercise or other sources.",1,verbatim
117,What is the main objective of a census quality assurance framework?,55,55,passage-match,high,0.99,1,no,"The main objective of a quality assurance framework for the census of agriculture is to prevent and minimize potential errors at the design stage and to detect errors as early as possible, so that timely corrective measures can be taken while census operations are still under way. The focus should be on preventing errors from recurring, detecting errors efficiently and informing the relevant staff so that corrective actions are implemented without delay. Chapter 8 of the World programme for the census of agriculture 2020.","The main objective of a quality assurance framework for the census of agriculture is to prevent and minimise potential errors at the design stage and to detect errors as early as possible, so that timely corrective measures can be taken while census operations are still under way. The focus should be on preventing errors from recurring, detecting errors efficiently and informing the relevant staff so that corrective actions are implemented without delay. Chapter 8 of the World programme for the census of agriculture 2020.",,
122,For what census uses may CATI be effective?,57,56,passage-match,high,0.91,1.28,no,"59 CHAPTER 5: METHODOLOGICAL CONSIDERATIONS tool for follow-up and quality checking, particularly for certain populations such as enterprises or government farms. 5.47 Other modes, such as self-interviewing, require respondents to complete the census questionnaire themselves. These modes can generate significant cost savings compared with enumerator-based approaches, as they substantially reduce the field force.","Although CATI may not be feasible in many countries for data collection from most holdings, it can be an effective tool for follow-up and quality checking, particularly for certain populations such as enterprises or government farms. 5.47 Other modes, such as self-interviewing, require respondents to complete the census questionnaire themselves. These modes can generate significant cost savings compared with enumerator-based approaches, as they substantially reduce the field force.",,
127,How can social media and online tools support field teams?,58,58,passage-match,high,0.87,0.87,no,"60 WORLD PROGRAMME FOR THE CENSUS OF AGRICULTURE 2030 5.52 Social media: Social media platforms, such as WhatsApp, can be used to maintain communication within enumeration teams in the field. Enumerators can use chat functions to raise questions or request assistance from supervisors. Films and videos are also valuable training tools, for example by showing interviewing techniques or illustrating agricultural and living conditions in the country, thereby preparing trainees for fieldwork.","5.52 Social media: Social media platforms, such as WhatsApp, can be used to maintain communication within enumeration teams in the field. Enumerators can use chat functions to raise questions or request assistance from supervisors. Films and videos are also valuable training tools, for example by showing interviewing techniques or illustrating agricultural and living conditions in the country, thereby preparing trainees for fieldwork.",,
133,What must be in place before using automated field boundary delineation in census fieldwork?,61,61,passage-match,high,1,1.01,no,"Such maps should be developed ahead of the census fieldwork using satellite images and applying artificial intelligence tools such as computer vision or machine learning classifiers to detect the discontinuity between fields. Post-processing is also necessary to clean up errors and to filter out non-crop polygons.23 Some examples of this approach can be seen in Masoud et al., (2020), FAO (2024a) and FAO (2026). Strengths: such an approach drastically reduces time in the field, as enumerators do not need to walk to each parcel of the holding; instead, they can visualize the plots on the tablet’s screen.","Such maps should be developed ahead of the census fieldwork using satellite images and applying artificial intelligence tools such as computer vision or machine learning classifiers to detect the discontinuity between fields. Post-processing is also necessary to clean up errors and to filter out non-crop polygons.23 Some examples of this approach can be seen in Masoud, K.M., et al., (2020), FAO (2024a) and FAO (2026). Strengths: such an approach drastically reduces time in the field, as enumerators do not need to walk to each parcel of the holding; instead, they can visualize the plots on the tablet’s screen.",,
141,What is a WCA 2030 theme?,66,66,heading-trimmed,high,1,0.95,no,"ITEMS FOR CONSIDERATION BY THEME 6.13 The WCA 2030 presents items grouped by theme, with each theme focusing on a specific area of interest for the agricultural census programme. If an item is also relevant to another theme, only a reference to the item is included in the latter, without repeating the full description. For example, Item 1105 “Whether agroforestry is practised” is described under Theme 11 “Forestry” but is also relevant to Theme 6 “Agricultural practices and equipment”; in Theme 6, therefore, only a reference to Item 1105 is made.","6.13 The WCA 2030 presents items grouped by theme, with each theme focusing on a specific area of interest for the agricultural census programme. If an item is also relevant to another theme, only a reference to the item is included in the latter, without repeating the full description. For example, Item 1105 “Whether agroforestry is practised” is described under Theme 11 “Forestry” but is also relevant to Theme 6 “Agricultural practices and equipment”; in Theme 6, therefore, only a reference to Item 1105 is made.",1,verbatim
144,What is the essential WCA 2030 irrigation item?,70,68,page-only,high,1,1,no,For the holdings 0302 Area of land actually irrigated: fully controlled and partially controlled irrigation (paragraphs 7.3.5–7.3.6) Additional items (see Theme 3 in Annex 4),For the holdings 0302 Area of land actually irrigated: fully controlled and partially controlled irrigation (paragraphs 7.3.5–7.3.6) Additional items (see Theme 3 in Annex 4),,
145,What are two crop-area essential items for temporary crops?,70,68,page-only,high,1,1,no,Temporary crops 0402+ Area of temporary crops planted (for each temporary crop type) (paragraphs 7.4.1–7.4.3.) 0403 Area of temporary crops harvested (for each temporary crop type) (paragraphs 7.4.4–7.4.15) Permanent crops,Temporary crops 0402+ Area of temporary crops planted (for each temporary crop type) (paragraphs 7.4.1–7.4.3.) 0403 Area of temporary crops harvested (for each temporary crop type) (paragraphs 7.4.4–7.4.15) Permanent crops,,
154,How does WCA 2030 classify holding sectors?,76,76,passage-match,low,0.82,0.82,yes,78 WORLD PROGRAMME FOR THE CENSUS OF AGRICULTURE 2030 7.1.7 The sector to which the holding belongs may be classified as “household sector” or “non-household sector”. Countries are encouraged to distinguish between these two sectors in the census tabulation. 7.1.8 Household sector holdings are those operated by household members.,7.1.7 The sector to which the holding belongs may be classified as “household sector” or “non-household sector”. Countries are encouraged to distinguish between these two sectors in the census tabulation. 7.1.8 Household sector holdings are those operated by household members.,,
178,"For mixed crops grown unsystematically, what must be true of the estimated component areas?",89,88,passage-match,high,0.91,1.01,no,"91 CHAPTER 7: DESCRIPTION OF ESSENTIAL ITEMS plot or field is assigned to each crop in proportion to the area it occupies, and the sum of the individual crop areas must equal the total area of the plot or field. 7.4.11 The same applies to mixed crops, where more than one crop, often several, is grown unsystematically in a plot or field. In such cases, it is more difficult to calculate the areas and some estimation is required.","In such cases, the area of the inter-planted plot or field is assigned to each crop in proportion to the area it occupies, and the sum of the individual crop areas must equal the total area of the plot or field. 7.4.11 The same applies to mixed crops, where more than one crop, often several, is grown unsystematically in a plot or field. In such cases, it is more difficult to calculate the areas and some estimation is required.",,
192,What remains the main focus of an agricultural census?,100,100,heading-trimmed,high,1,0.99,no,"INTRODUCTION 8.1 The main focus of an agricultural census is structural data collected at the holding-level. These structural data concern decisions made by the holding, such as what crops to grow and what agricultural inputs to use, and therefore can only be reported by the holding itself, not by public administrations. 8.2 However, some types of community-level data are of interest for policymaking, particularly for planning targeted development programmes.","8.1 The main focus of an agricultural census is structural data collected at the holding-level. These structural data concern decisions made by the holding, such as what crops to grow and what agricultural inputs to use, and therefore can only be reported by the holding itself, not by public administrations. 8.2 However, some types of community-level data are of interest for policymaking, particularly for planning targeted development programmes.",1,verbatim
196,What is a community for community-level data collection?,103,101,page-only,high,1,1,no,"METHODOLOGICAL CONSIDERATIONS Defining a community as a statistical unit for community-level data collection 8.8 A community can be defined as a self-contained unit of social and economic activities (FAO 1983). Population and housing censuses use the similar concept of locality, which is “a distinct population cluster (also designated as inhabited place, populated centre, settlement and so forth) in which the inhabitants live in neighbouring or contiguous sets of living quarters and that has a name or a locally recognized status” (UN, 2025, paragraphs 5.93–5.96). Under these definitions, the community or locality may not be the same as the lowest administrative unit.","METHODOLOGICAL CONSIDERATIONS Defining a community as a statistical unit for community-level data collection 8.8 A community can be defined as a self-contained unit of social and economic activities (FAO 1983). Population and housing censuses use the similar concept of locality, which is “a distinct population cluster (also designated as inhabited place, populated centre, settlement and so forth) in which the inhabitants live in neighbouring or contiguous sets of living quarters and that has a name or a locally recognized status” (UN, 2025, paragraphs 5.93–5.96). Under these definitions, the community or locality may not be the same as the lowest administrative unit.",,
212,How many main classification variables are identified for essential-item tabulations?,111,111,heading-trimmed,high,1,0.92,no,MAIN CLASSIFICATION VARIABLES 9.12 Nine main classification variables have been identified for tabulations of the essential items in the census reports. These variables are discussed in the following paragraphs. Table 9.1 refers to the essential items.,9.12 Nine main classification variables have been identified for tabulations of the essential items in the census reports. These variables are discussed in the following paragraphs. Table 9.1 refers to the essential items.,1,verbatim
217,How must census data be tabulated and disseminated?,115,115,heading-trimmed,high,1,0.9,no,"DATA CONFIDENTIALITY AND DATA DISCLOSURE CONTROL 9.32 Data collected during the agricultural census must be tabulated and disseminated in a manner that ensures the confidentiality of individual holdings and respondents. Particular care is needed when producing detailed tables or cross-tabulations, especially at lower levels of geographic disaggregation or when using fine classification variables, as these may lead to the identification of individual units.","9.32 Data collected during the agricultural census must be tabulated and disseminated in a manner that ensures the confidentiality of individual holdings and respondents. Particular care is needed when producing detailed tables or cross-tabulations, especially at lower levels of geographic disaggregation or when using fine classification variables, as these may lead to the identification of individual units.",1,verbatim
219,What are the two main uses of community-level data in tabulation?,116,116,heading-trimmed,high,1,0.98,no,"COMMUNITY-LEVEL DATA 9.34 Community-level data in an agricultural census refers to information collected at the community-level through the community survey (see Chapter 8), which can be used in two main ways. First, it can be summarized to provide an overview of the characteristics and attributes of communities themselves, including demographic information, socioeconomic indicators, infrastructure availability, and other relevant factors. Second, community-level data can be used as classification variables to categorize and analyse census holding-level data, by linking each individual agricultural holding to its corresponding community.","9.34 Community-level data in an agricultural census refers to information collected at the community-level through the community survey (see Chapter 8), which can be used in two main ways. First, it can be summarized to provide an overview of the characteristics and attributes of communities themselves, including demographic information, socioeconomic indicators, infrastructure availability, and other relevant factors. Second, community-level data can be used as classification variables to categorize and analyse census holding-level data, by linking each individual agricultural holding to its corresponding community.",1,verbatim
221,When is a census complete?,120,120,heading-trimmed,high,1,0.94,no,"DISSEMINATION OF AGGREGATE RESULTS 10.6 A census is not complete until the information collected is made available to potential users in a form suited to their needs. The results of the census are relevant to a wide range of users. Within government, users include policy makers at the national level and local authorities covering economic growth, food security, industrial competitiveness, national accounts, environmental protection, etc.","10.6 A census is not complete until the information collected is made available to potential users in a form suited to their needs. The results of the census are relevant to a wide range of users. Within government, users include policy makers at the national level and local authorities covering economic growth, food security, industrial competitiveness, national accounts, environmental protection, etc.",1,verbatim
232,What balance is required when providing microdata access?,122,121,passage-match,high,0.86,1.06,no,"124 WORLD PROGRAMME FOR THE CENSUS OF AGRICULTURE 2030 10.16 Providing access to microdata requires balancing the demands of the research community with the legislated obligation to maintain the confidentiality of information collected from respondents. To ensure safe access to microdata, both respondents’ privacy and data producers’ confidentiality requirements must be respected. This means reducing the risk of disclosure while maintaining the usefulness of the data.","34 FAOSTAT domain on Structural data from agricultural censuses is available at: https://www.fao.org/faostat/en/#data/WCAD 10.16 Providing access to microdata requires balancing the demands of the research community with the legislated obligation to maintain the confidentiality of information collected from respondents. To ensure safe access to microdata, both respondents’ privacy and data producers’ confidentiality requirements must be respected. This means reducing the risk of disclosure while maintaining the usefulness of the data.",,
236,What is the first step when faced with conflicting data?,124,124,passage-match,high,0.88,0.88,no,"126 WORLD PROGRAMME FOR THE CENSUS OF AGRICULTURE 2030 10.27 Therefore, when faced with conflicting data, the first step is to identify the source of the discrepancy. Once it is identified, reconciliation methods can be applied (see FAO, 2017c, Chapter 3). Before applying any reconciliation method, it is important to decide whether the census data should have priority over data from other sources (the usual case because the census is undertaken without sampling error).","10.27 Therefore, when faced with conflicting data, the first step is to identify the source of the discrepancy. Once it is identified, reconciliation methods can be applied (see FAO, 2017c, Chapter 3). Before applying any reconciliation method, it is important to decide whether the census data should have priority over data from other sources (the usual case because the census is undertaken without sampling error).",,
238,What is data archiving?,124,124,heading-trimmed,high,1,0.97,no,"DATA ARCHIVING 10.29 Data archiving is a means of ensuring long-term preservation of data and assists users in understanding and interpreting data. It primarily relates to digital data that can be vulnerable to obsolescence of enabling technologies, from hardware and software used to store and access the data to physical damage rendering the technologies unusable and to loss due to the passage of time. This section provides a summary of the rationale for data archiving and its process.","10.29 Data archiving is a means of ensuring long-term preservation of data and assists users in understanding and interpreting data. It primarily relates to digital data that can be vulnerable to obsolescence of enabling technologies, from hardware and software used to store and access the data to physical damage rendering the technologies unusable and to loss due to the passage of time. This section provides a summary of the rationale for data archiving and its process.",1,verbatim
258,How does Annex 10 define work?,193,192,furniture-removed,high,0.99,1.02,no,"195 ANNEXES ANNEX 10 OVERVIEW OF ILO RESOLUTIONS CONCERNING STATISTICS OF WORK The Resolution concerning statistics of work, employment and labour underutilization (ILO, 2013) adopted by the 19th International Conference of Labour Statisticians (ICLS) in 2013 and amended by the 21st ICLS in 2023 (ILO, 2023a) (below referred to as the Resolution) defines the basic concept of work as comprising “any activity performed by persons of any sex and age to produce goods or to provide services for use by others or for own-use”. Work, as defined in the Resolution, can be performed in any type of economic unit as distinguished by the SNA 2008,39 namely: (i) market units (i.e. corporations, quasi-corporations, and household unincorporated market enterprises, the latter encompassing, as a subset, informal sector units); (ii) non-market units (i.e. government and non-profit institutions serving households); and (iii) households that produce goods or services for own final use. The Resolution identifies five mutually exclusive subsets of work activities or forms of work, distinguishing them based on the intended destination of the production (for own final use or use by others, i.e. other economic units) and the nature of the transaction (i.e. monetary or non-monetary transactions and transfers).","CLASSIFICATION OF MACHINERY AND EQUIPMENT (Continued) ANNEX 10 OVERVIEW OF ILO RESOLUTIONS CONCERNING STATISTICS OF WORK The Resolution concerning statistics of work, employment and labour underutilization (ILO, 2013) adopted by the 19th International Conference of Labour Statisticians (ICLS) in 2013 and amended by the 21st ICLS in 2023 (ILO, 2023a) (below referred to as the Resolution) defines the basic concept of work as comprising “any activity performed by persons of any sex and age to produce goods or to provide services for use by others or for own-use”. Work, as defined in the Resolution, can be performed in any type of economic unit as distinguished by the SNA 2008,39 namely: (i) market units (i.e. corporations, quasi-corporations, and household unincorporated market enterprises, the latter encompassing, as a subset, informal sector units); (ii) non-market units (i.e. government and non-profit institutions serving households); and (iii) households that produce goods or services for own final use. The Resolution identifies five mutually exclusive subsets of work activities or forms of work, distinguishing them based on the intended destination of the production (for own final use or use by others, i.e. other economic units) and the nature of the transaction (i.e. monetary or non-monetary transactions and transfers).",,
262,Can WCA 2030 land-tenure items alone compute SDG 5.a.1?,198,198,furniture-removed,high,1,1,no,"Only if the three proxies are included in the questionnaire the indicator could be computed. Surveys are the preferred sources of data for this indicator due to their periodicity, but the agricultural census could serve as a viable alternative when agricultural or household surveys are unavailable by incorporating a sample module in the census questionnaire. The following table summarizes the items needed to compute SDG Indicator 5.a.1 and the related the WCA 2030 items, some of which, Items 0208, 0209, 0801 and 0802, are additional.","Only if the three proxies are included in the questionnaire the indicator could be computed. Surveys are the preferred sources of data for this indicator due to their periodicity, but the agricultural census could serve as a viable alternative when agricultural or household surveys are unavailable by incorporating a sample module in the census questionnaire. The following table summarizes the items needed to compute SDG indicator 5.a.1 and the related the WCA 2030 items, some of which, Items 0208, 0209, 0801 and 0802, are additional.",,
263,Why are agricultural surveys preferred for SDG 2.3.1 and 2.3.2?,201,199,page-only,high,1,1,no,"Agricultural censuses do not collect information on agricultural production, income and detailed labour use. Several data sources need to be considered to collect data for the computation of both indicators. Agricultural surveys are the most appropriate data source for collecting information on the total volume of agricultural production, gross income and labour input from agricultural holdings.","Agricultural censuses do not collect information on agricultural production, income and detailed labour use. Several data sources need to be considered to collect data for the computation of both indicators. Agricultural surveys are the most appropriate data source for collecting information on the total volume of agricultural production, gross income and labour input from agricultural holdings.",,
267,What is a table in the glossary?,207,207,furniture-removed,high,0.98,0.98,no,"209 GLOSSARY OF TERMS Table: A structured presentation of statistical data, typically used to summarize results (paragraph 9.2). Tabulation programme: The set of statistical tables prepared to present the main results of an agricultural census (paragraph 9.2). Temporary crops: Crops with a growing cycle of less than one year (paragraph 7.2.18).","GLOSSARY OF TERMS Table: A structured presentation of statistical data, typically used to summarize results (paragraph 9.2). Tabulation programme: The set of statistical tables prepared to present the main results of an agricultural census (paragraph 9.2). Temporary crops: Crops with a growing cycle of less than one year (paragraph 7.2.18).",,
268,What is a census of agriculture?,2,2,passage-match,high,0.99,1.27,no,"A census of agriculture is a statistical operation for collecting, processing and disseminating data on the structure of agriculture, covering the entire country or a significant part of it. Typical structural data collected in a census of agriculture are size of holding, land tenure, land use, crop area, irrigation, livestock numbers, labour and other agricultural inputs. A census of agriculture typically involves the complete enumeration of all agricultural holdings to collect key structural data, sometimes complemented by the collection of more detailed information through sampling methods (e.g. census modules under the modular approach).","WHAT IS A CENSUS OF AGRICULTURE? 1.1 A census of agriculture is a statistical operation for collecting, processing and disseminating data on the structure of agriculture, covering the entire country or a significant part of it.1 Typical structural data collected in a census of agriculture are size of holding, land tenure, land use, crop area, irrigation, livestock numbers, labour and other agricultural inputs. In an agricultural census, data are collected at the holding-level, but some community-level data may also be collected. A census of agriculture typically involves the complete enumeration of all agricultural holdings to collect key structural data, sometimes complemented by the collection of more detailed information through sampling methods (e.g. census modules under the modular approach).",,
270,How often should a census of agriculture be conducted?,5,5; 6,multi-passage,low,1,1.6,yes,"The implementation plan involves a multiyear programme of statistical activities, in which the census is undertaken at least once every ten years, and the programme of agricultural surveys is implemented in the inter-censal period. The census should therefore be conducted at least once every decade by complete enumeration, focusing only on structural items.","1.16 The implementation plan involves a multiyear programme of statistical activities, in which the census is undertaken at least once every ten years, and the programme of agricultural surveys is implemented in the inter-censal period.
 [...] 
1.17 The census should therefore be conducted at least once every decade by complete enumeration, focusing only on structural items, while regular inter-censal sample surveys should use the census frame to complement the structural data from the census by collecting current and more detailed operational and performance holding-level data (e.g.",1,joined-passages
272,What are the main features and innovations of the WCA 2030?,64,64,passage-match,low,0.68,0.68,yes,"In the WCA 2030, there are a total of 123 items categorized as follows: 27 items are classified as essential (collected by complete enumeration), including those that serve for building frames for sample-based census supplementary modules and the continuous programme of surveys. 96 items are classified as additional (collected by sample enumeration). The WCA 2020 programme classified census items into three categories: essential items, frame items and additional items. In that programme, there were 23 essential items.","In the WCA 2030, there are a total of 123 items categorized as follows: • 27 items are classified as essential (collected by complete enumeration), including those that serve for building frames for sample-based census supplementary modules and the continuous programme of surveys. • 96 items are classified as additional (collected by sample enumeration).",,
273,What are the 12 themes of the WCA 2030?,74,95,passage-match,low,0.27,0.66,yes,Theme 1: Identification and general characteristics 75 Theme 2: Land 79 Theme 3: Irrigation 86 Theme 4: Crops 87 Theme 5: Livestock 91 Theme 6: Agricultural practices and equipment 93 Theme 7: Services for agriculture 95 Theme 8: Demographic and social characteristics 95 Theme 9: Work on the holding 95 Theme 10: Aquaculture 99 Theme 11: Forestry 99 Theme 12: Fishing 99,THEME 7: SERVICES FOR AGRICULTURE All items of this theme are classified as additional; see Annex 4. THEME 8: DEMOGRAPHIC AND SOCIAL CHARACTERISTICS All items of this theme are classified as additional; see Annex 4. THEME 9: WORK ON THE HOLDING,,
274,Which themes and items were omitted from the WCA 2030?,9,9,furniture-removed,high,1,1.11,no,"The theme ""Intra-household distribution of managerial decisions and ownership on the holding"", which consisted of additional items to capture the role of gender in the holding's decision-making process, was hardly covered by national censuses. For this reason, the theme was omitted from the WCA 2030 and, instead, some items were moved to the Land and Livestock themes to cover gender aspects.","THEMES AND ITEMS OMITTED • The theme “Intra-household distribution of managerial decisions and ownership on the holding”, which consisted of additional items to capture the role of gender in the holding’s decision-making process, was hardly covered by national censuses. For this reason, the theme was omitted from the WCA 2030 and, instead, some items were moved to the Land and Livestock themes to cover gender aspects (see Table 1.1).",,
275,How does the agricultural census relate to the overall programme of agricultural surveys?,5,5,passage-match,high,1,1.26,no,"A national agricultural statistical system encompasses several elements, including the census of agriculture and the programme of agricultural surveys with the census at the core, supported by the census of population (e.g. frame of households involved in agriculture), and relevant administrative records, geospatial data and other types of data. Integration, in a statistical sense, means that the census and the programme of agricultural surveys are carefully planned and not carried out in isolation.","1.15 A national agricultural statistical system encompasses several elements, including the census of agriculture and the programme of agricultural surveys with the census at the core, supported by the census of population (e.g. frame of households involved in agriculture), and relevant administrative records, geospatial data and other types of data (see Figure 1.1). Efforts continue to be made towards achieving better coordination and integration of these statistical activities. Integration, in a statistical sense, means that the census and the programme of agricultural surveys are carefully planned and not carried out in isolation.",1,passage-match
276,What are the main uses of agricultural census data?,12,12,passage-match,high,0.98,1.02,no,"The census of agriculture is the principal means of collecting basic agricultural statistics in a country as part of an integrated programme of data collection and compilation aimed at providing a comprehensive source of statistical information for agricultural policy purposes, as well as for research, business and other uses, in addition to the usual statistical uses. The census of agriculture provides a snapshot of agriculture in a country and an opportunity to identify trends or structural breaks in the sector as well as possible areas of intervention.","2.1 The census of agriculture is the principal means of collecting basic agricultural statistics in a country as part of an integrated programme of data collection and compilation aimed at providing a comprehensive source of statistical information for agricultural policy purposes, as well as for research, business and other uses, in addition to the usual statistical uses. 2.2 The census of agriculture provides a snapshot of agriculture in a country and an opportunity to identify trends or structural breaks in the sector as well as possible areas of intervention.",0.98,passage-match
277,How does the agricultural census contribute to gender statistics?,16,16; 16; 16,multi-passage,low,1,1.13,yes,"It is widely acknowledged that promoting gender equality and the empowerment of women are key to advancing social and economic progress. The agricultural census plays an important role in providing gender-disaggregated data related to agriculture, supporting the monitoring of progress towards gender equality goals. Identifying the agricultural holder provides the basis for comparing the characteristics of holdings operated by men and women.","The role of gender in agriculture 2.21 It is widely acknowledged that promoting gender equality and the empowerment of women are key to advancing social and economic progress.
 [...] 
The agricultural census plays an important role in providing gender-disaggregated data related to agriculture, supporting the monitoring of progress towards gender equality goals.
 [...] 
2.23 Identifying the agricultural holder provides the basis for comparing the characteristics of holdings operated by men and women.",1,joined-passages
278,How is census data used for Small Area Estimation?,21,21,furniture-removed,high,1,1.1,no,"Small area estimation (SAE) techniques can be applied to produce more precise estimators. SAE involves identifying ""common variables"" related to a target indicator – for example, crop areas – that are available in both survey and census data, and applying a probabilistic model using those variables as predictors. This approach addresses the limitations of sample surveys by ""borrowing strength"" from census data to improve the precision of estimates for small areas.","When policymakers require estimates for local areas, small area estimation (SAE) techniques can be applied to produce more precise estimators. SAE involves identifying “common variables” related to a target indicator – for example, crop areas – that are available in both survey and census data, and applying a probabilistic model using those variables as predictors. This approach addresses the limitations of sample surveys by “borrowing strength” from census data to improve the precision of estimates for small areas.",,
279,What is a statistical farm register and how does the agricultural census contribute to it?,19,20,passage-match,low,0.68,0.68,yes,"An important aim of the agricultural census is being a first step for establishing a statistical farm register. Maintaining the register requires input from several administrative and statistical sources – including tax records, cadastral data, farmers' association directories, population census records, economic census data and regular agricultural production surveys – each of which has its own identification key.","Maintaining the register requires input from several administrative and statistical sources – including tax records, cadastral data, farmers’ association directories, population census records, economic census data and regular agricultural production surveys – each of which has its own identification key.",,
280,How does the agricultural census support monitoring of the Sustainable Development Goals?,23,23,joined-passages,high,0.99,1.57,no,"While the census of agriculture is not considered a primary data source for tracking SDGs, it can play a supportive role in the development of indicators for SDG 2 and SDG 5 (""Achieve gender equality and empower all women and girls"") in the absence of relevant household surveys and administrative sources. Specifically, the census can provide partial data to monitor SDG target 5.a addressing ownership or secure rights over agricultural land and SDG target 2.3 relating to the productivity and income of smallholders.","While the census of agriculture is not considered a primary data source for tracking SDGs, it can play a supportive role in the development of indicators for SDG 2 and SDG 5 (“Achieve gender equality and empower all women and girls”) in the absence of relevant household surveys and administrative sources. 2.67 While the SDG indicators are only valid until 2030, it is important to recognize that the contribution of the census of agriculture may remain relevant beyond the 2030 Agenda, when a new sustainable development plan should be agreed with possibly a similar set of indicators. Specifically, the census can provide partial data to monitor SDG target 5.a addressing ownership or secure rights over agricultural land (FAO, 2017a) and SDG target 2.3 relating to the productivity and income of",,
281,What is the 50x2030 Initiative and how does it relate to the agricultural census?,22,22,passage-match,high,1,1.2,no,"The 50x2030 Initiative is a multipartner programme launched in 2018 that seeks to bridge the global agricultural data gap by transforming country data systems in 50 low and lower-middle-income countries, mainly in Africa, by 2030. This initiative focuses on improving country-level rural and agricultural data by implementing an improved AGRISurvey methodology, using the census of agriculture as the frame.","The 50x2030 Initiative to close the agricultural data gap 2.60 The 50x2030 Initiative is a multipartner programme launched in 2018 that seeks to bridge the global agricultural data gap by transforming country data systems in 50 low and lower-middle-income countries, mainly in Africa, by 2030. This initiative focuses on improving country-level rural and agricultural data by implementing an improved AGRISurvey methodology (see above), using the census of agriculture as the frame.",,
282,What is the Global Strategy to Improve Agricultural and Rural Statistics?,21,21,joined-passages,high,0.86,1.88,no,"The Global Strategy to Improve Agricultural and Rural Statistics (FAO, 2015b) began implementation in 2012 to support countries in adequately integrating agricultural census and surveys in the agricultural statistical system. The second phase of the Global Strategy to Improve Agricultural and Rural Statistics (2020–2025), starting in 2021, focuses on the application of methodologies and approaches developed in the framework of the first phase and strengthening the statistical capacities of countries through the provision of training and technical assistance at national, regional and global levels.","This pillar encouraged the design of a SPARS mainstreamed into the NSDS for the integration of the agricultural census and surveys in the agricultural statistical system, with the census at the core. • Capacity building: the planning and implementation of the census involves comprehensive capacity-building activities, which can significantly contribute to the overall goal of strengthening capacity in agricultural statistics. 2.58 The second phase of the Global Strategy to Improve Agricultural and Rural Statistics (2020–2025), starting in 2021, focuses on the application of methodologies and approaches developed in the framework of the first phase and strengthening the statistical capacities of countries through the provision of training and technical assistance at national, regional and global levels. The work of the Global Strategy to Improve Agricultural and Rural Statistics is interlinked with the activities of the ”50x2030 Initiative to close the agricultural data gap“ (50x2030 Initiative, n.d.), aimed at collecting data in 50 low income and lower middle-income countries by 2030.",,
283,What is the Cape Town Global Action Plan and how is it relevant to the agricultural census?,22,22; 23,multi-passage,low,0.99,2.13,yes,"The CTGAP proposes six strategic areas, each associated with several objectives and related actions. As an integral part of the national statistical system, the census of agriculture mainly contributes to strategic areas 2 and 3: Under strategic area 2, the census of agriculture promotes the use of new and emerging technologies in data collection, data processing, dissemination, and analysis. Under strategic area 3, the regular implementation of the census of agriculture supports the monitoring needs of the 2030 Agenda.","2.64 The CTGAP proposes six strategic areas, each associated with several objectives and related implementation actions: • Strategic area 1: Coordination and strategic leadership on data for sustainable development. • Strategic area 2: Innovation and modernization of national statistical systems. • Strategic area 3: Strengthening of basic statistical activities and programmes, with a particular focus on addressing the monitoring needs of the 2030 Agenda.
 [...] 
2.65 As an integral part of the national statistical system, the census of agriculture mainly contributes to strategic areas 2 and 3: • Under strategic area 2, the census of agriculture promotes the use of new and emerging technologies in data collection, data processing, dissemination, and analysis and the use of data from other sources (e.g. administrative registers and geospatial data). • Under strategic area 3, the regular implementation of the census of agriculture supports the monitoring needs of the 2030 Agenda (see next section) and provides the sampling frame for relevant agricultural surveys as an integral part of integrated census and survey systems.",0.99,joined-passages
284,What is the difference between a reporting system and an agricultural census?,18,18,passage-match,high,1,1.22,no,"Another limitation of a reporting system based on field officials, when not supported by agricultural censuses and regular sample surveys, is that aggregated data are typically forwarded through successive administrative levels. As a result, the only available data – for example, on crop area – may be limited to provincial or district totals. Holding-level data from the agricultural census support proper planning and implementation of sample surveys of agricultural holdings, thereby addressing the limitations of relying solely on a reporting system.","2.31 Another limitation of a reporting system based on field officials, when not supported by agricultural censuses and regular sample surveys, is that aggregated data are typically forwarded through successive administrative levels. As a result, the only available data – for example, on crop area – may be limited to provincial or district totals. This often means that data are not available at the desired administrative levels across the country. Holding-level data from the agricultural census support proper planning and implementation of sample surveys of agricultural holdings, thereby addressing the limitations of relying solely on a reporting system.",,
285,How can census data be integrated with geospatial data?,20,20; 21,multi-passage,low,0.97,1.41,yes,"When holdings are georeferenced, census data can be linked to geospatial data and available GIS databases. Another advantage of integrating census and spatial data is the ability to establish a system for producing national, wall-to-wall crop type maps. Timely, accurate and granular crop type maps support a range of applications that increase the utility of the census and enhance its overall impact on the quality of national agricultural statistics.","Integrating census data with geospatial data 2.52 When holdings are georeferenced, census data can be linked to geospatial data and available Geographic Information System (GIS) databases – a feature that is extremely valuable and often in high demand by policymakers and other users.
 [...] 
2.53 Another advantage of integrating census and spatial data is the ability to establish a system for producing national, wall-to-wall crop type maps. Timely, accurate and granular crop type maps support a range of applications that increase the utility of the census and enhance its overall impact on the quality of national agricultural statistics.",0.97,joined-passages
287,What are the options for coordinating the agricultural and population censuses?,26,26; 26,multi-passage,low,0.96,1.59,yes,"The coordination between the two censuses can cover: coordinating aspects of the two censuses in terms of use of common concepts, definitions and classifications; using existing topics from the population census as a starting point for the frame for the household sector of the agricultural census; adding screening items in the population and housing census for collecting agricultural data; an agriculture module in the population and housing census; the two censuses as a joint operation in specific circumstances only.","3.10 The coordination between the two censuses can cover: • Coordinating aspects of the two censuses in terms of: • Use of common concepts, definitions and classifications: using
 [...] 
• Using existing topics from the population census as a starting point for the frame for the household sector of the agricultural census (see paragraphs 3.12 and 3.14); • Adding screening items in the population and housing census for collecting agricultural data (see paragraphs 3.15 to 3.20); • An agriculture module in the population and housing census (see paragraphs 3.21 to 3.25) • The core module of the agricultural census in the population and housing census (see paragraphs 3.26 and 3.27). • The two censuses as a joint operation in specific circumstances only (see paragraphs 3.28 and 3.29).",0.96,joined-passages
288,What screening items can the population census include to build a frame for the agricultural census?,28,28,joined-passages,high,0.99,1.6,no,"This includes households using land – wholly or partly – for agricultural purposes or raising livestock. Item 2 collects information at the household level on the size of the farm – land area or number of plots – used for agriculture, as well as the number of livestock reared (for the main livestock species) on the population census day. This supports the assessment of the extent of a household's agricultural activities and the establishment of an appropriate threshold for inclusion in the census of agriculture.","This includes households using land – wholly or partly – for agricultural purposes or raising livestock. As noted in paragraph 3.13, a year-long reference period is necessary to capture seasonal variations, which cannot be adequately reflected using the shorter reference periods applied to other population census topics on economic characteristics. Households with members engaged in agricultural activities solely as paid employees would not qualify. Item 2 collects information at the household level on the size of the farm – land area or number of plots – used for agriculture, as well as the number of livestock reared (for the main livestock species) on the population census day. This supports the assessment of the extent of a household’s agricultural activities and the establishment of an appropriate threshold for inclusion in the census of agriculture (e.g.",,
289,Can the agricultural census and the population census be conducted as a single joint operation?,30,30,joined-passages,high,0.98,1.72,no,"Countries often face administrative difficulties in synchronising the field operations and timing of the two censuses, requiring special coordination arrangements to ensure successful implementation. Several essential items recommended by the WCA may also be excluded to limit the length of the questionnaire. Moreover, agricultural holdings in the non-household sector are not covered by the population census and must be enumerated separately.","Countries often face administrative difficulties in synchronising the field operations and timing,7 of the two censuses, requiring special coordination arrangements to ensure successful implementation. In addition, adequately training field staff to cover all items from both the population and agricultural censuses is demanding – particularly when different government agencies are responsible for each (e.g. the national statistical office and the ministry of agriculture). Several essential items recommended by the WCA may also be excluded to limit the length of the questionnaire. Moreover, agricultural holdings in the non-household sector are not covered by the population census and must be enumerated separately, sometimes with a different reference period.",,
290,What is the scope of a census of aquaculture and its link to the agricultural census?,30,30,furniture-removed,high,1,1.13,no,"There remains strong demand for structural data on aquaculture, and many countries are interested in linking aquaculture with agriculture by conducting the agricultural and aquacultural censuses together. Aquacultural data may be collected in the agricultural census by including a limited number of items on aquacultural production for agricultural holdings that also engage in aquaculture. Alternatively, in a joint aquaculture and agricultural census, data may be collected from both agricultural and aquacultural holdings, including aquacultural units not associated with agriculture.","3.30 There remains strong demand for structural data on aquaculture, and many countries are interested in linking aquaculture with agriculture by conducting the agricultural and aquacultural censuses together. Aquacultural data may be collected in the agricultural census by including a limited number of items on aquacultural production for agricultural holdings that also engage in aquaculture. Alternatively, in a joint aquaculture and agricultural census, data may be collected from both agricultural and aquacultural holdings, including aquacultural units not associated with agriculture (see Theme 10 in Chapter 7 and Annex 4).",1,furniture-removed
291,What is the statistical unit for the aquacultural census?,30,30; 31,multi-passage,low,0.94,1.62,yes,"The statistical unit for the aquacultural census is the aquacultural holding, defined in a similar way to the agricultural holding. The aquaculture facilities of the holding may be located in one or more separate areas or administrative divisions, provided they share the same means of production – such as labour, buildings and machinery.","Statistical unit for the aquacultural census 3.33 The statistical unit for the aquacultural census is the aquacultural holding, defined in a similar way to an agricultural holding, as follows: An aquacultural holding is an economic unit of aquacultural production under single management, comprising all aquaculture facilities, regardless of title, legal form or size.
 [...] 
The aquaculture facilities of the holding may be located in one or more separate areas or administrative divisions, provided they share the same means of production – such as labour, buildings and machinery.",0.94,joined-passages
292,How does the agricultural census relate to the economic census?,33,33,passage-match,high,1,1.08,no,"Economic censuses are normally carried out using the ""establishment"" as the statistical unit. The definition of the agricultural holding is compatible with the establishment concept, provided that small and medium-sized holdings from the household sector are not excluded. This opens up the possibility of integrating the agricultural census into the economic census programme.","3.46 Economic censuses are normally carried out using the “establishment” as the statistical unit (see Annex 1). The definition of the agricultural holding is compatible with the establishment concept, provided that small and medium-sized holdings from the household sector are not excluded. This opens up the possibility of integrating the agricultural census into the economic census programme.",,
293,What is a forestry module in the context of the agricultural census?,34,34,passage-match,high,0.92,1.56,no,"For agricultural holdings: Core module: Item 1101; Supplementary forestry module (sample-based): Items 1102 to 1105. NOTE: Item 1101 corresponds to ""Presence of woodland on the holding"". For Items 1101 to 1105 see Theme 11, Annex 4.","• Core module: Item 1101* • Supplementary forestry module (sample-based): Items 1102 to 1105* • For agricultural holdings: same as case A • For households (non-agricultural holdings) with woodland: module to a sample of units from the census frame NOTE: * Item 1101 corresponds to “Presence of woodland on the holding”. For Items 1101 to 1105 see Theme 11, Annex 4.",,
300,What is the definition of a household in the WCA 2030?,38,38,furniture-removed,high,1,1.01,no,"The concept of ""household"" is based on the arrangements that a person or a group of persons make to provide themselves with food and other essentials for living. A household may be either: a one-person household, where a person makes provision for their own food and other essentials for living without combining with any other to form a multi-person household; or a multi-person household, which consists of a group of two or more persons living together who make joint provision for food and other essentials for living.","4.6 “The concept of ‘household’ is based on the arrangements that a person or a group of persons make to provide themselves with food and other essentials for living. A household may be either: a one-person household, where a person makes provision for their own food and other essentials for living without combining with any other to form a multi-person household; or a multi-person household, which consists of a group of two or more persons living together who make joint provision for food and other essentials for living.",1,furniture-removed
301,What is a parcel in the context of an agricultural census?,40,40,passage-match,high,1,1.06,no,"The agricultural holding is divided into parcels, where a parcel is defined as any piece of land under a single land tenure type, entirely surrounded by other land, water, roads, forest or other features that are either not part of the holding or part of the holding under a different land tenure type. A parcel may consist of one or more adjacent fields or plots.","4.19 The agricultural holding is divided into parcels, where a parcel is defined as any piece of land under a single land tenure type (see paragraphs 7.2.38–7.2.47), entirely surrounded by other land, water, roads, forest or other features that are either not part of the holding or part of the holding under a different land tenure type. A parcel may consist of one or more adjacent fields or plots.",1,passage-match
303,Who is the agricultural holder?,40,40,passage-match,high,0.97,1.03,no,"The agricultural holder is defined as the civil person, group of civil persons or juridical person who makes the key decisions regarding resource use and exercises management control over the operat[ing of the agricultural holding].","4.21 The agricultural holder is defined as the civil person, group of civil persons or juridical person who makes the key decisions regarding resource use and exercises management control over the operation of the agricultural holding.",0.97,passage-match
305,What is the scope of the census of agriculture?,41,41,joined-passages,high,0.99,1.44,no,"Broadly speaking, an agricultural census aims to measure the structure of the agricultural production industry. The scope of this industry could be interpreted broadly to include not only crop and livestock production, but also forestry, fishing and other food- and agriculture-related activities. However, support activities to agriculture and post-harvest crop activities – such as agroprocessing – fall outside the scope of the agricultural census. Units engaged solely in forestry, fishing or aquaculture are not covered, unless they also undertake some crop or livestock production.","4.25 Broadly speaking, an agricultural census aims to measure the structure of the agricultural production industry. The scope of this industry could be interpreted broadly to include not only crop and livestock production, but also forestry, fishing and other food- and agriculture-related activities. However, support activities to agriculture and post-harvest crop activities – such as agroprocessing – fall outside the scope of the agricultural census (see paragraph 4.26). Previous agricultural census programmes have adopted a narrower definition, focusing only on units engaged in the production of crop and livestock products. This approach remains valid for the 2030 round of agricultural censuses. Units engaged solely in forestry, fishing or aquaculture are not covered, unless they also undertake some crop or livestock production.",0.99,joined-passages
306,What activities fall outside the scope of the agricultural census?,41,41,joined-passages,high,0.97,1.9,no,"However, support activities to agriculture and post-harvest crop activities – such as agroprocessing – fall outside the scope of the agricultural census. Units engaged solely in forestry, fishing or aquaculture are not covered, unless they also undertake some crop or livestock production.","However, support activities to agriculture and post-harvest crop activities – such as agroprocessing – fall outside the scope of the agricultural census (see paragraph 4.26). Previous agricultural census programmes have adopted a narrower definition, focusing only on units engaged in the production of crop and livestock products. This approach remains valid for the 2030 round of agricultural censuses. Units engaged solely in forestry, fishing or aquaculture are not covered, unless they also undertake some crop or livestock production.",,
308,What is a cut-off threshold for agricultural holdings?,42,42,furniture-removed,high,1,1.16,no,"Many countries apply a minimum size limit for the inclusion of units in the census. This is often justified on the grounds that very small holdings – which are usually numerous – contribute little to total agricultural production, making their inclusion in the agricultural census not cost-effective. However, in many developing countries, small-scale agriculture makes a significant contribution to household food supplies.","4.33 Many countries apply a minimum size limit for the inclusion of units in the census. This is often justified on the grounds that very small holdings – which are usually numerous – contribute little to total agricultural production, making their inclusion in the agricultural census not cost-effective. However, in many developing countries, small-scale agriculture makes a significant contribution to household food supplies and is often an important source of supplementary income.",1,furniture-removed
309,What are the disadvantages of applying a cut-off threshold?,42,43,passage-match,low,0.52,0.54,yes,"However, in many developing countries, small-scale agriculture makes a significant contribution to household food supplies and is often an important source [of livelihood]. Because of the contribution of small-scale farming to household food security and total agriculture produce, it is important to have some estimate of its impact.","4.36 Because of the contribution of small-scale farming to household food security and total agriculture produce, it is important to have some estimate of its impact.",,
311,What is the census reference period?,43,43,joined-passages,high,1,1.42,no,"The census has two main reference periods: the census reference year and the census reference day. The census reference year covers a 12-month period – usually a calendar year or an agricultural year – and generally encompasses the various time reference periods used for non-inventory items. The census reference day refers to a specific point in time, used for livestock numbers and other inventory items.","4.37 The census has two main reference periods: the census reference year and the census reference day. The census reference year covers a 12-month period – usually a calendar year or an agricultural year – and generally encompasses the various time reference periods used for non-inventory items. Using the agricultural year can be advantageous, as respondents often think of their activities in seasonal terms and may therefore find it easier to recall information. The census reference day refers to a specific point in time, used for livestock numbers and other inventory items.",1,joined-passages
312,What is the difference between the census reference year and the census reference day?,43,43,joined-passages,high,1,1.42,no,"The census has two main reference periods: the census reference year and the census reference day. The census reference year covers a 12-month period – usually a calendar year or an agricultural year – and generally encompasses the various time reference periods used for non-inventory items. The census reference day refers to a specific point in time, used for livestock numbers and other inventory items.","4.37 The census has two main reference periods: the census reference year and the census reference day. The census reference year covers a 12-month period – usually a calendar year or an agricultural year – and generally encompasses the various time reference periods used for non-inventory items. Using the agricultural year can be advantageous, as respondents often think of their activities in seasonal terms and may therefore find it easier to recall information. The census reference day refers to a specific point in time, used for livestock numbers and other inventory items.",1,joined-passages
313,When is the census reference day used instead of the census reference year?,43,43; 43,multi-passage,low,1,1.02,yes,"The census reference day refers to a specific point in time, used for livestock numbers and other inventory items. In practice, countries may choose to use the ""day of enumeration"" instead of a fixed census reference day to facilitate data collection.","The census reference day refers to a specific point in time, used for livestock numbers and other inventory items.
 [...] 
4.38 In practice, countries may choose to use the “day of enumeration” instead of a fixed census reference day to facilitate data collection.",1,joined-passages
314,What is the recommended timing for the census of agriculture?,44,44,passage-match,high,1,1.03,no,"Following a successful and satisfactory census, subsequent censuses should be conducted at regular intervals, unless compelling reasons require otherwise. Consistent census timing improves data comparability, facilitates analysis and supports administrative compliance by ensuring that all stakeholders complete the necessary preparations on time. A key issue in many censuses concerns the timing of field operations. A specific feature of the census of agriculture is its strong dependence on the agricultural and cropping calendar.","4.44 Following a successful and satisfactory census, subsequent censuses should be conducted at regular intervals, unless compelling reasons require otherwise. Consistent census timing improves data comparability, facilitates analysis and supports administrative compliance by ensuring that all stakeholders complete the necessary preparations on time. 4.45 A key issue in many censuses concerns the timing of field operations. A specific feature of the census of agriculture is its strong dependence on the agricultural and cropping calendar.",,
315,What factors determine the content of an agricultural census?,45,45; 45; 45,multi-passage,low,0.99,1.3,yes,"The suitability of the census vehicle for the collection of the data required. An agricultural census is intended to collect structural data and the items included should focus primarily on those types of data. The technical, operational and financial resources available to undertake the census. The willingness and ability of the public to supply the information required. The data collected in previous rounds of the agricultural census.","• The suitability of the census vehicle for the collection of the data required. An agricultural census is intended to collect structural data and the items included should focus primarily on those types of data. Items requiring in-depth questions, such as cost of production, are best collected in other agricultural surveys. • The technical, operational and financial resources available to undertake the census.
 [...] 
• The willingness and ability of the public to supply the information required.
 [...] 
• The data collected in previous rounds of the agricultural census.",0.99,joined-passages
316,What are the main steps in developing and conducting an agricultural census?,46,46; 46,multi-passage,low,1,1.52,yes,"Identify the role of the census as a component of the system of integrated agricultural censuses and surveys. Determine the objectives of the census of agriculture and its overall strategy. Define the methodology and data collection method. Develop a work plan and establish the budget to carry out the census. Prepare census legislation, if required. Develop and implement the census publicity campaign.","4.1 PHASES AND STEPS IN DEVELOPING AND CONDUCTING THE CENSUS OF AGRICULTURE Develop the field system (including monitoring system); recruit and train field staff Identify the role of the census of agriculture as a component of the system of integrated agricultural censuses and surveys Prepare census legislation, if required
 [...] 
Determine the objectives of the census of agriculture and its overall strategy (user-producer consultation) Define the methodology and data collection method (paper, mobile device, etc.) Develop a work plan and establish the budget to carry out the census Develop and implement the census publicity campaign",1,joined-passages
318,What is the classical approach to conducting an agricultural census?,49,49,joined-passages,high,1,1.59,no,"In a few instances, countries wishing to add items that are not usually covered in the census, resort to a combination of a short and a long questionnaire to reduce costs and burden on the respondents. In this case, the short questionnaire should contain all the essential items recommended by the WCA 2030 and relevant items needed to build the frames for the programme of agricultural surveys. Both the short and long questionnaires are completed during the same field visit and use the same reference period.","5.7 In a few instances, countries wishing to add items that are not usually covered in the census, resort to a combination of a short and a long questionnaire to reduce costs and burden on the respondents. In this case, the short questionnaire should contain all the essential items recommended by the WCA 2030 and relevant items needed to build the frames for the programme of agricultural surveys. The long questionnaire should encompass additional items to be collected from a sample of holdings (e.g. one in every ten holdings or holdings within a sample of enumeration areas)10 or holdings identified according to specific criteria, for example those above a defined threshold or belonging to a particular population segment. Both the short and long questionnaires are completed during the same field visit and use the same reference period.",,
319,What is the modular approach to conducting an agricultural census?,49,49,furniture-removed,high,1,1.02,no,"The modular approach consists of a clearly defined core module and one or more supplementary thematic modules, with the items collected in the core module used to construct the frame for the sample-based supplementary modules. This approach is suitable for countries that do not have a well-established agricultural survey system.","5.8 The modular approach consists of a clearly defined core module and one or more supplementary thematic modules, with the items collected in the core module used to construct the frame for the sample-based Supplementary modules. This approach is suitable for countries that do not have a well-established agricultural survey system.",1,furniture-removed
320,What is the difference between the classical approach and the modular approach?,49,49,passage-match,low,0.53,1.08,yes,"The long questionnaire should not be confused with a supplementary module of the modular approach, which is thematic in nature and implemented in a separate field visit following the core module. In the modular approach, the core module includes the relevant items needed to build the frame for the subsequent sample-based supplementary thematic modules, as well as all essential items recommended at the lowest administrative level.","Similarly, the long questionnaire should not be confused with a supplementary module of the modular approach, which is thematic in nature and implemented in a separate field visit following the core module. THE MODULAR APPROACH 5.8 The modular approach consists of a clearly defined core module and one or more supplementary thematic modules, with the items collected in the core module used to construct the frame for the sample-based Supplementary modules.",,
323,What is the short-and-long questionnaire concept under the classical approach?,49,49,furniture-removed,high,1,1.02,no,"In a few instances, countries wishing to add items that are not usually covered in the census, resort to a combination of a short and a long questionnaire to reduce costs and burden on the respondents. In this case, the short questionnaire should contain all the essential items recommended by the WCA 2030 and relevant items needed to build the frames for the programme of agricultural surveys. The long questionnaire should encompass additional items to be collected from a sample of holdings.","5.7 In a few instances, countries wishing to add items that are not usually covered in the census, resort to a combination of a short and a long questionnaire to reduce costs and burden on the respondents. In this case, the short questionnaire should contain all the essential items recommended by the WCA 2030 and relevant items needed to build the frames for the programme of agricultural surveys. The long questionnaire should encompass additional items to be collected from a sample of holdings (e.g.",,
324,How can administrative records and registers be used in an agricultural census?,51,52,passage-match,low,0.61,0.63,yes,"In most cases, registers cannot provide all the essential items, therefore the most reasonable approach is to use registers in combination with fieldwork data collection. Regardless of the census methodology adopted, it is extremely important that a unique primary key variable or identifier is used in all the data sources. The use of a unique identifier is essential in order to link information successfully.","5.20 Regardless of the census methodology adopted, it is extremely important that a unique primary key variable or identifier is used in all the data sources. The use of a unique identifier is essential in order to link information successfully.",,
325,What are the challenges of using administrative records in an agricultural census?,52,52,furniture-removed,high,1,1.01,no,"The use of administrative records may pose some challenges, including: access to datasets is difficult or even impossible if the legal background is inadequate; it could be very difficult to establish a good cooperation with register owners; the cost for the access to the administrative records could be too high; incoherence of concepts, definitions, classification, and reference periods could hamper the use of administrative sources; and there could be technical problems related to linking data from various data sources.","5.19 The use of administrative records may pose some challenges, including • Access to datasets is difficult or even impossible if the legal background is inadequate; • It could be very difficult to establish a good cooperation with register owners; • The cost for the access to the administrative records could be too high; • Incoherence of concepts, definitions, classification, and reference periods could hamper the use of administrative sources; and • There could be technical problems related to linking data from various data sources.",,
327,What is a flexible enumeration strategy for agricultural censuses?,54,54,passage-match,high,0.92,1.06,no,"To address these constraints while maintaining the integrity and usefulness of census results, the WCA 2030 encourages flexible enumeration strategies that combine complete and sample enumeration in a complementary manner. These strategies allow countries to tailor their census design to national agricultural structures and available resources, ensuring cost-effectiveness while preserving data quality.","5.35 To address these constraints while maintaining the integrity and usefulness of census results, the WCA 2030 encourages flexible enumeration strategies that combine complete and sample enumeration in a complementary manner. These strategies allow countries to tailor their census design to national agricultural structures and available resources, ensuring cost-effectiveness without compromising data quality or coverage.",,
328,What is quality assurance in the context of an agricultural census?,55,56,passage-match,low,0.65,1.07,yes,"Quality assurance is the process of ensuring that quality goals are consistently met throughout the entire system of census data collection and processing. It is therefore recommended that the accuracy of the data collected be evaluated and reported, so that census organizers are aware of quality levels and users are informed of data limitations.","The census of agriculture is a large and complex operation, and non-sampling errors, such as coverage and content errors arising during data collection and processing, are unavoidable. It is therefore recommended that the accuracy of the data collected be evaluated and reported, so that census organizers are aware of quality levels and users are informed of data limitations.",,
329,What methods of enumeration are used in agricultural censuses?,56,56,joined-passages,high,1,1.53,no,"The advent of advanced technologies, such as information technology, GIS and the global positioning system (GPS), has created new opportunities for data collection, with the potential to improve efficiency and data quality. By applying these technologies, countries can achieve gains in timeliness, reduce undercoverage and response errors, and lower costs by reducing staffing and other expenses. The traditional pen and paper mode is being replaced by mobile devices, online interviewing, and postal methods.","The advent of advanced technologies, such as information technology, GIS and the global positioning system (GPS), has created new opportunities for data collection, with the potential to improve efficiency and data quality. By applying these technologies, countries can achieve gains in timeliness, reduce undercoverage and response errors, and lower costs by reducing staffing and other expenses. Further information on these modes, including their strengths and weaknesses, is provided in Chapter 20 of the World programme for the census of agriculture 2020. Volume 2 Operational guidelines (FAO, 2018a). 5.44 The traditional pen and paper mode is being replaced by mobile devices, online interviewing, and postal methods, and this trend is expected to continue.",,
330,What is georeferencing and why is it important for the agricultural census?,58,58; 58,multi-passage,low,0.83,1.15,yes,"An important factor in expanding the coverage of the census of agriculture is the georeferencing of agricultural holdings. GPS makes it possible to determine the geographic position of agricultural holdings, offering several advantages. Linking georeferenced agricultural census data with other GIS databases makes innovative analysis possible.","5.55 An important factor in expanding the coverage of the census of agriculture is the georeferencing of holdings.
 [...] 
5.56 GPS makes it possible to determine the geographic position of agricultural holdings, offering several advantages for frame preparation, fieldwork planning, presentation of results and the integration of agricultural census data with other GIS databases.",0.83,joined-passages
331,How can Earth Observation data enhance agricultural census statistics?,59,59,passage-match,low,0.63,0.65,yes,"Earth observation is the gathering of information about the Earth's surface, waters and atmosphere via ground-based, airborne and/or satellite remote sensing platforms. EO is increasingly used in agricultural surveys and censuses to produce land cover (LC) and land use (LU) statistics. Thanks to the integration of census and EO data, it is possible to set up a system to produce national, wall-to-wall crop type maps.","5.61 Earth observation is the gathering of information about the Earth's surface, waters and atmosphere via ground-based, airborne and/or satellite remote sensing platforms. EO is increasingly used in agricultural surveys and censuses to produce land cover (LC) and land use (LU) statistics.",0.63,passage-match
332,How is geospatial data used to estimate holding area?,61,61,joined-passages,high,1,1.63,no,"It is possible to use a variety of proprietary and open-source GIS software to estimate the area of any parcel and of the holding itself, using any of the three approaches discussed above. The area calculation function embedded in the GIS software requires the user to define the geographic coordinate system used in the country and the area unit (e.g. ha). The accuracy of area estimation depends directly on the georeferencing approach used.","Estimating holding area using georeferenced data 5.65 It is possible to use a variety of proprietary and open-source GIS software to estimate the area of any parcel and of the holding itself, using any of the three approaches discussed above (see paragraph 5.64). The area calculation function embedded in the GIS software requires the user to define the geographic coordinate system used in the country and the area unit (e.g. ha). To compute the total area of the holding, the identification of the holding or holder must be linked to the corresponding plots or parcels belonging to the holding. 5.66 The accuracy of area estimation depends directly on the georeferencing approach used and the accuracy of the GPS device.",,
334,How many essential items are there in the WCA 2030?,64,64,passage-match,low,0.68,0.68,yes,"In the WCA 2030, there are a total of 123 items categorized as follows: 27 items are classified as essential (collected by complete enumeration), including those that serve for building frames for sample-based census supplementary modules and the continuous programme of surveys. 96 items are classified as additional (collected by sample enumeration). The WCA 2020 programme classified census items into three categories: essential items, frame items and additional items. In that programme, there were 23 essential items.","In the WCA 2030, there are a total of 123 items categorized as follows: • 27 items are classified as essential (collected by complete enumeration), including those that serve for building frames for sample-based census supplementary modules and the continuous programme of surveys. • 96 items are classified as additional (collected by sample enumeration).",,
335,What are the additional items in the WCA 2030?,65,65; 65,multi-passage,low,1,1.11,yes,"The remaining items are classified as additional and are preferably covered in surveys or in supplementary modules under the modular approach, or in the long questionnaire under the short–long questionnaire concept of the classical approach. In countries with integrated census and survey programmes, the agricultural census is used mainly to collect structural, slow-changing items, while surveys are used to collect fast-changing, non-structural additional items. The 96 items categorized as ""additional"" in the WCA 2030 are listed below under each theme.","The remaining items are classified as additional and are preferably covered in surveys or in supplementary modules under the modular approach, or in the long questionnaire under the short–long questionnaire concept of the classical approach. In countries with integrated census and survey programmes, the agricultural census is used mainly to collect structural, slow-changing items, while surveys are used to collect fast-changing, non-structural additional items.
 [...] 
6.10 The 96 items categorized as “additional” in the WCA 2030 are listed below under each theme, while their description is provided in Annex 4.",1,joined-passages
336,What is the difference between essential and additional items?,64,65,passage-match,low,0.61,0.61,yes,"There are 27 essential items. These represent the minimum data set that all countries should collect, regardless of the methodological approach used. The remaining items are classified as additional and are preferably covered in surveys or in supplementary modules under the modular approach, or in the long questionnaire under the short–long questionnaire concept of the classical approach.","The remaining items are classified as additional and are preferably covered in surveys or in supplementary modules under the modular approach, or in the long questionnaire under the short–long questionnaire concept of the classical approach.",,
337,What criteria determine whether an item should be included in the census?,66,66,joined-passages,high,1,1.2,no,"Is the item one of the WCA 2030's 27 essential items (e.g. holder sex, age and type, land use, crop areas and livestock numbers)? Is the item needed to build a frame for a census sample supplementary module or a follow-up survey? Is the item to be collected for national purposes to produce reliable small-area statistics, such as at the lowest geographical/administrative level (e.g. village) or for rare events? Does the item change quickly from year to year (e.g. quarterly/annually, such as crop and livestock production, agricultural prices, food consumption), and the reference period is <= six months?","COMMUNITY SURVEY ITEM CENSUS ITEM CENSUS ITEM CENSUS ITEM CENSUS ITEM Does the item change quickly from year to year (e.g. quarterly/annually, such as crop and livestock production, agricultural prices, food consumption), and the reference period is <= six months? Is the item one of the WCA 2030’s 27 essential items (e.g. holder sex, age and type, land use, crop areas and livestock numbers)? Is the item needed to build a frame for a census sample supplementary module or a follow-up survey (e.g. presence of manager/woodland, use of irrigation/organic practices)? Is the item to be collected for national purposes to produce reliable small-area statistics, such as at the lowest geographical/administrative level (e.g. village) or for rare events?",,
338,What are the 12 themes of the WCA 2030 and which have essential items?,70,71,passage-match,low,0.61,1.27,yes,THEME 7: SERVICES FOR AGRICULTURE — Additional items (see Theme 7 in Annex 4). THEME 8: DEMOGRAPHIC AND SOCIAL CHARACTERISTICS — Additional items (see Theme 8 in Annex 4). THEME 11: FORESTRY — Additional items (see Theme 11 in Annex 4). THEME 12: FISHING — Additional items (see Theme 12 in Annex 4).,"THEME 11: FORESTRY Additional items (see Theme 11 in Annex 4) 1101 Presence of woodland on the holding 1102 Area of woodland 1103 Purposes of woodland 1104+ Whether forestry activities are practised 1105 Whether agroforestry is practised For the modular approach, the reference group is holdings with woodland (additional Item 1101). THEME 12: FISHING Additional items (see Theme 12 in Annex 4)",,
339,Which themes have only additional items in the WCA 2030?,95,95,passage-match,high,1,0.95,no,THEME 7: SERVICES FOR AGRICULTURE — All items of this theme are classified as additional; see Annex 4. THEME 8: DEMOGRAPHIC AND SOCIAL CHARACTERISTICS — All items of this theme are classified as additional; see Annex 4.,THEME 7: SERVICES FOR AGRICULTURE All items of this theme are classified as additional; see Annex 4. THEME 8: DEMOGRAPHIC AND SOCIAL CHARACTERISTICS All items of this theme are classified as additional; see Annex 4.,1,passage-match
340,What are community-level items in the WCA 2030?,72,72,passage-match,high,1,1.07,no,"In addition to items collected at holding-level, the WCA 2030 also proposes items to be collected at community-level. These may be used to complement the data on holdings in the agricultural census. Community-level items are particularly relevant for decentralised planning, the design of targeted area development programmes and the assessment of infrastructure and services available to agricultural holdings.","6.16 In addition to items collected at holding-level, the WCA 2030 also proposes items to be collected at community-level (see Chapter 8). These may be used to complement the data on holdings in the agricultural census. Community-level items are particularly relevant for decentralised planning, the design of targeted area development programmes and the assessment of infrastructure and services available to agricultural holdings.",1,passage-match
342,What identification and location information is collected for agricultural holdings?,75,75; 75,multi-passage,low,0.79,1.68,yes,"Identification of the agricultural holding usually includes the holding name and administrative unit code, the holder's name, address and other contact information (telephone number, email address, etc.), and the location of the holding. Location is normally identified through a geographic coding system, based on the administrative structure of the country. Codes are provided for each administrative unit, such as province, district and/or village.","Reference period: census reference day 7.1.1 Identification of the agricultural holding usually includes the holding name and administrative unit code, the holder’s name, address and other contact information (telephone number, email address, etc.), and the location of the holding. The location of the holding may differ from the holder’s address, in which case both should be collected. 7.1.2 The location of the agricultural holding is needed to assign agricultural holdings to administrative units or agroecological zones,27 which are key classification items in the tabulation of agricultural census results.
 [...] 
7.1.4 Location is normally identified through a geographic coding system, based on the administrative structure of the country.",0.79,joined-passages
343,What is meant by the legal status of the agricultural holder?,76,76,joined-passages,high,1,1.86,no,"The sector to which the holding belongs may be classified as ""household sector"" or ""non-household sector"". Countries are encouraged to distinguish between these two sectors in the census tabulation. Household sector holdings are those operated by household members. Non-household sector holdings are those that do not belong to the household sector. Corporations and cooperatives are defined within the framework of national laws and practices.","7.1.7 The sector to which the holding belongs may be classified as “household sector” or “non-household sector”. Countries are encouraged to distinguish between these two sectors in the census tabulation. 7.1.8 Household sector holdings are those operated by household members. Usually there is only one holding in a household (a single-holding household), but there may also be two or more holdings in a household (a multiple-holding household). A holding may also consist of a partnership of two or more households. In many developing countries, most agricultural holdings are in the household sector. 7.1.9 Non-household sector holdings are those that do not belong to the household sector. Corporations and cooperatives are defined within the framework of national laws and practices.",,
344,Why is data on the sex of the agricultural holder collected?,76,76; 76,multi-passage,low,0.57,1.73,yes,Item 0104 is important for analysing the gender aspects of agricultural production. Data on the sex of the agricultural holder are collected only for holdings with a civil person as the holder. Disaggregation of data by sex is a fundamental requirement for gender statistics.,"Reference period: census reference day 7.1.11 Item 0104 is important for analysing the gender aspects of agricultural production and, in particular, for examining the role of women in managing agricultural holdings.
 [...] 
Item 0104 is also useful for analysing gender aspects of agricultural production management and may serve as the basis for a sampling frame for specialised gender surveys. 7.1.12 Data on the sex of the agricultural holder are collected only for holdings in the household sector.",0.57,joined-passages
345,What does main purpose of production mean for an agricultural holding?,78,77,joined-passages,high,1,1.88,no,"The aim of this item is to obtain a broad indicator of the extent to which agricultural holdings participate in the market economy. In cases where a holding sells part of its produce and uses the rest for own consumption, the main purpose should be identified as the one that represents the larger value of agricultural production, either own consumption or sale. Sale includes selling produce for cash or in exchange for other produce (barter).","Reference period: census reference year 7.1.20 The aim of this item is to obtain a broad indicator of the extent to which agricultural holdings participate in the market economy. Data on the purpose of production are usually collected for household-sector holdings, although some countries may also wish to collect this information for certain types of non-household holdings (e.g. schools, religious institutions). The most appropriate reference period is the census reference year, although in countries with several harvesting seasons during the year, alternative reference periods may also be suitable. 7.1.21 In cases where a holding sells part of its produce and uses the rest for own consumption, the main purpose should be identified as the one that represents the larger value of agricultural production, either own consumption or sale. Sale includes selling produce for cash or in exchange for other produce (barter).",,
347,What is the FAO land use classification used in the agricultural census?,80,81,passage-match,low,0.8,1.11,yes,"The internationally accepted standard for land use is the FAO land use classification. The FAO land use classes are designed to cover the whole territory of a country. For the purposes of the agricultural census, it is recommended that nine basic land use classes be identified.","7.2.12 The FAO land use classes are designed to cover the whole territory of a country. Therefore, not all of its classes are directly relevant for describing the area of an agricultural holding. For the purposes of the agricultural census, it is recommended that nine basic land use classes be identified:",,
348,What are the nine land use classes in the WCA 2030?,81,81,furniture-removed,high,1,1,no,"For the purposes of the agricultural census, it is recommended that nine basic land use classes be identified: Land under temporary crops; Land under temporary meadows and pastures; Land temporarily fallow; Land under permanent crops; Land under permanent meadows and pastures; Land under farm buildings and farmyards; Forest and other wooded land; Area used for aquaculture (including inland and coastal waters if part of the holding); Other area not elsewhere classified.","For the purposes of the agricultural census, it is recommended that nine basic land use classes be identified: • Land under temporary crops; • Land under temporary meadows and pastures; • Land temporarily fallow; • Land under permanent crops; • Land under permanent meadows and pastures; • Land under farm buildings and farmyards; • Forest and other wooded land; • Area used for aquaculture (including inland and coastal waters if part of the holding); • Other area not elsewhere classified.",,
349,What is the difference between land use and land cover?,80,80,passage-match,low,0.4,0.94,yes,"The internationally accepted standard for land use is the FAO land use classification. Land use should be distinguished from ""land cover"", which describes the physical characteristics of the surface of the land. The two are related but distinct; land use is what matters for the agricultural census.","The FAO land use classes also cover areas not in use, to provide a complete accounting of the land within a country. 7.2.11 Land use should be distinguished from “land cover”, which describes the physical characteristics of the land, such as grassland or forest.",,
350,What is land under temporary crops?,82,82,passage-match,high,1,1.13,no,"Land under temporary crops includes all land used for crops with a less than one-year growing cycle which must be newly sown or planted for further production after the harvest. Some crops that remain in the field for more than one year may also be considered temporary crops, e.g. asparagus and sugar cane. Multiple/successive cropped areas are counted only once.","7.2.18 Land under temporary crops includes all land used for crops with a less than one-year growing cycle which must be newly sown or planted for further production after the harvest. Some crops that remain in the field for more than one year may also be considered temporary crops, e.g. asparagus and sugar cane (see ISIC Group 011 in Annex 2). Multiple/successive cropped areas are counted only once.",,
351,What is land temporarily fallow?,82,82; 82,multi-passage,low,0.64,1.57,yes,Land temporarily fallow refers to land that is not seeded for one or more growing seasons but is expected to be returned to cultivation. Land left fallow for too long may acquire characteristics that require it to be reclassified under another land use category.,"7.2.22 Land temporarily fallow refers to land that is not seeded for one or more growing seasons, usually for a period of less than five years.
 [...] 
7.2.24 Land left fallow for too long may acquire characteristics that require it to be reclassified, for example as “permanent meadows and pastures” if used for grazing, “forest and other wooded land” if overgrown with trees, or “other land” if it becomes wasteland.",0.64,joined-passages
352,What is land under permanent crops?,82,82; 83,multi-passage,low,0.92,1.84,yes,"Land under permanent crops refers to land cultivated with long-term crops that do not need to be replanted for several years after each harvest. The ICC is provided in Annex 6, with the specification of permanent crops.","7.2.25 Land under permanent crops refers to land cultivated with long-term crops that do not need to be replanted for several years, land with trees and shrubs producing flowers (such as roses and jasmine), and nurseries (except forest tree nurseries, which should be classified as “forest and other wooded land”).
 [...] 
7.2.26 The ICC is provided in Annex 6, with the specification of permanent crops (see also paragraph 7.2.19).",0.92,joined-passages
354,What is land tenure and what types are recognised in the WCA 2030?,85,85,passage-match,high,1,1.21,no,"Item 0204 refers to the breakdown of the total area of the holding according to specific land tenure types. A holding may have one or more tenure types corresponding to each land parcel. Land tenure refers to the arrangements or rights under which the holder operates the land making up the holding. A distinction is made between legal and non-legal ownership, as this is a key element of tenure security.","Reference period: census reference day 7.2.38 Item 0204 refers to the breakdown of the total area of the holding according to specific land tenure types. A holding may have one or more tenure types corresponding to each land parcel (for the definition of a parcel, see paragraph 4.19). Land tenure refers to the arrangements or rights under which the holder operates the land making up the holding. A distinction is made between legal and non-legal ownership, as this is a key element of tenure security.",,
355,What is the definition of irrigation in the WCA 2030?,86,86; 86; 86,multi-passage,low,0.89,1.96,yes,"Irrigation refers to the intentional supply of water to land, as opposed to the supply by natural precipitation. Irrigation includes any process by which water is transported from a source (rivers, streams, wells or ponds) using equipment such as pumps or manual methods such as buckets.","THEME 3: IRRIGATION 7.3.1 Irrigation refers to the intentional supply of water to land, as opposed to rainfall, to improve pastures or crop production.
 [...] 
7.3.2 Irrigation includes any process by which water is transported from a source and applied to agricultural crops.
 [...] 
It may be provided through a major irrigation scheme serving many farmers across a large area, a local scheme serving a small community, or through individual arrangements whereby farmers obtain water from rivers, streams, wells or ponds using equipment such as pumps or manual methods such as buckets.",0.89,joined-passages
357,Which irrigation item is essential and which are additional?,68,68,passage-match,high,1,1.5,no,Essential items: For the holdings — 0302 Area of land actually irrigated: fully controlled and partially controlled irrigation. Additional items (see Theme 3 in Annex 4): 0301 Use of irrigation on the holding: fully and partially controlled irrigation; 0303 Area of land actually irrigated according to land use type; 0304 Area of land actually irrigated according to method of irrigation; 0305 Area of crops actually irrigated for each crop type; 0306 Sources of irrigation water; 0307 Payment terms for irrigation water; 0308 Use of other types of irrigation; 0309 Area equipped for irrigation in working order; 0310 Presence of drainage equipment.,Essential items For the holdings 0302 Area of land actually irrigated: fully controlled and partially controlled irrigation (paragraphs 7.3.5–7.3.6) Additional items (see Theme 3 in Annex 4) 0301 Use of irrigation on the holding: fully and partially controlled irrigation 0303 Area of land actually irrigated according to land use type: fully controlled and partially controlled irrigation 0304 Area of land actually irrigated according to method of irrigation: fully controlled irrigation 0305 Area of crops actually irrigated for each crop type: fully controlled irrigation 0306 Sources of irrigation water: fully controlled irrigation 0307 Payment terms for irrigation water: fully and partially controlled irrigation 0308 Use of other types of irrigation: partially controlled irrigation 0309 Area equipped for irrigation in working order: fully and partially controlled irrigation 0310 Presence of drainage equipment THEME 4: CROPS Essential items Temporary crops 0402+ Area of temporary crops planted (for each temporary crop type) (paragraphs 7.4.1–7.4.3.),,
359,How are intercropped and mixed crops measured in the agricultural census?,89,88,passage-match,high,0.96,1.08,no,"For intercropping, the plot or field is assigned to each crop in proportion to the area it occupies, and the sum of the individual crop areas must equal the total area of the plot or field. The same applies to mixed crops, where more than one crop, often several, is grown unsystematically in a plot or field. In such cases, it is more difficult to calculate the areas and some estimation is required.","In such cases, the area of the inter-planted plot or field is assigned to each crop in proportion to the area it occupies, and the sum of the individual crop areas must equal the total area of the plot or field. 7.4.11 The same applies to mixed crops, where more than one crop, often several, is grown unsystematically in a plot or field. In such cases, it is more difficult to calculate the areas and some estimation is required.",,
361,What fertilizing products are covered in the WCA 2030?,90,90; 90,multi-passage,low,0.33,0.74,yes,"For the purposes of the agricultural census, fertilizers are mineral or organic substances applied to soils or plants to provide nutrients and improve plant growth. Mineral fertilizers are nutrient-rich products prepared from inorganic materials. Organic fertilizers are carbon-rich products prepared from processed plant or animal materials. Biofertilizers are products containing living or dormant micro-organisms. Animal manure is material from livestock production operations used for fertilization purposes.","7.4.23 For the purposes of the agricultural census, fertilizers are mineral or organic substances, natural or manufactured, applied to soil, irrigation water or a hydroponic medium to supply plants with nutrients or to enhance plant growth.
 [...] 
7.4.24 Mineral fertilizers are nutrient-rich products prepared from inorganic materials through industrial processes.",0.33,joined-passages
362,What is included in the definition of livestock for the agricultural census?,93,93,passage-match,high,1,1.08,no,"The number of animals refers to the animal population on the holding at a specific point in time, usually the census reference day. The animal population is the number of animals being raised by the holding on the reference date, regardless of ownership. Species include cattle, buffaloes, horses and other equine animals, camels, sheep, goats and pigs, as well as avian species (poultry), bees (counted by number of colonies), silkworms and others (see Annex 8).","7.5.5 The number of animals refers to the animal population on the holding at a specific point in time, usually the census reference day. The animal population is the number of animals being raised by the holding on the reference date, regardless of ownership. As mentioned in paragraph 7.5.1, species include cattle, buffaloes, horses and other equine animals, camels, sheep, goats and pigs, as well as avian species (poultry), bees (counted by number of colonies), silkworms and others (see Annex 8).",,
363,What is a livestock production system in the WCA 2030?,92,92,passage-match,high,0.93,1.04,no,"The livestock production system (LPS) refers to the general characteristics and practices of raising livestock on the holding. There are large variations in the scale and intensity of livestock production systems and it is difficult for a classification system to capture all of this diversity. For the purpose of the agricultural census the following livestock systems are identified: 1. Integrated crop-livestock production systems or ""mixed"" LPS; 2. Specialized livestock production systems.","Reference period: census reference day 7.5.3 The livestock production system (LPS) refers to the general characteristics and practices of raising livestock on the holding. There are large variations in the scale and intensity of livestock production systems (FAO, 2009) and it is difficult for a classification system to capture all of this diversity. For the purpose of the agricultural census the following livestock systems are identified: 1. Integrated crop-livestock production systems or “mixed” LPS",,
364,What is the difference between number of animals and number of female breeding animals?,93,93,passage-match,low,0.64,0.66,yes,"The number of animals refers to the animal population on the holding at a specific point in time, usually the census reference day. The animal population is the number of animals being raised by the holding on the reference date, regardless of ownership. Number of female breeding animals (Item 0503): breeding animals refers to the number of female animals that are kept for the production of offspring.","7.5.5 The number of animals refers to the animal population on the holding at a specific point in time, usually the census reference day. The animal population is the number of animals being raised by the holding on the reference date, regardless of ownership.",,
365,What types of pesticides are covered in the WCA 2030?,94,94,joined-passages,high,1,1.86,no,"Pesticides refer to any substance, or mixture of substances of chemical, biological or genetic (synthetic) ingredients intended for repelling, destroying or controlling any pest, or regulating plant growth. Insecticides are substances used to kill or repel insects. Herbicides are substances used to destroy or inhibit the growth of plants, such as weeds. Fungicides are substances that destroy or inhibit the growth of fungi. Rodenticides are substances that kill, repel or control rodents.","7.6.2 Pesticides refer to any substance, or mixture of substances of chemical, biological or genetic (synthetic) ingredients intended for repelling, destroying or controlling any pest, or regulating plant growth (FAO and WHO, 2014). These can be categorized as shown above. 7.6.3 Insecticides are substances used to kill or repel insects. Herbicides are substances used to destroy or inhibit the growth of plants, such as weeds. Fungicides are substances that destroy or inhibit the growth of fungi. Plant growth regulators are natural or synthetic substances used to control or modify plant growth processes without reducing nutritive value or causing severe phytotoxicity. They are applied to modify plant growth, for example to increase branching, suppress shoot growth, increase return bloom, remove excess fruit or alter fruit maturity. Rodenticides are substances that kill, repel or control rodents.",,
366,What machinery and equipment items are essential in the agricultural census?,94,94,passage-match,high,1,1.51,no,"This item identifies machinery and equipment used on the holding, wholly or partly for agricultural production. Machinery and equipment used exclusively for purposes other than agricultural production should be excluded. A broad concept of machinery and equipment is used for the agricultural census, covering all machinery, equipment and implements used as inputs to agricultural production. This ranges from simple hand tools, such as a hoe, to complex machinery, such as a combine harvester.","0604 Selected machinery and equipment used on the holding by source (for the holding) Essential item. Reference period: census reference year 7.6.4 This item identifies machinery and equipment used on the holding, wholly or partly for agricultural production. Machinery and equipment used exclusively for purposes other than agricultural production should be excluded. Machinery or equipment owned by the holder but not used should also be excluded. 7.6.5 A broad concept of machinery and equipment is used for the agricultural census, covering all machinery, equipment and implements used as inputs to agricultural production. This ranges from simple hand tools, such as a hoe, to complex machinery, such as a combine harvester.",,
367,What items are included under Theme 7 (Services for Agriculture) in the WCA 2030?,70,70,passage-match,high,1,1.64,no,THEME 7: SERVICES FOR AGRICULTURE — Additional items (see Theme 7 in Annex 4) For the holdings: 0701 Receipt of credit for agricultural purposes; 0702 Source of credit; 0703 Type of collateral for credit; 0704 Period of loan or credit; 0705 Sources of agricultural information; 0706 Sources of agricultural extension services used; 0707 Travelling time to nearest periodic or permanent agricultural produce market for selling products; 0708+ Type of insurance coverage.,THEME 7: SERVICES FOR AGRICULTURE Additional items (see Theme 7 in Annex 4) For the holdings 0701 Receipt of credit for agricultural purposes 0702 Source of credit 0703 Type of collateral for credit 0704 Period of loan or credit 0705 Sources of agricultural information 0706 Sources of agricultural extension services used 0707 Travelling time to nearest periodic or permanent agricultural produce market for selling products 0708+ Type of insurance coverage THEME 8: DEMOGRAPHIC AND SOCIAL CHARACTERISTICS Additional items (see Theme 8 in Annex 4) For each household member 0801 Sex 0802 Age 0803 Relationship to household head or other reference person 0804 Marital status 0805 Educational attainment for each household member excluding holder and spouse.,,
368,What items are included under Theme 8 (Demographic and Social Characteristics)?,70,70,passage-match,high,1,1.27,no,THEME 8: DEMOGRAPHIC AND SOCIAL CHARACTERISTICS — Additional items (see Theme 8 in Annex 4) For each household member: 0801 Sex; 0802 Age; 0803 Relationship to household head or other reference person; 0804 Marital status; 0805 Educational attainment for each household member excluding holder and spouse.,THEME 8: DEMOGRAPHIC AND SOCIAL CHARACTERISTICS Additional items (see Theme 8 in Annex 4) For each household member 0801 Sex 0802 Age 0803 Relationship to household head or other reference person 0804 Marital status 0805 Educational attainment for each household member excluding holder and spouse. THEME 9: WORK ON THE HOLDING Essential items For each household member,,
369,Are there essential items in Theme 7 or Theme 8?,95,95,passage-match,high,1,0.95,no,THEME 7: SERVICES FOR AGRICULTURE — All items of this theme are classified as additional; see Annex 4. THEME 8: DEMOGRAPHIC AND SOCIAL CHARACTERISTICS — All items of this theme are classified as additional; see Annex 4.,THEME 7: SERVICES FOR AGRICULTURE All items of this theme are classified as additional; see Annex 4. THEME 8: DEMOGRAPHIC AND SOCIAL CHARACTERISTICS All items of this theme are classified as additional; see Annex 4.,1,passage-match
370,What types of work on the holding are covered in Theme 9?,95,95,passage-match,low,0.71,1.15,yes,"This theme covers items related to the two types of labour inputs on agricultural holdings: (i) work provided by household or family members, and (ii) work provided by external workers: paid employees and contractors. It does not include domestic and personal services provided for the household's own consumption.","THEME 9: WORK ON THE HOLDING Reference concepts of work and forms of work in labour statistics 7.9.1 This theme covers items related to the two types of labour inputs on agricultural holdings: (i) work provided by household or family members, and (ii) work provided by external workers: paid employees and contractors (see Figure 7.2).",,
371,Who is considered an employee on the holding?,98,98,joined-passages,high,1,1.47,no,"An employee on the holding is a person who had a job on the holding at some time during the reference year, whose status in employment for that job was ""employee"". This includes regular employees as well as seasonal, short-term and casual workers. Employees are usually paid in cash or in the form of food or other farm produce. Household members are excluded from Item 0903 because their work inputs to the holding are covered under Item 0902.","7.9.16 An employee on the holding is a person who had a job on the holding at some time during the reference year, whose status in employment for that job was “employee” (see Annex 10). This includes regular employees as well as seasonal, short-term and casual workers. Employees are usually paid in cash or in the form of food or other farm produce, but other remuneration arrangements may also exist. Exchange of labour should be treated as a form of paid employment. Persons employed by the household but not working on the agricultural holding are excluded. Household members are excluded from Item 0903 because their work inputs to the holding are covered under Item 0902.",,
373,What is an agricultural service contractor?,98,98,passage-match,low,0.6,0.61,yes,"A distinction is made between hiring an employee to work on the holding for a defined remuneration and engaging a contractor to provide certain agricultural services for an agreed fee. Item 0903 covers only employees. Contract work is covered in Item 0905. Countries may wish to differentiate contractors according to the type of service provided by them, such as crop protection, tree pruning, crop harvesting, sheep shearing or farm administration.",7.9.17 A distinction is made between hiring an employee to work on the holding for a defined remuneration and engaging a contractor to provide certain agricultural services for an agreed fee. Item 0903 covers only employees. Contract work is covered in Item 0905.,,
374,What is aquaculture as defined in the WCA 2030?,99,84,passage-match,low,0.92,2.18,yes,"Aquaculture is the farming of aquatic organisms such as fish, molluscs, crustaceans, plants, crocodiles, alligators and amphibians. Farming implies some form of intervention in the rearing process to enhance production, such as regular stocking, feeding, protection from predators, etc.","Aquaculture refers to farming of aquatic organisms such as fish, molluscs, crustaceans, plants, crocodiles, alligators and amphibians (see paragraph 7.10.3). Farming implies some form of intervention in the rearing process to enhance production, such as regular stocking, feeding, protection from predators, etc. 7.2.35 According to national circumstances, countries may wish to further subdivide this class into three subclasses in line with the FAO Land Use Classification (see Annex 5), specifically “land used for aquaculture”, “inland waters used for aquaculture” and “coastal waters used for aquaculture”.",,
375,How is aquaculture distinguished from capture fishing in the WCA 2030?,99,84,passage-match,low,0.58,1.37,yes,"Aquaculture is the farming of aquatic organisms such as fish, molluscs, crustaceans, plants, crocodiles, alligators and amphibians. Farming implies some form of intervention in the rearing process to enhance production, such as regular stocking, feeding, protection from predators, etc. A distinction must be made between aquaculture and other forms of aquatic harvesting. The boundary between aquaculture and capture fishing may be blurred.","Aquaculture refers to farming of aquatic organisms such as fish, molluscs, crustaceans, plants, crocodiles, alligators and amphibians (see paragraph 7.10.3). Farming implies some form of intervention in the rearing process to enhance production, such as regular stocking, feeding, protection from predators, etc. 7.2.35 According to national circumstances, countries may wish to further subdivide this class into three subclasses in line with the FAO Land Use Classification (see Annex 5), specifically “land used for aquaculture”, “inland waters used for aquaculture” and “coastal waters used for aquaculture”.",,
376,What is the essential item for aquaculture in the WCA 2030?,99,99,joined-passages,high,0.96,1.56,no,"1001 Presence of aquaculture on the holding — Essential item. Reference period: census reference year. In the context of the agricultural census, presence of aquaculture refers to aquacultural production activities carried out in association with agricultural production. This item could be used to establish sampling frames for aquaculture-related census supplementary modules and ongoing surveys on aquaculture.","1001 Presence of aquaculture on the holding Essential item. Reference period: census reference year 7.10.2 In the context of the agricultural census, presence of aquaculture refers to aquacultural production activities carried out in association with agricultural production. This means that the aquacultural activities are integrated with agricultural production, such as in rice-cum-fish culture, or that aquaculture and agriculture share the same inputs, such as machinery and labour. This item could be used to establish sampling frames for aquaculture-related census supplementary modules and ongoing surveys on aquaculture.",,
377,Are forestry and fishing items essential or additional in the WCA 2030?,71,71,passage-match,high,1,1.73,no,THEME 11: FORESTRY — Additional items (see Theme 11 in Annex 4): 1101 Presence of woodland on the holding; 1102 Area of woodland; 1103 Purposes of woodland; 1104+ Whether forestry activities are practised; 1105 Whether agroforestry is practised. THEME 12: FISHING — Additional items (see Theme 12 in Annex 4): 1201 Engagement of household members in fishing activities; 1202 Number of household members engaged in fishing activity by sex; 1203 Number of fishers employed by the household by sex.,"THEME 11: FORESTRY Additional items (see Theme 11 in Annex 4) 1101 Presence of woodland on the holding 1102 Area of woodland 1103 Purposes of woodland 1104+ Whether forestry activities are practised 1105 Whether agroforestry is practised For the modular approach, the reference group is holdings with woodland (additional Item 1101). THEME 12: FISHING Additional items (see Theme 12 in Annex 4) 1201 Engagement of household members in fishing activities 1202 Number of household members engaged in fishing activity by sex 1203 Number of fishers employed by the household by sex 1204 Access arrangements for fishing 1205 Main purpose of household fishing activity 1206 Type of fishing vessel used by source 1207 Type of fishing gear used For the modular approach, the reference group is households with fishing activities in additional Item 1201.",,
378,What is community-level data in the agricultural census?,100,100; 100,multi-passage,low,1,1.59,yes,"The collection of community-level data was first introduced in the WCA 2010 programme and is maintained in the current programme. The main focus of an agricultural census is structural data collected at the holding-level. However, some types of community-level data are of interest for policymaking, particularly for planning targeted development programmes.","CHAPTER 8 COMMUNITY-LEVEL DATA The collection of community-level data was first introduced in the WCA 2010 programme and is maintained in the current programme. This chapter outlines the purpose of collecting community-level data, identifies items suitable for inclusion in the community survey, and discusses related methodological issues. INTRODUCTION 8.1 The main focus of an agricultural census is structural data collected at the holding-level.
 [...] 
8.2 However, some types of community-level data are of interest for policymaking, particularly for planning targeted development programmes.",1,joined-passages
379,Why is community-level data collected in the agricultural census?,100,100,furniture-removed,high,1,1.03,no,"Some types of community-level data are of interest for policymaking, particularly for planning targeted development programmes. For example, data on the infrastructure and services available to holdings are useful for designing policies aimed at improving rural infrastructure and services, while data on whether the community is prone to natural disasters or subject to seasonal food shortages can inform food security analysis.","8.2 However, some types of community-level data are of interest for policymaking, particularly for planning targeted development programmes. For example, data on the infrastructure and services available to holdings are useful for designing policies aimed at improving rural infrastructure and services, while data on whether the community is prone to natural disasters or subject to seasonal food shortages can inform food security analysis.",,
380,How is a community defined as a statistical unit for the agricultural census?,101,101,passage-match,high,1,1.25,no,"A community can be defined as a self-contained unit of social and economic activities. Population and housing censuses use the similar concept of locality, which is ""a distinct population cluster (also designated as inhabited place, populated centre, settlement and so forth) in which the inhabitants live in neighbouring or contiguous sets of living quarters and that has a name or a locally recognized status"". Under these definitions, the community or locality may not be the same as the lowest administrative unit.","METHODOLOGICAL CONSIDERATIONS Defining a community as a statistical unit for community-level data collection 8.8 A community can be defined as a self-contained unit of social and economic activities (FAO 1983). Population and housing censuses use the similar concept of locality, which is “a distinct population cluster (also designated as inhabited place, populated centre, settlement and so forth) in which the inhabitants live in neighbouring or contiguous sets of living quarters and that has a name or a locally recognized status” (UN, 2025, paragraphs 5.93–5.96). Under these definitions, the community or locality may not be the same as the lowest administrative unit.",,
381,What categories of community-level items are recommended in the WCA 2030?,72,72; 72,multi-passage,low,0.8,1.13,yes,"The WCA 2030 recommends the following items: Geography — 2101 Location; 2102 Agroecological, climatic, topographical or soil types; 2103 Land use; 2104 Area of communal grazing land; 2105 Area of communal forest; 2106 Communal area under water used for aquaculture. Socioeconomic conditions — 2201 Population according to population group; 2202 Number of households; 2203 Economic status; 2204 Main economic activities; 2205 Whether there are seasonal food shortages. Community infrastructure and services (Items 2301–2319). Development programmes — 2401 Presence of specific development projects.","The WCA 2030 recommends the following items: Geography 2101 Location (paragraph 8.20) 2102 Agroecological, climatic, topographical or soil types (paragraph 8.21) 2103 Land use (paragraph 8.22) 2104 Area of communal grazing land (paragraphs 8.23–8.24) 2105 Area of communal forest (paragraphs 8.23–8.24) 2106 Communal area under water used for aquaculture
 [...] 
Socioeconomic conditions 2201 Population according to population group (paragraph 8.27) 2202 Number of households (paragraph 8.27) 2203 Economic status (if applicable) (paragraph 8.28) 2204 Main economic activities (paragraph 8.29) 2205 Whether there are seasonal food shortages (if applicable) (paragraph 8.30) Community infrastructure and services",0.8,joined-passages
382,What are the main classification variables used for tabulations in the WCA 2030?,125,111; 111; 111,multi-passage,low,0.58,1.1,yes,9.12 Nine main classification variables have been identified for tabulations of the essential items in the census reports. These variables are discussed in the following paragraphs. 9.13 Administrative unit or agroecological zone (from Item 0101). 9.14 Legal status of agricultural holder (type of holder) (Item 0103). 9.15 Total area of holding (Item 0201). 9.17 Number of livestock (for a particular livestock species) (Items 0502a–0502f). 9.18 Main purpose of production of the holding (Item 0110). 9.19 Household size by sex and age groups (Item 0106). 9.20 Sex of agricultural holder (Item 0104).,"9.12 Nine main classification variables have been identified for tabulations of the essential items in the census reports. These variables are discussed in the following paragraphs. Table 9.1 refers to the essential items. Countries may, however, introduce finer classifications, provided they remain consistent with the classes listed here. 9.13 Administrative unit or agroecological zone (from Item 0101).
 [...] 
The location of the holding defines the administrative unit or agroecological zone. Basic cross-tabulations typically present the collected variables by administrative unit or agroecological zone. 9.14 Legal status of agricultural holder (type of holder) (Item 0103).
 [...] 
9.15 Total area of holding (Item 0201).",0.58,joined-passages
383,What is data disclosure control and why is it needed in census tabulations?,129,115,passage-match,low,0.27,0.57,yes,"Data collected during the agricultural census must be tabulated and disseminated in a manner that protects the privacy and confidentiality of respondents. To prevent disclosure of confidential information, countries should apply appropriate disclosure avoidance procedures to census data prior to release. Given that all data items collected in the census should be tabulated in at least one basic table, the issue of disclosure applies to every item.","9.31 Given that all data items collected in the census should be tabulated in at least one basic table by administrative region or agroecological zone, the number of additional cross-tabulations for the main census report will be limited.",,
384,What are the recommended modes of disseminating agricultural census results?,120,120,passage-match,low,0.31,0.32,yes,"A census is not complete until the information collected is made available to potential users in a form suited to their needs. Common dissemination products are a final report on the main results and a summary report of key findings. Value added products can also be provided, such as census maps, preferably in digital form. The use of electronic formats also facilitates further analysis by users and is therefore recommended wherever possible.",10.6 A census is not complete until the information collected is made available to potential users in a form suited to their needs.,0.31,passage-match
385,What is safe access to census microdata?,122,121; 122,multi-passage,low,1,1.39,yes,"Providing access to microdata requires balancing the demands of the research community with the legislated obligation to maintain the confidentiality of information collected from respondents. To ensure safe access to microdata, both respondents' privacy and data producers' confidentiality requirements must be respected. Different methods of access to microdata are possible, offering different tradeoffs between the level of detail released and the protection of confidentiality.","34 FAOSTAT domain on Structural data from agricultural censuses is available at: https://www.fao.org/faostat/en/#data/WCAD 10.16 Providing access to microdata requires balancing the demands of the research community with the legislated obligation to maintain the confidentiality of information collected from respondents. To ensure safe access to microdata, both respondents’ privacy and data producers’ confidentiality requirements must be respected.
 [...] 
This publication provides relevant references about Statistical Disclosure Control (SDC).35 10.18 Different methods of access to microdata are possible, offering different tradeoffs between the level of detail released and the protection of confidentiality.",1,joined-passages
386,What causes data conflicts between census results and current agricultural statistics?,123,123; 124,multi-passage,low,0.75,1.09,yes,"Conflicts and discrepancies between census data and current agricultural statistics can be due to differences in concepts, definitions, classifications, coverage and reference periods. Before applying any reconciliation method, it is important to decide whether the census data should have priority over data from other sources (the usual case because the census is undertaken without sampling error).","10.26 Conflicts and discrepancies between census data and current agricultural statistics can be due to different causes, which should be adequately identified before any intent of data reconciliation.
 [...] 
Before applying any reconciliation method, it is important to decide whether the census data should have priority over data from other sources (the usual case because the census is undertaken without sampling error).",0.75,joined-passages
387,What is data archiving in the context of an agricultural census?,124,124,passage-match,low,0.25,0.31,yes,"Data archiving is a means of ensuring long-term preservation of data and assists users in understanding what data are available, how they can be accessed, and how they should be interpreted and used. Data archiving involves explicitly identifying the census data to be preserved, safe storage of the data, and appropriate documentation to ensure the data can be understood and used in the future.",10.29 Data archiving is a means of ensuring long-term preservation of data and assists users in understanding and interpreting data.,0.25,passage-match
388,How does the agricultural holding relate to the System of National Accounts?,127,128,passage-match,low,0.44,0.6,yes,"An establishment is an enterprise or part of an enterprise situated in a single location and primarily engaged in a single type of production activity. An agricultural holding is an economic unit of agricultural production under single management. If the principal economic production activity of the agricultural holding is agricultural production, the holding corresponds to an agricultural establishment under the SNA/ISIC framework.","An agricultural holding is an economic unit of agricultural production under single management. If the principal economic production activity of the agricultural holding is agricultural production, the agricultural holding is considered an establishment in the agricultural industry.",,
389,What ISIC categories are covered by the agricultural census scope?,130,130,passage-match,low,0.69,0.83,yes,ISIC Group 011: Growing of non-perennial crops — This group comprises the activity of growing non-perennial crops – i.e. plants that do not last more than two growing seasons. ISIC Group 012: Growing of perennial crops — This group includes the growing of perennial crops – i.e. plants that last for more than two growing seasons.,ANNEX 2 INTERNATIONAL STANDARD INDUSTRIAL CLASSIFICATION OF ALL ECONOMIC ACTIVITIES (ISIC):36 SCOPE OF THE AGRICULTURAL CENSUS ISIC Group 011: Growing of non-perennial crops This group comprises the activity of growing non-perennial crops – i.e. plants that do not last more than two growing seasons.,,
390,What ISIC categories cover aquaculture?,133,133,joined-passages,high,1,1.74,no,"ISIC Group 032: Aquaculture — This group includes aquaculture (or aquafarming) – i.e. the production process involving the culturing or farming (including harvesting) of aquatic organisms (fish, molluscs, crustaceans, plants, crocodiles, alligators and amphibians) using techniques designed to increase the production of the organisms in question beyond the natural capacity of the environment. It consists of the following ISIC classes: ISIC Class 0321: Marine aquaculture; ISIC Class 0322: Freshwater aquaculture.","ISIC Group 032: Aquaculture This group includes aquaculture (or aquafarming) – i.e. the production process involving the culturing or farming (including harvesting) of aquatic organisms (fish, molluscs, crustaceans, plants, crocodiles, alligators and amphibians) using techniques designed to increase the production of the organisms in question beyond the natural capacity of the environment (for example, regular stocking, feeding and protection from predators). Culturing/farming refers to rearing the above organisms to their juvenile and/or adult phase under captive conditions. In addition, aquaculture also encompasses individual, corporate or state ownership of the individual organisms throughout the rearing or culture stage, up to and including harvesting. It consists of the following ISIC classes: • ISIC Class 0321: Marine aquaculture • ISIC Class 0322: Freshwater aquaculture",,
391,Which SDG indicators can be partially monitored through agricultural censuses?,198,198,passage-match,low,0.69,1.11,yes,"In the absence of periodic household surveys, a sample-based module in the agricultural census may provide partial data or coverage for Indicators 5.a.1, 2.3.1, and 2.3.2. Indicator 5.a.1: (a) Proportion of total agricultural population with ownership or secure rights over agricultural land, by sex; and (b) share of women among owners or rights-bearers of agricultural land, by type of tenure. Indicator 2.3.1: Volume of production per labour unit by classes of farming/pastoral/forestry enterprise size. Indicator 2.3.2: Average income of small-scale food producers, by sex and Indigenous status.","In the absence of periodic household surveys, a sample-based module in the agricultural census may provide partial data or coverage for Indicators 5.a.1, 2.3.1, and 2.3.2. Below is the list of the WCA 2030 items related to each of the SDG indicators mentioned above. Indicator 5.a.1: (a) Proportion of total agricultural population with ownership or secure rights over agricultural land, by sex; and (b) share of women among owners or rights-bearers of agricultural land, by type of tenure This indicator is part of SDG 5, which aims to achieve gender equality and empower all women and girls.",,
392,What ILO frameworks underpin the work-on-the-holding items in the WCA 2030?,193,192,passage-match,low,0.75,1.04,yes,"The Resolution concerning statistics of work, employment and labour underutilization (ILO, 2013) adopted by the 19th International Conference of Labour Statisticians (ICLS) in 2013 and amended by the 21st ICLS in 2023 defines the basic concept of work as comprising ""any activity performed by persons of any sex and age to produce goods or to provide services for use by others or for own-use"". Data collection on work on the holding in the agricultural census should be in line with recommendations provided in this Resolution.","CLASSIFICATION OF MACHINERY AND EQUIPMENT (Continued) ANNEX 10 OVERVIEW OF ILO RESOLUTIONS CONCERNING STATISTICS OF WORK The Resolution concerning statistics of work, employment and labour underutilization (ILO, 2013) adopted by the 19th International Conference of Labour Statisticians (ICLS) in 2013 and amended by the 21st ICLS in 2023 (ILO, 2023a) (below referred to as the Resolution) defines the basic concept of work as comprising “any activity performed by persons of any sex and age to produce goods or to provide services for use by others or for own-use”.",,
393,How do the WCA 2030 land use classes correspond to SEEA and FAO land use classifications?,80,81,passage-match,low,0.7,1.05,yes,The internationally accepted standard for land use is the FAO land use classification. The relationship between the basic land use classes recommended by the WCA 2030 and the relevant categories or classes of the SEEA land use classification is provided in Annex 5.,Figure 1 shows the basic and aggregate land use classes recommended by the WCA 2030. The relationship between the basic land use classes recommended by the WCA 2030 and the relevant categories or classes of the SEEA land use classification is provided in Annex 5.,,
394,What is the recommended age reference for the agricultural holder?,76,136,passage-match,low,0.53,1.02,yes,"The age of the holder is important for studying the relationship between age and farm size, agricultural practices, and rural development. Age refers to the interval between the date of birth and the date of the census reference day. Countries should tabulate data by age groups that are consistent with national conventions and international standards.","The age of the manager is important for studying the relationship between age and the characteristics of agricultural holdings and, to compare the agricultural practices used by young and old managers. Age refers to the interval between the date of birth and the date of the census, expressed in completed solar years (UN, 2025, paragraph 5.169).",,
395,What other economic activities of the household are collected in Theme 1?,78,78,joined-passages,high,0.99,1.81,no,"Other economic activities are those undertaken by the household, linked to the agricultural holding or not. These may include fishing, collecting forestry products, craft activities or operating a family business. The activity categories listed above are based on ISIC (Rev. 5) codes, with the exception of agrotourism. Agrotourism refers to all tourism-related activities that make use of the land, buildings or other resources of the holding, including accommodation services, farm visits for tourists or other groups, and sport or recreation activities.","7.1.25 Other economic activities are those undertaken by the household, linked to the premises of the agricultural holding or in its close vicinity, but not involving agricultural production on the holding. These may include fishing, collecting forestry products, craft activities or operating a family business. They do not include paid employment, whether agricultural or non-agricultural, on the holding itself or in a business not associated with the holding. 7.1.26 The activity categories listed above are based on ISIC (Rev. 5) codes (UN, 2026a), with the exception of agrotourism. Countries may wish to apply more detailed breakdowns of ISIC activities, such as groups or classes, for national purposes (see Annex 2 for more information). Agrotourism refers to all tourism-related activities that make use of the land, buildings or other resources of the holding, including accommodation services, farm visits for tourists or other groups, and sport or recreation activities.",,
396,How are livestock classified in the WCA 2030?,189,189; 189,multi-passage,low,0.32,1.62,yes,"ANNEX 8 — CLASSIFICATION OF LIVESTOCK: Group 1: Bovine animals (Cattle, Buffaloes, Other bovine animals). Group 2: Sheep and goats. Group 3: Swine/pigs. Group 4: Equines (Horses, Asses, Mules and hinnies). Group 5: Camels and camelids. Group 6: Poultry (Chickens, Turkeys, Geese, Ducks, Guinea fowls). Group 7: Other animals (Deer, Rabbits, Fur-bearing animals, Ostriches, Other birds, Other animals). Group 8: Insects and worms (Bees, Silkworms, Other insects and worms).","ANNEX 8 CLASSIFICATION OF LIVESTOCK Group Class Descriptor Link to CPC Ver. 3.0 1 1 Bovine animals 0211 11 Cattle 02111 12 Buffaloes 02112 19 Other bovine animals 02119 2 2 Sheep and goats 02122–02123 21 Sheep 02122 22 Goats 02123 3 3 Swine/ pigs 02140 4 4 Equines 02131–02133 41 Horses 02131 42 Asses 02132 43 Mules and hinnies 02133 5 5 Camels and camelids
 [...] 
8 Insects and worms 02196, 02199* 81 Bees 02196 82 Silkworms 02199* 89 Other insects and worms 02199* NOTE: *Indicates a partial link between the Census classification and CPC codes – i.e. that many livestock categories in the census are linked to one category in CPC.",0.32,joined-passages
397,How is machinery and equipment classified in the WCA 2030?,190,191,passage-match,low,0.37,1.82,yes,"ANNEX 9 — CLASSIFICATION OF MACHINERY AND EQUIPMENT: Group 1: Manually-operated equipment. Group 2: Animal-powered equipment. Group 3: Machine-powered equipment — including: 31 Machines for general farm use; 32 Tractors, bulldozers and other vehicles; 33 Crop machinery and equipment (331 Land preparation and planting; 332 Crop maintenance; 333 Crop harvesting; 334 Post-harvest); 34 Livestock machinery and equipment; 35 Aquacultural machinery and equipment; 36 Forestry machinery and equipment; 37 Unmanned Aerial vehicle and robots.","8424.82 Other irrigation equipment 8424.41 8424.49 8424.82 333 Crop Harvesting machinery and equipment Mower for grass crops 8433.11; 8433.20 Hay rake 8433.30 Hay baler 8433.40 Forage harvester 8433.59 Forage blower 8433.59 Combine harvester 8433.51 Corn picker 8433.59 Digger, potato harvester 8433.53 CLASSIFICATION OF MACHINERY AND EQUIPMENT (Continued) Group Class Subclass Descriptor Types of machinery and equipment included HS 2022 code 3 Sugar beet harvester 8433.59 Reaper-binder 8433.59 334 Post-harvest machinery and equipment Thresher 8433.52 Grain cleaner 8437.10 Sorters and graders 8437.10 Other machinery 8437.80 34 Livestock machinery and equipment Milking machine 8434.10 Dairy machine 8434.20 Milk cooler 8419.89 Cream separator 8421.11 Incubator 8436.21 Beekeeping machine 8436.80 35 Aquacultural machinery and equipment 8902.00 36 Forestry machinery and equipment 8436.80 37 Unmanned Aerial vehicle and robots 8806.00 SOURCE: Author’s own elaboration.",,
398,Why is holding-level data important in a census of agriculture?,17,17; 17,multi-passage,low,0.65,1.24,yes,"The census of agriculture involves the collection of data at the individual holding-level. It provides fundamental data on the organizational structure of agricultural holdings, such as the number of farms and farm size, land use, land tenure, livestock. Holding-level census data collected for every holding in the target population allow statistics at the level of the lowest administrative area. This often means that data are not available at the desired administrative levels across the country. Holding-level data from the agricultural census support proper planning and implementation of sample surveys.","Holding-level data 2.28 The census of agriculture involves the collection of data at the individual holding-level. It provides fundamental data on the organizational structure of agricultural holdings, such as the number of farms and farm size, land use, land tenure, livestock numbers and the use of machinery, as well as the number of holdings with each crop and livestock species. Structural information provided by the census has a wide range of uses, which are examined in this chapter. 2.29 Holding-level census data collected for every holding in the target population allow statistics at the smallest administrative level.
 [...] 
These aspects greatly enhance the usefulness of holding-level data from the agricultural census.",0.65,joined-passages
399,What types of frames can be used for the household sector in an agricultural census?,53,53; 53,multi-passage,low,0.57,1.42,yes,"Another type of frame for the household sector of an agricultural census can be created from the population and housing census as a one-time exercise. Even a list of all households from the population and housing census can provide a useful frame for an agricultural census. Typically, a combination of frames is used for the agricultural census. Often, the household sector is enumerated based on the EA frame of the population and housing census, whereas a frame of agricultural holdings in the non-household sector is obtained from administrative sources.","5.31 Where a frame of agricultural holdings, households engaged in own-account agricultural production or rural households is not available from an existing farm register or from the population and housing census, it must be constructed as a preparatory activity of the agricultural census.
 [...] 
As population and housing censuses are usually conducted using EAs as the basic building block, it is often possible for the agricultural census to make use of the same EAs, including maps and other field materials. 5.32 Typically, a combination of frames is used for the agricultural census. Often, the household sector is enumerated based on the EA frame of the population and housing census, whereas a frame of agricultural holdings in the non-household sector is obtained from administrative sources, as explained above.",0.57,joined-passages
400,Why is it important for countries to specify the census coverage clearly?,42,42,joined-passages,high,1,1.35,no,"It should be recognized that, in an integrated agricultural statistical system, any exclusions from the agricultural census do not just affect the results of the agricultural census, but also the surveys that are conducted based on the frame provided by the agricultural census. It is very important that countries clearly specify the coverage in the presentation of agricultural census results. When certain geographic areas are excluded or certain holding types are omitted, this should be highlighted in the census dissemination products to help users interpret and analyse the results.","4.31 It should be recognized that, in an integrated agricultural statistical system, any exclusions from the agricultural census do not just affect the results of the agricultural census, but also the surveys that are conducted based on the frame provided by the agricultural census. Thus, an agricultural production survey based on an agricultural census frame will not cover the census out-of-coverage units, and agricultural production estimates from the survey will be affected accordingly. 4.32 It is very important that countries clearly specify the coverage in the presentation of agricultural census results. When certain geographic areas are excluded or certain holding types are omitted, this should be highlighted in the census dissemination products to help users interpret and analyse the results.",,
401,How does the agricultural census serve as a benchmark for current agricultural statistics?,18,18,passage-match,high,1,1.09,no,"A decennial agricultural census cannot be used as a source of current agricultural statistics because it does not provide data frequently enough. However, the agricultural census can provide a reliable benchmark for improving current crop and livestock statistics. For crops, the agricultural census usually provides the most reliable data available on the area of each crop at each administrative level for the census reference year. This is especially the case for minor crops, for which the current statistics are often lacking.","Benchmarking data for agricultural statistics 2.32 A decennial agricultural census cannot be used as a source of current agricultural statistics because it does not provide data frequently enough. However, the agricultural census can provide a reliable benchmark for improving current crop and livestock statistics. 2.33 For crops, the agricultural census usually provides the most reliable data available on the area of each crop at each administrative level for the census reference year. This is especially the case for minor crops, for which the current statistics are often lacking.",,
402,What is the role of the agricultural census for rare events and rare crops?,19,19; 19,multi-passage,low,0.62,1.06,yes,"The most common sampling frames used in agricultural surveys are lists of holdings (which may be household-based). In addition, the census, through complete enumeration, provides a frame for rare crops or livestock species. Rare events should not be confused with non-significant items, which are also rare, but are of no interest to users.","2.38 The most common sampling frames used in agricultural surveys are lists of holdings (which may be household-based), often supplemented by lists of land areas – such as enumeration areas (EAs) – and additional materials, including maps or satellite imagery.
 [...] 
In addition, the census, through complete enumeration, provides a frame for rare crops or livestock species.",0.62,joined-passages
403,What is the AGRISurvey and how does it relate to the agricultural census?,22,22,furniture-removed,high,1,1.04,no,"An important methodological development under pillar 2 was the elaboration of an Agriculture Integrated Survey (AGRISurvey) methodology for collection of relevant agricultural and rural data on a regular basis. AGRISurvey is a modular survey programme conducted on an annual basis during the inter-censal period. It consists of one core module and three rotating modules: ""Farm income, labour and productivity"", ""Production methods and environment"", and ""Machinery, equipment and assets"".","2.59 An important methodological development under pillar 2 was the elaboration of an Agriculture Integrated Survey (AGRISurvey) methodology for collection of relevant agricultural and rural data on a regular basis. AGRISurvey is a modular survey programme conducted on an annual basis during the inter-censal period. It consists of one core module and three rotating modules: “Farm income, labour and productivity”, “Production methods and environment”, and “Machinery, equipment and assets” (FAO, 2026a).",,
404,How can objective measurement improve crop area data in the agricultural census?,80,80,passage-match,high,1,1.37,no,"The most common method for collecting data on parcel and total holding areas in the census of agriculture is by holder declaration. In some countries, holders may not be able to provide reliable estimates of crop areas. To address this problem, countries with additional resources may employ alternative methods in sample surveys, such as objective measurement in which the area is measured using GPS devices, including involving remote sensing. The accuracy of crop areas could be improved if both declared areas and objective measurements could be drawn from a sample.","7.2.7 The most common method for collecting data on parcel and total holding areas in the census of agriculture is by holder declaration. In some countries, holders may not be able to provide reliable estimates of crop areas. To address this problem, countries with additional resources may employ alternative methods in sample surveys, such as objective measurement in which the area is measured using GPS devices, including involving remote sensing (see paragraphs 5.49–5.50 and 5.67–5.69). The accuracy of crop areas could be improved if both declared areas and objective measurements could be drawn from a sample, where a correction factor may be constructed based on their correlation (for more details, see Chapter 20 of the World programme for the census of agriculture 2020.",,
405,What is the MSF (Master Sampling Frame) and how does the agricultural census contribute to it?,19,19,passage-match,high,1,1.04,no,"The Global Strategy to Improve Agricultural and Rural Statistics advocates for the building of an MSF, which is a general-purpose sampling frame created from a population and housing census and/or an agricultural census, for use in selecting samples for different surveys or different rounds of a periodic survey. The frame is usually maintained by the national statistical office and is updated on an ongoing basis so that it is available for any survey carried out at any time.","2.40 The Global Strategy to Improve Agricultural and Rural Statistics advocates for the building of an MSF (FAO, 2015b), which is a general-purpose sampling frame created from a population and housing census and/or an agricultural census, for use in selecting samples for different surveys or different rounds of a periodic survey. The frame is usually maintained by the national statistical office and is updated on an ongoing basis so that it is available for any survey carried out at any time.",,
